
  Isomorphism mapping:
    0 → 8
    1 → 7
    2 → 5
    3 → 1
    4 → 6
    5 → 2
    6 → 4
    7 → 0
    8 → 3

   Switch to Tournament 108 using subset [2, 4]:
[0 0 0 0 0 0 0 1 0]
[1 0 1 0 1 1 1 0 1]
[1 0 0 1 0 1 1 0 1]
[1 1 0 0 1 0 1 0 0]
[1 0 1 0 0 1 1 0 1]
[1 0 0 1 0 0 0 0 0]
[1 0 0 0 0 1 0 0 1]
[0 1 1 1 1 1 1 0 1]
[1 0 0 1 0 1 0 0 0]
  Isomorphism mapping:
    0 → 0
    1 → 7
    2 → 5
    3 → 1
    4 → 6
    5 → 2
    6 → 4
    7 → 8
    8 → 3

   Switch to Tournament 109 using subset [1, 4, 6]:
[0 1 1 0 0 0 1 1 0]
[0 0 1 1 0 0 1 1 0]
[0 0 0 0 1 0 1 1 0]
[1 0 1 0 1 0 0 0 0]
[1 1 0 0 0 1 0 0 1]
[1 1 1 1 0 0 1 0 0]
[0 0 0 1 1 0 0 1 0]
[0 0 0 1 1 1 0 0 1]
[1 1 1 1 0 1 1 0 0]
  Isomorphism mapping:
    0 → 6
    1 → 5
    2 → 4
    3 → 1
    4 → 0
    5 → 7
    6 → 3
    7 → 2
    8 → 8

   Switch to Tournament 110 using subset [3, 4, 6, 8]:
[0 0 1 1 0 0 1 1 1]
[1 0 0 1 1 1 0 0 0]
[0 1 0 1 1 0 1 1 1]
[0 0 0 0 0 1 1 1 0]
[1 0 0 1 0 1 0 0 0]
[1 0 1 0 0 0 1 0 1]
[0 1 0 0 1 0 0 1 1]
[0 1 0 0 1 1 0 0 0]
[0 1 0 1 1 0 0 1 0]
  Isomorphism mapping:
    0 → 7
    1 → 3
    2 → 8
    3 → 1
    4 → 2
    5 → 0
    6 → 6
    7 → 4
    8 → 5

   Switch to Tournament 111 using subset [2, 5, 6]:
[0 0 0 0 1 1 1 1 0]
[1 0 1 0 0 0 0 0 1]
[1 0 0 1 1 0 0 0 1]
[1 1 0 0 0 1 0 0 0]
[0 1 0 1 0 1 1 1 0]
[0 1 1 0 0 0 0 1 1]
[0 1 1 1 0 1 0 1 0]
[0 1 1 1 0 0 0 0 1]
[1 0 0 1 1 0 1 0 0]
  Isomorphism mapping:
    0 → 0
    1 → 4
    2 → 3
    3 → 1
    4 → 7
    5 → 6
    6 → 8
    7 → 5
    8 → 2

   Switch to Tournament 112 using subset [0, 1, 4, 6]:
[0 0 0 1 1 1 0 0 1]
[1 0 1 1 0 0 1 1 0]
[1 0 0 0 1 0 1 1 0]
[0 0 1 0 1 0 0 0 0]
[0 1 0 0 0 1 0 0 1]
[0 1 1 1 0 0 1 0 0]
[1 0 0 1 1 0 0 1 0]
[1 0 0 1 1 1 0 0 1]
[0 1 1 1 0 1 1 0 0]
  Isomorphism mapping:
    0 → 2
    1 → 5
    2 → 4
    3 → 1
    4 → 0
    5 → 6
    6 → 3
    7 → 8
    8 → 7

   Switch to Tournament 113 using subset [3, 8]:
[0 0 1 1 1 0 0 1 1]
[1 0 0 1 0 1 1 0 0]
[0 1 0 1 0 0 0 1 1]
[0 0 0 0 1 1 0 1 0]
[0 1 1 0 0 0 0 1 1]
[1 0 1 0 1 0 0 0 1]
[1 0 1 1 1 1 0 0 0]
[0 1 0 0 0 1 1 0 0]
[0 1 0 1 0 0 1 1 0]
  Isomorphism mapping:
    0 → 8
    1 → 3
    2 → 6
    3 → 1
    4 → 7
    5 → 0
    6 → 2
    7 → 4
    8 → 5

   Switch to Tournament 114 using subset [0, 5, 6, 8]:
[0 1 0 1 0 0 0 0 0]
[0 0 0 0 0 0 0 0 0]
[1 1 0 0 0 1 1 1 1]
[0 1 1 0 0 1 0 0 1]
[1 1 1 1 0 1 1 1 1]
[1 1 0 0 0 0 0 1 0]
[1 1 0 1 0 1 0 1 1]
[1 1 0 1 0 0 0 0 0]
[1 1 0 0 0 1 0 1 0]
  Isomorphism mapping:
    0 → 2
    1 → 0
    2 → 7
    3 → 1
    4 → 8
    5 → 4
    6 → 6
    7 → 3
    8 → 5

   Switch to Tournament 115 using subset [2, 3, 7]:
[0 0 0 1 1 0 0 0 0]
[1 0 1 1 0 1 1 1 1]
[1 0 0 0 1 1 1 1 1]
[0 0 1 0 1 1 0 0 1]
[0 1 0 0 0 0 0 0 0]
[1 0 0 0 1 0 0 1 0]
[1 0 0 1 1 1 0 1 1]
[1 0 0 1 1 0 0 0 0]
[1 0 0 0 1 1 0 1 0]
  Isomorphism mapping:
    0 → 2
    1 → 8
    2 → 7
    3 → 1
    4 → 0
    5 → 4
    6 → 6
    7 → 3
    8 → 5

   Switch to Tournament 116 using subset [1, 7]:
[0 1 1 0 1 0 0 0 0]
[0 0 1 1 1 0 0 0 0]
[0 0 0 0 0 0 0 0 0]
[1 0 1 0 0 0 1 1 0]
[0 0 1 1 0 0 0 0 0]
[1 1 1 1 1 0 0 1 0]
[1 1 1 0 1 1 0 1 1]
[1 1 1 0 1 0 0 0 0]
[1 1 1 1 1 1 0 1 0]
  Isomorphism mapping:
    0 → 4
    1 → 3
    2 → 0
    3 → 1
    4 → 2
    5 → 6
    6 → 7
    7 → 5
    8 → 8

   Switch to Tournament 117 using subset [1, 2, 5, 7]:
[0 1 0 0 1 1 0 0 0]
[0 0 0 1 1 1 0 0 0]
[1 1 0 1 1 0 1 1 1]
[1 0 0 0 0 1 1 1 0]
[0 0 0 1 0 1 0 0 0]
[0 0 1 0 0 0 1 0 1]
[1 1 0 0 1 0 0 1 1]
[1 1 0 0 1 1 0 0 0]
[1 1 0 1 1 0 0 1 0]
  Isomorphism mapping:
    0 → 4
    1 → 3
    2 → 8
    3 → 1
    4 → 2
    5 → 0
    6 → 7
    7 → 5
    8 → 6

   Switch to Tournament 118 using subset [2, 4, 5, 6]:
[0 0 0 0 0 1 1 1 0]
[1 0 1 0 1 0 0 0 1]
[1 0 0 1 0 0 0 0 1]
[1 1 0 0 1 1 0 0 0]
[1 0 1 0 0 0 0 0 1]
[0 1 1 0 1 0 0 1 1]
[0 1 1 1 1 1 0 1 0]
[0 1 1 1 1 0 0 0 1]
[1 0 0 1 0 0 1 0 0]
  Isomorphism mapping:
    0 → 0
    1 → 5
    2 → 3
    3 → 1
    4 → 4
    5 → 7
    6 → 8
    7 → 6
    8 → 2

   Switch to Tournament 119 using subset [0, 1, 6]:
[0 0 0 1 0 1 0 0 1]
[1 0 1 1 1 0 1 1 0]
[1 0 0 0 0 0 1 1 0]
[0 0 1 0 0 0 0 0 0]
[1 0 1 1 0 0 1 1 0]
[0 1 1 1 1 0 1 0 0]
[1 0 0 1 0 0 0 1 0]
[1 0 0 1 0 1 0 0 1]
[0 1 1 1 1 1 1 0 0]
  Isomorphism mapping:
    0 → 2
    1 → 8
    2 → 5
    3 → 0
    4 → 6
    5 → 1
    6 → 4
    7 → 3
    8 → 7

   Switch to Tournament 120 using subset [6]:
[0 0 1 0 1 0 1 1 0]
[1 0 0 0 0 1 0 0 1]
[0 1 0 0 0 0 1 1 0]
[1 1 1 0 0 0 0 0 0]
[0 1 1 1 0 0 1 1 0]
[1 0 1 1 1 0 1 0 0]
[0 1 0 1 0 0 0 1 0]
[0 1 0 1 0 1 0 0 1]
[1 0 1 1 1 1 1 0 0]
  Isomorphism mapping:
    0 → 5
    1 → 0
    2 → 4
    3 → 1
    4 → 6
    5 → 7
    6 → 3
    7 → 2
    8 → 8

   Switch to Tournament 121 using subset [0, 2, 3, 4]:
[0 1 1 0 1 1 1 0 1]
[0 0 1 1 1 1 1 0 1]
[0 0 0 0 0 1 1 0 1]
[1 0 1 0 0 1 0 1 1]
[0 0 1 1 0 1 1 0 1]
[0 0 0 0 0 0 0 0 0]
[0 0 0 1 0 1 0 0 1]
[1 1 1 0 1 1 1 0 1]
[0 0 0 0 0 1 0 0 0]
  Isomorphism mapping:
    0 → 7
    1 → 6
    2 → 4
    3 → 2
    4 → 5
    5 → 0
    6 → 3
    7 → 8
    8 → 1

   Switch to Tournament 122 using subset [0, 4, 6]:
[0 1 0 1 1 1 0 0 1]
[0 0 0 0 1 1 0 0 1]
[1 1 0 0 1 0 1 1 0]
[0 1 1 0 1 0 0 0 0]
[0 0 0 0 0 1 0 0 1]
[0 0 1 1 0 0 1 0 0]
[1 1 0 1 1 0 0 1 0]
[1 1 0 1 1 1 0 0 1]
[0 0 1 1 0 1 1 0 0]
  Isomorphism mapping:
    0 → 7
    1 → 1
    2 → 3
    3 → 4
    4 → 0
    5 → 5
    6 → 2
    7 → 8
    8 → 6

   Switch to Tournament 123 using subset [1, 6]:
[0 1 1 0 1 0 1 1 0]
[0 0 1 1 1 0 1 1 0]
[0 0 0 0 0 0 1 1 0]
[1 0 1 0 0 0 0 0 0]
[0 0 1 1 0 0 1 1 0]
[1 1 1 1 1 0 1 0 0]
[0 0 0 1 0 0 0 1 0]
[0 0 0 1 0 1 0 0 1]
[1 1 1 1 1 1 1 0 0]
  Isomorphism mapping:
    0 → 6
    1 → 5
    2 → 3
    3 → 0
    4 → 4
    5 → 7
    6 → 2
    7 → 1
    8 → 8

   Switch to Tournament 124 using subset [0, 1, 2, 7]:
[0 0 1 1 0 1 1 1 1]
[1 0 0 1 1 0 0 0 0]
[0 1 0 1 1 1 1 1 1]
[0 0 0 0 0 0 1 1 0]
[1 0 0 1 0 0 0 0 0]
[0 1 0 1 1 0 0 1 0]
[0 1 0 0 1 1 0 1 1]
[0 1 0 0 1 0 0 0 0]
[0 1 0 1 1 1 0 1 0]
  Isomorphism mapping:
    0 → 7
    1 → 2
    2 → 8
    3 → 0
    4 → 1
    5 → 4
    6 → 6
    7 → 3
    8 → 5

   Switch to Tournament 125 using subset [0, 2, 5, 6]:
[0 1 1 1 0 0 0 0 1]
[0 0 1 0 0 0 0 0 1]
[0 0 0 1 1 0 0 0 1]
[0 1 0 0 0 1 0 0 0]
[1 1 0 1 0 1 1 1 0]
[1 1 1 0 0 0 0 1 1]
[1 1 1 1 0 1 0 1 0]
[1 1 1 1 0 0 0 0 1]
[0 0 0 1 1 0 1 0 0]
  Isomorphism mapping:
    0 → 4
    1 → 3
    2 → 2
    3 → 0
    4 → 7
    5 → 6
    6 → 8
    7 → 5
    8 → 1

   Switch to Tournament 126 using subset [2, 4, 6, 7]:
[0 0 0 0 0 0 1 0 0]
[1 0 1 0 1 1 0 1 1]
[1 0 0 1 0 1 0 1 1]
[1 1 0 0 1 0 0 1 0]
[1 0 1 0 0 1 0 1 1]
[1 0 0 1 0 0 1 1 0]
[0 1 1 1 1 0 0 0 0]
[1 0 0 0 0 0 1 0 0]
[1 0 0 1 0 1 1 1 0]
  Isomorphism mapping:
    0 → 1
    1 → 8
    2 → 6
    3 → 3
    4 → 7
    5 → 4
    6 → 0
    7 → 2
    8 → 5

   Switch to Tournament 127 using subset [3, 5, 8]:
[0 0 1 1 1 1 0 1 1]
[1 0 0 1 0 0 1 0 0]
[0 1 0 1 0 1 0 1 1]
[0 0 0 0 1 0 0 1 0]
[0 1 1 0 0 1 0 1 1]
[0 1 0 1 0 0 1 1 0]
[1 0 1 1 1 0 0 0 0]
[0 1 0 0 0 0 1 0 0]
[0 1 0 1 0 1 1 1 0]
  Isomorphism mapping:
    0 → 8
    1 → 2
    2 → 6
    3 → 0
    4 → 7
    5 → 4
    6 → 1
    7 → 3
    8 → 5

   Switch to Tournament 128 using subset [1, 3, 7]:
[0 1 1 1 1 0 0 0 0]
[0 0 1 0 1 0 0 0 0]
[0 0 0 1 0 0 0 0 0]
[0 1 0 0 1 1 0 0 1]
[0 0 1 0 0 0 0 0 0]
[1 1 1 0 1 0 0 1 0]
[1 1 1 1 1 1 0 1 1]
[1 1 1 1 1 0 0 0 0]
[1 1 1 0 1 1 0 1 0]
  Isomorphism mapping:
    0 → 4
    1 → 2
    2 → 0
    3 → 3
    4 → 1
    5 → 6
    6 → 8
    7 → 5
    8 → 7

   Switch to Tournament 129 using subset [1, 2, 4, 7]:
[0 1 0 0 0 0 0 0 0]
[0 0 0 1 0 0 0 0 0]
[1 1 0 1 0 1 1 1 1]
[1 0 0 0 1 0 1 1 0]
[1 1 1 0 0 1 1 1 1]
[1 1 0 1 0 0 0 1 0]
[1 1 0 0 0 1 0 1 1]
[1 1 0 0 0 0 0 0 0]
[1 1 0 1 0 1 0 1 0]
  Isomorphism mapping:
    0 → 1
    1 → 0
    2 → 8
    3 → 3
    4 → 7
    5 → 4
    6 → 6
    7 → 2
    8 → 5

   Switch to Tournament 130 using subset [2, 7]:
[0 0 0 0 1 0 0 0 0]
[1 0 1 0 0 1 1 1 1]
[1 0 0 1 1 1 1 1 1]
[1 1 0 0 0 0 1 1 0]
[0 1 0 1 0 0 0 0 0]
[1 0 0 1 1 0 0 1 0]
[1 0 0 0 1 1 0 1 1]
[1 0 0 0 1 0 0 0 0]
[1 0 0 1 1 1 0 1 0]
  Isomorphism mapping:
    0 → 1
    1 → 7
    2 → 8
    3 → 3
    4 → 0
    5 → 4
    6 → 6
    7 → 2
    8 → 5

   Switch to Tournament 131 using subset [0, 4, 5, 6]:
[0 1 0 1 1 0 0 0 1]
[0 0 0 0 1 0 0 0 1]
[1 1 0 0 1 1 1 1 0]
[0 1 1 0 1 1 0 0 0]
[0 0 0 0 0 0 0 0 1]
[1 1 0 0 1 0 0 1 1]
[1 1 0 1 1 1 0 1 0]
[1 1 0 1 1 0 0 0 1]
[0 0 1 1 0 0 1 0 0]
  Isomorphism mapping:
    0 → 4
    1 → 2
    2 → 7
    3 → 3
    4 → 1
    5 → 6
    6 → 8
    7 → 5
    8 → 0

   Switch to Tournament 132 using subset [0, 2, 4]:
[0 1 1 1 1 1 1 0 1]
[0 0 1 0 1 1 1 0 1]
[0 0 0 1 0 1 1 0 1]
[0 1 0 0 1 0 1 0 0]
[0 0 1 0 0 1 1 0 1]
[0 0 0 1 0 0 0 0 0]
[0 0 0 0 0 1 0 0 1]
[1 1 1 1 1 1 1 0 1]
[0 0 0 1 0 1 0 0 0]
  Isomorphism mapping:
    0 → 7
    1 → 6
    2 → 4
    3 → 0
    4 → 5
    5 → 1
    6 → 3
    7 → 8
    8 → 2

   Switch to Tournament 133 using subset [0, 3, 4]:
[0 1 0 0 1 1 1 0 1]
[0 0 0 1 1 1 1 0 1]
[1 1 0 1 1 0 0 1 0]
[1 0 0 0 0 1 0 1 1]
[0 0 0 1 0 1 1 0 1]
[0 0 1 0 0 0 0 0 0]
[0 0 1 1 0 1 0 0 1]
[1 1 0 0 1 1 1 0 1]
[0 0 1 0 0 1 0 0 0]
  Isomorphism mapping:
    0 → 7
    1 → 6
    2 → 0
    3 → 3
    4 → 5
    5 → 1
    6 → 4
    7 → 8
    8 → 2

   Switch to Tournament 134 using subset [1, 5, 7, 8]:
[0 1 1 0 1 1 0 0 1]
[0 0 1 1 1 1 0 0 1]
[0 0 0 0 0 1 0 0 1]
[1 0 1 0 0 1 1 1 1]
[0 0 1 1 0 1 0 0 1]
[0 0 0 0 0 0 1 0 0]
[1 1 1 0 1 0 0 1 0]
[1 1 1 0 1 1 0 0 1]
[0 0 0 0 0 1 1 0 0]
  Isomorphism mapping:
    0 → 7
    1 → 6
    2 → 3
    3 → 4
    4 → 5
    5 → 1
    6 → 0
    7 → 8
    8 → 2

   Switch to Tournament 135 using subset [3, 6, 7, 8]:
[0 0 1 1 1 0 1 0 1]
[1 0 0 1 0 1 0 1 0]
[0 1 0 1 0 0 1 0 1]
[0 0 0 0 1 1 1 0 0]
[0 1 1 0 0 0 1 0 1]
[1 0 1 0 1 0 1 1 1]
[0 1 0 0 0 0 0 0 1]
[1 0 1 1 1 0 1 0 1]
[0 1 0 1 0 0 0 0 0]
  Isomorphism mapping:
    0 → 6
    1 → 1
    2 → 4
    3 → 0
    4 → 5
    5 → 7
    6 → 3
    7 → 8
    8 → 2

   Switch to Tournament 136 using subset [0, 1, 6, 8]:
[0 0 0 1 0 1 0 0 0]
[1 0 1 1 1 0 1 1 1]
[1 0 0 0 0 0 1 1 1]
[0 0 1 0 0 0 0 0 1]
[1 0 1 1 0 0 1 1 1]
[0 1 1 1 1 0 1 0 1]
[1 0 0 1 0 0 0 1 1]
[1 0 0 1 0 1 0 0 0]
[1 0 0 0 0 0 0 1 0]
  Isomorphism mapping:
    0 → 1
    1 → 8
    2 → 5
    3 → 0
    4 → 7
    5 → 6
    6 → 4
    7 → 2
    8 → 3

   Switch to Tournament 137 using subset [1, 2, 6, 8]:
[0 1 0 0 1 0 1 1 1]
[0 0 0 1 1 0 1 1 1]
[1 1 0 1 1 1 0 0 0]
[1 0 0 0 0 0 0 0 1]
[0 0 0 1 0 0 1 1 1]
[1 1 0 1 1 0 1 0 1]
[0 0 1 1 0 0 0 1 1]
[0 0 1 1 0 1 0 0 0]
[0 0 1 0 0 0 0 1 0]
  Isomorphism mapping:
    0 → 7
    1 → 6
    2 → 1
    3 → 0
    4 → 5
    5 → 8
    6 → 4
    7 → 2
    8 → 3

   Switch to Tournament 138 using subset [1, 5, 6, 8]:
[0 1 1 0 1 1 1 1 1]
[0 0 1 1 1 1 1 1 1]
[0 0 0 0 0 1 1 1 1]
[1 0 1 0 0 1 0 0 1]
[0 0 1 1 0 1 1 1 1]
[0 0 0 0 0 0 0 1 0]
[0 0 0 1 0 1 0 1 1]
[0 0 0 1 0 0 0 0 0]
[0 0 0 0 0 1 0 1 0]
  Isomorphism mapping:
    0 → 7
    1 → 8
    2 → 5
    3 → 3
    4 → 6
    5 → 1
    6 → 4
    7 → 0
    8 → 2

   Switch to Tournament 139 using subset [2, 4, 7, 8]:
[0 0 0 0 0 0 0 0 1]
[1 0 1 0 1 1 1 1 0]
[1 0 0 1 0 1 1 1 0]
[1 1 0 0 1 0 1 1 1]
[1 0 1 0 0 1 1 1 0]
[1 0 0 1 0 0 0 1 1]
[1 0 0 0 0 1 0 1 0]
[1 0 0 0 0 0 0 0 1]
[0 1 1 0 1 0 1 0 0]
  Isomorphism mapping:
    0 → 1
    1 → 8
    2 → 6
    3 → 4
    4 → 7
    5 → 5
    6 → 3
    7 → 2
    8 → 0

   Switch to Tournament 140 using subset [0, 3, 6, 7]:
[0 1 0 0 0 1 0 1 1]
[0 0 0 1 0 1 0 1 1]
[1 1 0 1 0 0 1 0 0]
[1 0 0 0 1 1 1 0 1]
[1 1 1 0 0 0 1 0 0]
[0 0 1 0 1 0 1 1 0]
[1 1 0 0 0 0 0 0 0]
[0 0 1 1 1 0 1 0 0]
[0 0 1 0 1 1 1 1 0]
  Isomorphism mapping:
    0 → 1
    1 → 0
    2 → 4
    3 → 3
    4 → 5
    5 → 7
    6 → 2
    7 → 6
    8 → 8

   Switch to Tournament 141 using subset [1, 5]:
[0 1 1 0 1 1 0 1 0]
[0 0 1 1 1 1 0 1 0]
[0 0 0 0 0 1 0 1 0]
[1 0 1 0 0 1 1 0 0]
[0 0 1 1 0 1 0 1 0]
[0 0 0 0 0 0 1 1 1]
[1 1 1 0 1 0 0 0 1]
[0 0 0 1 0 0 1 0 1]
[1 1 1 1 1 0 0 0 0]
  Isomorphism mapping:
    0 → 5
    1 → 8
    2 → 2
    3 → 3
    4 → 4
    5 → 1
    6 → 7
    7 → 0
    8 → 6

   Switch to Tournament 142 using subset [1, 2, 7]:
[0 1 0 0 1 0 0 0 0]
[0 0 0 1 1 0 0 0 0]
[1 1 0 1 1 1 1 1 1]
[1 0 0 0 0 0 1 1 0]
[0 0 0 1 0 0 0 0 0]
[1 1 0 1 1 0 0 1 0]
[1 1 0 0 1 1 0 1 1]
[1 1 0 0 1 0 0 0 0]
[1 1 0 1 1 1 0 1 0]
  Isomorphism mapping:
    0 → 3
    1 → 2
    2 → 8
    3 → 0
    4 → 1
    5 → 5
    6 → 7
    7 → 4
    8 → 6

   Switch to Tournament 143 using subset [1, 3, 7, 8]:
[0 1 1 1 1 0 0 0 1]
[0 0 1 0 1 0 0 0 1]
[0 0 0 1 0 0 0 0 1]
[0 1 0 0 1 1 0 0 0]
[0 0 1 0 0 0 0 0 1]
[1 1 1 0 1 0 0 1 1]
[1 1 1 1 1 1 0 1 0]
[1 1 1 1 1 0 0 0 1]
[0 0 0 1 0 0 1 0 0]
  Isomorphism mapping:
    0 → 5
    1 → 4
    2 → 2
    3 → 0
    4 → 3
    5 → 7
    6 → 8
    7 → 6
    8 → 1

   Switch to Tournament 144 using subset [2, 3, 4, 7]:
[0 0 0 1 0 0 0 0 0]
[1 0 1 1 1 1 1 1 1]
[1 0 0 0 0 1 1 1 1]
[0 0 1 0 0 1 0 0 1]
[1 0 1 1 0 1 1 1 1]
[1 0 0 0 0 0 0 1 0]
[1 0 0 1 0 1 0 1 1]
[1 0 0 1 0 0 0 0 0]
[1 0 0 0 0 1 0 1 0]
  Isomorphism mapping:
    0 → 1
    1 → 8
    2 → 6
    3 → 0
    4 → 7
    5 → 3
    6 → 5
    7 → 2
    8 → 4

   Switch to Tournament 145 using subset [0, 3, 4, 7]:
[0 1 0 0 1 1 1 1 1]
[0 0 0 1 1 1 1 1 1]
[1 1 0 1 1 0 0 0 0]
[1 0 0 0 0 1 0 0 1]
[0 0 0 1 0 1 1 1 1]
[0 0 1 0 0 0 0 1 0]
[0 0 1 1 0 1 0 1 1]
[0 0 1 1 0 0 0 0 0]
[0 0 1 0 0 1 0 1 0]
  Isomorphism mapping:
    0 → 7
    1 → 8
    2 → 1
    3 → 0
    4 → 6
    5 → 3
    6 → 5
    7 → 2
    8 → 4

   Switch to Tournament 146 using subset [0, 3, 5, 8]:
[0 1 0 0 0 0 1 0 0]
[0 0 0 1 0 0 1 0 0]
[1 1 0 1 0 1 0 1 1]
[1 0 0 0 1 0 0 1 0]
[1 1 1 0 0 1 0 1 1]
[1 1 0 1 0 0 1 1 0]
[0 0 1 1 1 0 0 0 0]
[1 1 0 0 0 0 1 0 0]
[1 1 0 1 0 1 1 1 0]
  Isomorphism mapping:
    0 → 3
    1 → 2
    2 → 6
    3 → 0
    4 → 7
    5 → 5
    6 → 1
    7 → 4
    8 → 8

   Switch to Tournament 147 using subset [0, 1, 3, 6]:
[0 0 0 0 0 1 0 0 1]
[1 0 1 0 1 0 1 1 0]
[1 0 0 1 0 0 1 1 0]
[1 1 0 0 1 1 1 1 1]
[1 0 1 0 0 0 1 1 0]
[0 1 1 0 1 0 1 0 0]
[1 0 0 0 0 0 0 1 0]
[1 0 0 0 0 1 0 0 1]
[0 1 1 0 1 1 1 0 0]
  Isomorphism mapping:
    0 → 1
    1 → 6
    2 → 4
    3 → 8
    4 → 5
    5 → 0
    6 → 3
    7 → 2
    8 → 7

   Switch to Tournament 148 using subset [0, 1, 2, 3]:
[0 0 1 0 0 1 1 0 1]
[1 0 0 0 1 0 0 1 0]
[0 1 0 0 1 1 1 0 1]
[1 1 1 0 1 1 0 1 1]
[1 0 0 0 0 0 0 1 0]
[0 1 0 0 1 0 0 0 0]
[0 1 0 1 1 1 0 0 1]
[1 0 1 0 0 1 1 0 1]
[0 1 0 0 1 1 0 0 0]
  Isomorphism mapping:
    0 → 0
    1 → 2
    2 → 6
    3 → 8
    4 → 1
    5 → 3
    6 → 5
    7 → 7
    8 → 4

   Switch to Tournament 149 using subset [1, 3, 5, 6]:
[0 1 1 1 1 1 1 1 0]
[0 0 1 0 1 1 1 1 0]
[0 0 0 1 0 1 1 1 0]
[0 1 0 0 1 0 1 1 1]
[0 0 1 0 0 1 1 1 0]
[0 0 0 1 0 0 0 1 1]
[0 0 0 0 0 1 0 1 0]
[0 0 0 0 0 0 0 0 1]
[1 1 1 0 1 0 1 0 0]
  Isomorphism mapping:
    0 → 8
    1 → 6
    2 → 4
    3 → 7
    4 → 5
    5 → 2
    6 → 3
    7 → 1
    8 → 0

   Switch to Tournament 150 using subset [2, 4, 8]:
[0 0 0 0 0 0 0 1 1]
[1 0 1 0 1 1 1 0 0]
[1 0 0 1 0 1 1 0 0]
[1 1 0 0 1 0 1 0 1]
[1 0 1 0 0 1 1 0 0]
[1 0 0 1 0 0 0 0 1]
[1 0 0 0 0 1 0 0 0]
[0 1 1 1 1 1 1 0 0]
[0 1 1 0 1 0 1 1 0]
  Isomorphism mapping:
    0 → 1
    1 → 6
    2 → 4
    3 → 7
    4 → 5
    5 → 2
    6 → 3
    7 → 8
    8 → 0

   Switch to Tournament 151 using subset [0, 3, 4, 6]:
[0 1 0 0 1 1 0 0 1]
[0 0 0 1 1 1 0 0 1]
[1 1 0 1 1 0 1 1 0]
[1 0 0 0 0 1 1 1 1]
[0 0 0 1 0 1 0 0 1]
[0 0 1 0 0 0 1 0 0]
[1 1 0 0 1 0 0 1 0]
[1 1 0 0 1 1 0 0 1]
[0 0 1 0 0 1 1 0 0]
  Isomorphism mapping:
    0 → 5
    1 → 4
    2 → 8
    3 → 7
    4 → 3
    5 → 1
    6 → 0
    7 → 6
    8 → 2

   Switch to Tournament 152 using subset [3, 4, 5, 7]:
[0 0 1 1 0 1 0 0 0]
[1 0 0 1 1 0 1 1 1]
[0 1 0 1 1 1 0 0 0]
[0 0 0 0 0 0 0 0 1]
[1 0 0 1 0 0 1 1 1]
[0 1 0 1 1 0 1 0 1]
[1 0 1 1 0 0 0 1 1]
[1 0 1 1 0 1 0 0 0]
[1 0 1 0 0 0 0 1 0]
  Isomorphism mapping:
    0 → 4
    1 → 8
    2 → 3
    3 → 1
    4 → 7
    5 → 2
    6 → 6
    7 → 5
    8 → 0

   Switch to Tournament 153 using subset [3, 4, 5, 8]:
[0 0 1 1 0 1 0 1 1]
[1 0 0 1 1 0 1 0 0]
[0 1 0 1 1 1 0 1 1]
[0 0 0 0 0 0 0 1 0]
[1 0 0 1 0 0 1 0 0]
[0 1 0 1 1 0 1 1 0]
[1 0 1 1 0 0 0 0 0]
[0 1 0 0 1 0 1 0 0]
[0 1 0 1 1 1 1 1 0]
  Isomorphism mapping:
    0 → 2
    1 → 5
    2 → 7
    3 → 1
    4 → 4
    5 → 6
    6 → 3
    7 → 0
    8 → 8

   Switch to Tournament 154 using subset [4, 5, 6, 8]:
[0 0 1 0 0 1 1 1 1]
[1 0 0 0 1 0 0 0 0]
[0 1 0 0 1 1 1 1 1]
[1 1 1 0 1 1 0 0 1]
[1 0 0 0 0 0 0 0 0]
[0 1 0 0 1 0 0 1 0]
[0 1 0 1 1 1 0 1 1]
[0 1 0 1 1 0 0 0 0]
[0 1 0 0 1 1 0 1 0]
  Isomorphism mapping:
    0 → 0
    1 → 2
    2 → 8
    3 → 6
    4 → 1
    5 → 4
    6 → 7
    7 → 3
    8 → 5

   Switch to Tournament 155 using subset [0, 3, 6]:
[0 1 0 0 0 1 0 0 1]
[0 0 0 1 0 1 0 0 1]
[1 1 0 1 0 0 1 1 0]
[1 0 0 0 1 1 1 1 1]
[1 1 1 0 0 0 1 1 0]
[0 0 1 0 1 0 1 0 0]
[1 1 0 0 0 0 0 1 0]
[1 1 0 0 0 1 0 0 1]
[0 0 1 0 1 1 1 0 0]
  Isomorphism mapping:
    0 → 4
    1 → 3
    2 → 6
    3 → 8
    4 → 7
    5 → 1
    6 → 0
    7 → 5
    8 → 2

   Switch to Tournament 156 using subset [0, 1, 3]:
[0 0 0 0 0 1 1 0 1]
[1 0 1 0 1 0 0 1 0]
[1 0 0 1 0 0 0 1 0]
[1 1 0 0 1 1 0 1 1]
[1 0 1 0 0 0 0 1 0]
[0 1 1 0 1 0 0 0 0]
[0 1 1 1 1 1 0 0 1]
[1 0 0 0 0 1 1 0 1]
[0 1 1 0 1 1 0 0 0]
  Isomorphism mapping:
    0 → 1
    1 → 5
    2 → 3
    3 → 8
    4 → 4
    5 → 0
    6 → 7
    7 → 2
    8 → 6

   Switch to Tournament 157 using subset [4, 6, 7, 8]:
[0 0 1 0 0 0 1 0 1]
[1 0 0 0 1 1 0 1 0]
[0 1 0 0 1 0 1 0 1]
[1 1 1 0 1 0 0 1 1]
[1 0 0 0 0 1 0 1 0]
[1 0 1 1 0 0 1 1 1]
[0 1 0 1 1 0 0 0 1]
[1 0 1 0 0 0 1 0 1]
[0 1 0 0 1 0 0 0 0]
  Isomorphism mapping:
    0 → 0
    1 → 2
    2 → 5
    3 → 8
    4 → 1
    5 → 7
    6 → 4
    7 → 6
    8 → 3

   Switch to Tournament 158 using subset [0, 3]:
[0 1 0 0 0 1 1 0 1]
[0 0 0 1 0 1 1 0 1]
[1 1 0 1 0 0 0 1 0]
[1 0 0 0 1 1 0 1 1]
[1 1 1 0 0 0 0 1 0]
[0 0 1 0 1 0 0 0 0]
[0 0 1 1 1 1 0 0 1]
[1 1 0 0 0 1 1 0 1]
[0 0 1 0 1 1 0 0 0]
  Isomorphism mapping:
    0 → 6
    1 → 0
    2 → 1
    3 → 8
    4 → 2
    5 → 3
    6 → 5
    7 → 7
    8 → 4

   Switch to Tournament 159 using subset [1, 2, 3, 5]:
[0 1 0 1 1 1 0 1 0]
[0 0 0 0 1 1 0 1 0]
[1 1 0 0 1 0 1 0 1]
[0 1 1 0 1 0 0 1 1]
[0 0 0 0 0 1 0 1 0]
[0 0 1 1 0 0 1 1 1]
[1 1 0 1 1 0 0 0 1]
[0 0 1 0 0 0 1 0 1]
[1 1 0 0 1 0 0 0 0]
  Isomorphism mapping:
    0 → 5
    1 → 4
    2 → 7
    3 → 8
    4 → 3
    5 → 2
    6 → 6
    7 → 1
    8 → 0

   Switch to Tournament 160 using subset [0, 3, 7]:
[0 1 0 0 0 1 1 1 1]
[0 0 0 1 0 1 1 1 1]
[1 1 0 1 0 0 0 0 0]
[1 0 0 0 1 1 0 0 1]
[1 1 1 0 0 0 0 0 0]
[0 0 1 0 1 0 0 1 0]
[0 0 1 1 1 1 0 1 1]
[0 0 1 1 1 0 0 0 0]
[0 0 1 0 1 1 0 1 0]
  Isomorphism mapping:
    0 → 6
    1 → 0
    2 → 1
    3 → 7
    4 → 2
    5 → 4
    6 → 8
    7 → 3
    8 → 5

   Switch to Tournament 161 using subset [1, 2, 4, 5]:
[0 1 0 0 0 1 0 1 0]
[0 0 0 1 0 1 0 1 0]
[1 1 0 1 0 0 1 0 1]
[1 0 0 0 1 1 1 0 0]
[1 1 1 0 0 0 1 0 1]
[0 0 1 0 1 0 1 1 1]
[1 1 0 0 0 0 0 0 1]
[0 0 1 1 1 0 1 0 1]
[1 1 0 1 0 0 0 0 0]
  Isomorphism mapping:
    0 → 2
    1 → 1
    2 → 8
    3 → 7
    4 → 5
    5 → 6
    6 → 4
    7 → 0
    8 → 3

   Switch to Tournament 162 using subset [4, 5, 7, 8]:
[0 0 1 0 0 1 0 0 1]
[1 0 0 0 1 0 1 1 0]
[0 1 0 0 1 1 0 0 1]
[1 1 1 0 1 1 1 1 1]
[1 0 0 0 0 0 1 1 0]
[0 1 0 0 1 0 1 0 0]
[1 0 1 0 0 0 0 1 0]
[1 0 1 0 0 1 0 0 1]
[0 1 0 0 1 1 1 0 0]
  Isomorphism mapping:
    0 → 1
    1 → 5
    2 → 7
    3 → 8
    4 → 4
    5 → 0
    6 → 3
    7 → 2
    8 → 6

   Switch to Tournament 163 using subset [2, 5, 7, 8]:
[0 0 0 0 1 1 0 0 1]
[1 0 1 0 0 0 1 1 0]
[1 0 0 1 1 0 1 1 0]
[1 1 0 0 0 1 1 1 1]
[0 1 0 1 0 1 0 0 1]
[0 1 1 0 0 0 1 0 0]
[1 0 0 0 1 0 0 1 0]
[1 0 0 0 1 1 0 0 1]
[0 1 1 0 0 1 1 0 0]
  Isomorphism mapping:
    0 → 4
    1 → 7
    2 → 6
    3 → 8
    4 → 3
    5 → 1
    6 → 0
    7 → 5
    8 → 2

   Switch to Tournament 164 using subset [4, 5, 6, 7]:
[0 0 1 0 0 1 1 0 0]
[1 0 0 0 1 0 0 1 1]
[0 1 0 0 1 1 1 0 0]
[1 1 1 0 1 1 0 1 0]
[1 0 0 0 0 0 0 1 1]
[0 1 0 0 1 0 0 0 1]
[0 1 0 1 1 1 0 0 0]
[1 0 1 0 0 1 1 0 0]
[1 0 1 1 0 0 1 1 0]
  Isomorphism mapping:
    0 → 0
    1 → 2
    2 → 5
    3 → 8
    4 → 1
    5 → 3
    6 → 4
    7 → 6
    8 → 7

   Switch to Tournament 165 using subset [1, 4, 5]:
[0 1 1 0 0 1 0 1 0]
[0 0 1 1 0 1 0 1 0]
[0 0 0 0 1 1 0 1 0]
[1 0 1 0 1 1 1 0 0]
[1 1 0 0 0 0 1 0 1]
[0 0 0 0 1 0 1 1 1]
[1 1 1 0 0 0 0 0 1]
[0 0 0 1 1 0 1 0 1]
[1 1 1 1 0 0 0 0 0]
  Isomorphism mapping:
    0 → 5
    1 → 4
    2 → 3
    3 → 8
    4 → 7
    5 → 2
    6 → 6
    7 → 1
    8 → 0

   Switch to Tournament 166 using subset [5]:
[0 0 1 0 1 1 0 1 0]
[1 0 0 0 0 0 1 0 1]
[0 1 0 0 0 1 0 1 0]
[1 1 1 0 0 1 1 0 0]
[0 1 1 1 0 1 0 1 0]
[0 1 0 0 0 0 1 1 1]
[1 0 1 0 1 0 0 0 1]
[0 1 0 1 0 0 1 0 1]
[1 0 1 1 1 0 0 0 0]
  Isomorphism mapping:
    0 → 7
    1 → 3
    2 → 0
    3 → 8
    4 → 6
    5 → 5
    6 → 2
    7 → 4
    8 → 1

   Switch to Tournament 167 using subset [0, 5, 7]:
[0 1 0 1 0 0 1 1 1]
[0 0 0 0 0 0 1 1 1]
[1 1 0 0 0 1 0 0 0]
[0 1 1 0 0 1 1 1 0]
[1 1 1 1 0 1 0 0 0]
[1 1 0 0 0 0 1 0 1]
[0 0 1 0 1 0 0 1 1]
[0 0 1 0 1 1 0 0 0]
[0 0 1 1 1 0 0 1 0]
  Isomorphism mapping:
    0 → 6
    1 → 0
    2 → 1
    3 → 8
    4 → 2
    5 → 7
    6 → 5
    7 → 3
    8 → 4

   Switch to Tournament 168 using subset [0, 7, 8]:
[0 1 0 1 0 1 1 1 0]
[0 0 0 0 0 1 1 1 0]
[1 1 0 0 0 0 0 0 1]
[0 1 1 0 0 0 1 1 1]
[1 1 1 1 0 0 0 0 1]
[0 0 1 1 1 0 0 1 1]
[0 0 1 0 1 1 0 1 0]
[0 0 1 0 1 0 0 0 1]
[1 1 0 0 0 0 1 0 0]
  Isomorphism mapping:
    0 → 2
    1 → 1
    2 → 4
    3 → 8
    4 → 5
    5 → 6
    6 → 7
    7 → 0
    8 → 3

   Switch to Tournament 169 using subset [1, 4, 6, 7]:
[0 1 1 0 0 0 1 0 0]
[0 0 1 1 0 0 1 0 0]
[0 0 0 0 1 0 1 0 0]
[1 0 1 0 1 0 0 1 0]
[1 1 0 0 0 1 0 1 1]
[1 1 1 1 0 0 1 1 0]
[0 0 0 1 1 0 0 0 0]
[1 1 1 0 0 0 1 0 0]
[1 1 1 1 0 1 1 1 0]
  Isomorphism mapping:
    0 → 4
    1 → 3
    2 → 2
    3 → 6
    4 → 0
    5 → 7
    6 → 1
    7 → 5
    8 → 8

   Switch to Tournament 170 using subset [2, 5, 6, 8]:
[0 0 0 0 1 1 1 1 1]
[1 0 1 0 0 0 0 0 0]
[1 0 0 1 1 0 0 0 0]
[1 1 0 0 0 1 0 0 1]
[0 1 0 1 0 1 1 1 1]
[0 1 1 0 0 0 0 1 0]
[0 1 1 1 0 1 0 1 1]
[0 1 1 1 0 0 0 0 0]
[0 1 1 0 0 1 0 1 0]
  Isomorphism mapping:
    0 → 0
    1 → 2
    2 → 1
    3 → 6
    4 → 7
    5 → 4
    6 → 8
    7 → 3
    8 → 5

   Switch to Tournament 171 using subset [3, 4, 8]:
[0 0 1 1 0 0 0 1 1]
[1 0 0 1 1 1 1 0 0]
[0 1 0 1 1 0 0 1 1]
[0 0 0 0 0 1 0 1 0]
[1 0 0 1 0 1 1 0 0]
[1 0 1 0 0 0 0 0 1]
[1 0 1 1 0 1 0 0 0]
[0 1 0 0 1 1 1 0 0]
[0 1 0 1 1 0 1 1 0]
  Isomorphism mapping:
    0 → 5
    1 → 8
    2 → 4
    3 → 2
    4 → 7
    5 → 0
    6 → 6
    7 → 1
    8 → 3

   Switch to Tournament 172 using subset [2, 6]:
[0 0 0 0 1 0 1 1 0]
[1 0 1 0 0 1 0 0 1]
[1 0 0 1 1 1 0 0 1]
[1 1 0 0 0 0 0 0 0]
[0 1 0 1 0 0 1 1 0]
[1 0 0 1 1 0 1 0 0]
[0 1 1 1 0 0 0 1 0]
[0 1 1 1 0 1 0 0 1]
[1 0 0 1 1 1 1 0 0]
  Isomorphism mapping:
    0 → 0
    1 → 1
    2 → 7
    3 → 2
    4 → 5
    5 → 6
    6 → 4
    7 → 3
    8 → 8

   Switch to Tournament 173 using subset [2, 4, 6, 8]:
[0 0 0 0 0 0 1 1 1]
[1 0 1 0 1 1 0 0 0]
[1 0 0 1 0 1 0 0 0]
[1 1 0 0 1 0 0 0 1]
[1 0 1 0 0 1 0 0 0]
[1 0 0 1 0 0 1 0 1]
[0 1 1 1 1 0 0 1 1]
[0 1 1 1 1 1 0 0 0]
[0 1 1 0 1 0 0 1 0]
  Isomorphism mapping:
    0 → 1
    1 → 5
    2 → 3
    3 → 6
    4 → 4
    5 → 2
    6 → 8
    7 → 7
    8 → 0

   Switch to Tournament 174 using subset [1, 3, 5]:
[0 1 1 1 1 1 0 1 0]
[0 0 1 0 1 1 0 1 0]
[0 0 0 1 0 1 0 1 0]
[0 1 0 0 1 0 0 1 1]
[0 0 1 0 0 1 0 1 0]
[0 0 0 1 0 0 1 1 1]
[1 1 1 1 1 0 0 0 1]
[0 0 0 0 0 0 1 0 1]
[1 1 1 0 1 0 0 0 0]
  Isomorphism mapping:
    0 → 8
    1 → 5
    2 → 3
    3 → 6
    4 → 4
    5 → 2
    6 → 7
    7 → 1
    8 → 0

   Switch to Tournament 175 using subset [0, 4, 5]:
[0 1 0 1 1 0 1 0 1]
[0 0 0 0 1 0 1 0 1]
[1 1 0 0 1 1 0 1 0]
[0 1 1 0 1 1 1 0 0]
[0 0 0 0 0 0 1 0 1]
[1 1 0 0 1 0 1 1 1]
[0 0 1 0 0 0 0 0 1]
[1 1 0 1 1 0 1 0 1]
[0 0 1 1 0 0 0 0 0]
  Isomorphism mapping:
    0 → 6
    1 → 4
    2 → 0
    3 → 5
    4 → 3
    5 → 7
    6 → 2
    7 → 8
    8 → 1

   Switch to Tournament 176 using subset [0, 2, 6, 7]:
[0 1 1 1 0 1 0 1 1]
[0 0 1 0 0 1 0 1 1]
[0 0 0 1 1 1 0 1 1]
[0 1 0 0 0 0 0 1 0]
[1 1 0 1 0 0 1 0 0]
[0 0 0 1 1 0 1 1 0]
[1 1 1 1 0 0 0 0 0]
[0 0 0 0 1 0 1 0 0]
[0 0 0 1 1 1 1 1 0]
  Isomorphism mapping:
    0 → 8
    1 → 1
    2 → 7
    3 → 2
    4 → 4
    5 → 5
    6 → 3
    7 → 0
    8 → 6

   Switch to Tournament 177 using subset [3, 5, 6, 7]:
[0 0 1 1 1 1 1 0 0]
[1 0 0 1 0 0 0 1 1]
[0 1 0 1 0 1 1 0 0]
[0 0 0 0 1 0 1 0 1]
[0 1 1 0 0 1 1 0 0]
[0 1 0 1 0 0 0 0 1]
[0 1 0 0 0 1 0 0 0]
[1 0 1 1 1 1 1 0 0]
[1 0 1 0 1 0 1 1 0]
  Isomorphism mapping:
    0 → 7
    1 → 3
    2 → 5
    3 → 2
    4 → 6
    5 → 4
    6 → 0
    7 → 8
    8 → 1

   Switch to Tournament 178 using subset [3, 4, 5]:
[0 0 1 1 0 1 0 1 0]
[1 0 0 1 1 0 1 0 1]
[0 1 0 1 1 1 0 1 0]
[0 0 0 0 0 0 0 1 1]
[1 0 0 1 0 0 1 0 1]
[0 1 0 1 1 0 1 1 1]
[1 0 1 1 0 0 0 0 1]
[0 1 0 0 1 0 1 0 1]
[1 0 1 0 0 0 0 0 0]
  Isomorphism mapping:
    0 → 4
    1 → 7
    2 → 3
    3 → 2
    4 → 6
    5 → 8
    6 → 5
    7 → 1
    8 → 0

   Switch to Tournament 179 using subset [1, 2, 3, 4]:
[0 1 0 1 0 0 0 1 0]
[0 0 0 0 0 0 0 1 0]
[1 1 0 0 0 1 1 0 1]
[0 1 1 0 0 1 0 1 1]
[1 1 1 1 0 1 1 0 1]
[1 1 0 0 0 0 0 0 0]
[1 1 0 1 0 1 0 0 1]
[0 0 1 0 1 1 1 0 1]
[1 1 0 0 0 1 0 0 0]
  Isomorphism mapping:
    0 → 2
    1 → 1
    2 → 7
    3 → 5
    4 → 8
    5 → 3
    6 → 6
    7 → 0
    8 → 4

   Switch to Tournament 180 using subset [2, 3]:
[0 0 0 1 1 0 0 1 0]
[1 0 1 1 0 1 1 0 1]
[1 0 0 0 1 1 1 0 1]
[0 0 1 0 1 1 0 1 1]
[0 1 0 0 0 0 0 1 0]
[1 0 0 0 1 0 0 0 0]
[1 0 0 1 1 1 0 0 1]
[0 1 1 0 0 1 1 0 1]
[1 0 0 0 1 1 0 0 0]
  Isomorphism mapping:
    0 → 2
    1 → 8
    2 → 7
    3 → 5
    4 → 1
    5 → 3
    6 → 6
    7 → 0
    8 → 4

   Switch to Tournament 181 using subset [7]:
[0 0 1 0 1 0 0 0 0]
[1 0 0 0 0 1 1 1 1]
[0 1 0 0 0 0 0 0 0]
[1 1 1 0 0 0 1 1 0]
[0 1 1 1 0 0 0 0 0]
[1 0 1 1 1 0 0 1 0]
[1 0 1 0 1 1 0 1 1]
[1 0 1 0 1 0 0 0 0]
[1 0 1 1 1 1 0 1 0]
  Isomorphism mapping:
    0 → 3
    1 → 0
    2 → 1
    3 → 5
    4 → 2
    5 → 6
    6 → 7
    7 → 4
    8 → 8

   Switch to Tournament 182 using subset [4, 6, 8]:
[0 0 1 0 0 0 1 1 1]
[1 0 0 0 1 1 0 0 0]
[0 1 0 0 1 0 1 1 1]
[1 1 1 0 1 0 0 0 1]
[1 0 0 0 0 1 0 0 0]
[1 0 1 1 0 0 1 0 1]
[0 1 0 1 1 0 0 1 1]
[0 1 0 1 1 1 0 0 0]
[0 1 0 0 1 0 0 1 0]
  Isomorphism mapping:
    0 → 1
    1 → 4
    2 → 8
    3 → 5
    4 → 3
    5 → 2
    6 → 7
    7 → 6
    8 → 0

   Switch to Tournament 183 using subset [2, 8]:
[0 0 0 0 1 0 0 1 1]
[1 0 1 0 0 1 1 0 0]
[1 0 0 1 1 1 1 0 0]
[1 1 0 0 0 0 1 0 1]
[0 1 0 1 0 0 0 1 1]
[1 0 0 1 1 0 0 0 1]
[1 0 0 0 1 1 0 0 0]
[0 1 1 1 0 1 1 0 0]
[0 1 1 0 0 0 1 1 0]
  Isomorphism mapping:
    0 → 1
    1 → 4
    2 → 8
    3 → 5
    4 → 7
    5 → 2
    6 → 3
    7 → 6
    8 → 0

   Switch to Tournament 184 using subset [2, 4, 5, 7]:
[0 0 0 0 0 1 0 0 0]
[1 0 1 0 1 0 1 1 1]
[1 0 0 1 0 0 1 1 1]
[1 1 0 0 1 1 1 1 0]
[1 0 1 0 0 0 1 1 1]
[0 1 1 0 1 0 1 0 1]
[1 0 0 0 0 0 0 1 1]
[1 0 0 0 0 1 0 0 0]
[1 0 0 1 0 0 0 1 0]
  Isomorphism mapping:
    0 → 1
    1 → 8
    2 → 6
    3 → 5
    4 → 7
    5 → 0
    6 → 4
    7 → 2
    8 → 3

   Switch to Tournament 185 using subset [0, 4, 6, 8]:
[0 1 0 1 1 1 0 0 0]
[0 0 0 0 1 1 0 0 0]
[1 1 0 0 1 0 1 1 1]
[0 1 1 0 1 0 0 0 1]
[0 0 0 0 0 1 0 0 0]
[0 0 1 1 0 0 1 0 1]
[1 1 0 1 1 0 0 1 1]
[1 1 0 1 1 1 0 0 0]
[1 1 0 0 1 0 0 1 0]
  Isomorphism mapping:
    0 → 5
    1 → 2
    2 → 7
    3 → 4
    4 → 1
    5 → 0
    6 → 8
    7 → 6
    8 → 3

   Switch to Tournament 186 using subset [0, 4, 6, 7]:
[0 1 0 1 1 1 0 1 1]
[0 0 0 0 1 1 0 1 1]
[1 1 0 0 1 0 1 0 0]
[0 1 1 0 1 0 0 1 0]
[0 0 0 0 0 1 0 1 1]
[0 0 1 1 0 0 1 1 0]
[1 1 0 1 1 0 0 0 0]
[0 0 1 0 0 0 1 0 0]
[0 0 1 1 0 1 1 1 0]
  Isomorphism mapping:
    0 → 8
    1 → 2
    2 → 4
    3 → 5
    4 → 1
    5 → 6
    6 → 3
    7 → 0
    8 → 7

   Switch to Tournament 187 using subset [0, 1, 3, 5]:
[0 0 0 0 0 0 1 0 1]
[1 0 1 0 1 1 0 1 0]
[1 0 0 1 0 1 0 1 0]
[1 1 0 0 1 0 0 1 1]
[1 0 1 0 0 1 0 1 0]
[1 0 0 1 0 0 1 1 1]
[0 1 1 1 1 0 0 0 1]
[1 0 0 0 0 0 1 0 1]
[0 1 1 0 1 0 0 0 0]
  Isomorphism mapping:
    0 → 1
    1 → 8
    2 → 3
    3 → 5
    4 → 4
    5 → 7
    6 → 6
    7 → 2
    8 → 0

   Switch to Tournament 188 using subset [3, 4]:
[0 0 1 1 0 0 0 1 0]
[1 0 0 1 1 1 1 0 1]
[0 1 0 1 1 0 0 1 0]
[0 0 0 0 0 1 0 1 1]
[1 0 0 1 0 1 1 0 1]
[1 0 1 0 0 0 0 0 0]
[1 0 1 1 0 1 0 0 1]
[0 1 0 0 1 1 1 0 1]
[1 0 1 0 0 1 0 0 0]
  Isomorphism mapping:
    0 → 2
    1 → 8
    2 → 1
    3 → 5
    4 → 7
    5 → 3
    6 → 6
    7 → 0
    8 → 4

   Switch to Tournament 189 using subset [2, 6, 7]:
[0 0 0 0 1 0 1 0 0]
[1 0 1 0 0 1 0 1 1]
[1 0 0 1 1 1 0 1 1]
[1 1 0 0 0 0 0 1 0]
[0 1 0 1 0 0 1 0 0]
[1 0 0 1 1 0 1 1 0]
[0 1 1 1 0 0 0 0 0]
[1 0 0 0 1 0 1 0 0]
[1 0 0 1 1 1 1 1 0]
  Isomorphism mapping:
    0 → 3
    1 → 0
    2 → 7
    3 → 5
    4 → 2
    5 → 6
    6 → 1
    7 → 4
    8 → 8

   Switch to Tournament 190 using subset [4, 6, 7]:
[0 0 1 0 0 0 1 0 0]
[1 0 0 0 1 1 0 1 1]
[0 1 0 0 1 0 1 0 0]
[1 1 1 0 1 0 0 1 0]
[1 0 0 0 0 1 0 1 1]
[1 0 1 1 0 0 1 1 0]
[0 1 0 1 1 0 0 0 0]
[1 0 1 0 0 0 1 0 0]
[1 0 1 1 0 1 1 1 0]
  Isomorphism mapping:
    0 → 1
    1 → 4
    2 → 5
    3 → 6
    4 → 3
    5 → 7
    6 → 0
    7 → 2
    8 → 8

   Switch to Tournament 191 using subset [3, 6, 8]:
[0 0 1 1 1 0 1 1 1]
[1 0 0 1 0 1 0 0 0]
[0 1 0 1 0 0 1 1 1]
[0 0 0 0 1 1 1 1 0]
[0 1 1 0 0 0 1 1 1]
[1 0 1 0 1 0 1 0 1]
[0 1 0 0 0 0 0 1 1]
[0 1 0 0 0 1 0 0 0]
[0 1 0 1 0 0 0 1 0]
  Isomorphism mapping:
    0 → 8
    1 → 1
    2 → 6
    3 → 5
    4 → 7
    5 → 0
    6 → 4
    7 → 2
    8 → 3

   Switch to Tournament 192 using subset [3, 5]:
[0 0 1 1 1 1 0 1 0]
[1 0 0 1 0 0 1 0 1]
[0 1 0 1 0 1 0 1 0]
[0 0 0 0 1 0 0 1 1]
[0 1 1 0 0 1 0 1 0]
[0 1 0 1 0 0 1 1 1]
[1 0 1 1 1 0 0 0 1]
[0 1 0 0 0 0 1 0 1]
[1 0 1 0 1 0 0 0 0]
  Isomorphism mapping:
    0 → 8
    1 → 1
    2 → 3
    3 → 5
    4 → 4
    5 → 7
    6 → 6
    7 → 2
    8 → 0

   Switch to Tournament 193 using subset [1, 8]:
[0 1 1 0 1 0 0 1 1]
[0 0 1 1 1 0 0 1 1]
[0 0 0 0 0 0 0 1 1]
[1 0 1 0 0 0 1 0 1]
[0 0 1 1 0 0 0 1 1]
[1 1 1 1 1 0 0 0 1]
[1 1 1 0 1 1 0 0 0]
[0 0 0 1 0 1 1 0 0]
[0 0 0 0 0 0 1 1 0]
  Isomorphism mapping:
    0 → 7
    1 → 6
    2 → 3
    3 → 4
    4 → 5
    5 → 8
    6 → 0
    7 → 1
    8 → 2

   Switch to Tournament 194 using subset [0, 5]:
[0 1 0 1 0 0 1 0 1]
[0 0 0 0 0 0 1 0 1]
[1 1 0 0 0 1 0 1 0]
[0 1 1 0 0 1 1 0 0]
[1 1 1 1 0 1 0 1 0]
[1 1 0 0 0 0 1 1 1]
[0 0 1 0 1 0 0 0 1]
[1 1 0 1 0 0 1 0 1]
[0 0 1 1 1 0 0 0 0]
  Isomorphism mapping:
    0 → 5
    1 → 3
    2 → 0
    3 → 4
    4 → 8
    5 → 7
    6 → 2
    7 → 6
    8 → 1

   Switch to Tournament 195 using subset [1, 3, 4, 5]:
[0 1 1 1 0 1 0 1 0]
[0 0 1 0 0 1 0 1 0]
[0 0 0 1 1 1 0 1 0]
[0 1 0 0 0 0 0 1 1]
[1 1 0 1 0 0 1 0 1]
[0 0 0 1 1 0 1 1 1]
[1 1 1 1 0 0 0 0 1]
[0 0 0 0 1 0 1 0 1]
[1 1 1 0 0 0 0 0 0]
  Isomorphism mapping:
    0 → 8
    1 → 2
    2 → 1
    3 → 4
    4 → 6
    5 → 7
    6 → 5
    7 → 0
    8 → 3

   Switch to Tournament 196 using subset [0, 1, 4, 5]:
[0 0 0 1 1 0 1 0 1]
[1 0 1 1 0 1 0 1 0]
[1 0 0 0 1 1 0 1 0]
[0 0 1 0 1 1 1 0 0]
[0 1 0 0 0 0 1 0 1]
[1 0 0 0 1 0 1 1 1]
[0 1 1 0 0 0 0 0 1]
[1 0 0 1 1 0 1 0 1]
[0 1 1 1 0 0 0 0 0]
  Isomorphism mapping:
    0 → 5
    1 → 7
    2 → 0
    3 → 4
    4 → 3
    5 → 6
    6 → 2
    7 → 8
    8 → 1

   Switch to Tournament 197 using subset [0, 6, 8]:
[0 1 0 1 0 1 0 0 0]
[0 0 0 0 0 1 0 0 0]
[1 1 0 0 0 0 1 1 1]
[0 1 1 0 0 0 0 0 1]
[1 1 1 1 0 0 1 1 1]
[0 0 1 1 1 0 1 0 1]
[1 1 0 1 0 0 0 1 1]
[1 1 0 1 0 1 0 0 0]
[1 1 0 0 0 0 0 1 0]
  Isomorphism mapping:
    0 → 4
    1 → 0
    2 → 7
    3 → 2
    4 → 8
    5 → 3
    6 → 6
    7 → 5
    8 → 1

   Switch to Tournament 198 using subset [2, 3, 5, 7]:
[0 0 0 1 1 1 0 0 0]
[1 0 1 1 0 0 1 1 1]
[1 0 0 0 1 0 1 1 1]
[0 0 1 0 1 0 0 0 1]
[0 1 0 0 0 1 0 0 0]
[0 1 1 1 0 0 1 0 1]
[1 0 0 1 1 0 0 1 1]
[1 0 0 1 1 1 0 0 0]
[1 0 0 0 1 0 0 1 0]
  Isomorphism mapping:
    0 → 4
    1 → 8
    2 → 7
    3 → 2
    4 → 0
    5 → 3
    6 → 6
    7 → 5
    8 → 1

   Switch to Tournament 199 using subset [0, 1, 7]:
[0 0 0 1 0 1 1 1 1]
[1 0 1 1 1 0 0 0 0]
[1 0 0 0 0 0 0 0 0]
[0 0 1 0 0 0 1 1 0]
[1 0 1 1 0 0 0 0 0]
[0 1 1 1 1 0 0 1 0]
[0 1 1 0 1 1 0 1 1]
[0 1 1 0 1 0 0 0 0]
[0 1 1 1 1 1 0 1 0]
  Isomorphism mapping:
    0 → 3
    1 → 5
    2 → 0
    3 → 2
    4 → 4
    5 → 6
    6 → 7
    7 → 1
    8 → 8

   Switch to Tournament 200 using subset [0, 1, 2, 8]:
[0 0 1 1 0 1 1 0 0]
[1 0 0 1 1 0 0 1 1]
[0 1 0 1 1 1 1 0 0]
[0 0 0 0 0 0 1 0 1]
[1 0 0 1 0 0 0 1 1]
[0 1 0 1 1 0 0 0 1]
[0 1 0 0 1 1 0 0 0]
[1 0 1 1 0 1 1 0 0]
[1 0 1 0 0 0 1 1 0]
  Isomorphism mapping:
    0 → 4
    1 → 7
    2 → 8
    3 → 2
    4 → 6
    5 → 3
    6 → 0
    7 → 5
    8 → 1

   Switch to Tournament 201 using subset [3, 5, 6]:
[0 0 1 1 1 1 1 1 0]
[1 0 0 1 0 0 0 0 1]
[0 1 0 1 0 1 1 1 0]
[0 0 0 0 1 0 1 1 1]
[0 1 1 0 0 1 1 1 0]
[0 1 0 1 0 0 0 1 1]
[0 1 0 0 0 1 0 1 0]
[0 1 0 0 0 0 0 0 1]
[1 0 1 0 1 0 1 0 0]
  Isomorphism mapping:
    0 → 8
    1 → 1
    2 → 6
    3 → 4
    4 → 7
    5 → 5
    6 → 3
    7 → 2
    8 → 0

   Switch to Tournament 202 using subset [6, 7]:
[0 0 1 0 1 0 1 0 0]
[1 0 0 0 0 1 0 1 1]
[0 1 0 0 0 0 1 0 0]
[1 1 1 0 0 0 0 1 0]
[0 1 1 1 0 0 1 0 0]
[1 0 1 1 1 0 1 1 0]
[0 1 0 1 0 0 0 0 0]
[1 0 1 0 1 0 1 0 0]
[1 0 1 1 1 1 1 1 0]
  Isomorphism mapping:
    0 → 3
    1 → 0
    2 → 2
    3 → 4
    4 → 5
    5 → 7
    6 → 1
    7 → 6
    8 → 8

   Switch to Tournament 203 using subset [1, 3, 4]:
[0 1 1 1 0 0 0 1 0]
[0 0 1 0 0 0 0 1 0]
[0 0 0 1 1 0 0 1 0]
[0 1 0 0 0 1 0 1 1]
[1 1 0 1 0 1 1 0 1]
[1 1 1 0 0 0 0 0 0]
[1 1 1 1 0 1 0 0 1]
[0 0 0 0 1 1 1 0 1]
[1 1 1 0 0 1 0 0 0]
  Isomorphism mapping:
    0 → 5
    1 → 2
    2 → 1
    3 → 4
    4 → 7
    5 → 3
    6 → 8
    7 → 0
    8 → 6

   Switch to Tournament 204 using subset [3]:
[0 0 1 1 1 0 0 1 0]
[1 0 0 1 0 1 1 0 1]
[0 1 0 1 0 0 0 1 0]
[0 0 0 0 1 1 0 1 1]
[0 1 1 0 0 0 0 1 0]
[1 0 1 0 1 0 0 0 0]
[1 0 1 1 1 1 0 0 1]
[0 1 0 0 0 1 1 0 1]
[1 0 1 0 1 1 0 0 0]
  Isomorphism mapping:
    0 → 5
    1 → 7
    2 → 1
    3 → 4
    4 → 2
    5 → 3
    6 → 8
    7 → 0
    8 → 6

   Switch to Tournament 205 using subset [1, 2, 4, 8]:
[0 1 0 0 0 0 0 1 1]
[0 0 0 1 0 0 0 1 1]
[1 1 0 1 0 1 1 0 0]
[1 0 0 0 1 0 1 0 1]
[1 1 1 0 0 1 1 0 0]
[1 1 0 1 0 0 0 0 1]
[1 1 0 0 0 1 0 0 0]
[0 0 1 1 1 1 1 0 0]
[0 0 1 0 1 0 1 1 0]
  Isomorphism mapping:
    0 → 2
    1 → 1
    2 → 8
    3 → 4
    4 → 6
    5 → 5
    6 → 3
    7 → 7
    8 → 0

   Switch to Tournament 206 using subset [0, 1, 6, 7]:
[0 0 0 1 0 1 0 1 1]
[1 0 1 1 1 0 1 0 0]
[1 0 0 0 0 0 1 0 0]
[0 0 1 0 0 0 0 1 0]
[1 0 1 1 0 0 1 0 0]
[0 1 1 1 1 0 1 1 0]
[1 0 0 1 0 0 0 0 0]
[0 1 1 0 1 0 1 0 0]
[0 1 1 1 1 1 1 1 0]
  Isomorphism mapping:
    0 → 2
    1 → 6
    2 → 4
    3 → 1
    4 → 5
    5 → 7
    6 → 3
    7 → 0
    8 → 8

   Switch to Tournament 207 using subset [0, 2, 6, 8]:
[0 1 1 1 0 1 0 0 0]
[0 0 1 0 0 1 0 0 0]
[0 0 0 1 1 1 0 0 0]
[0 1 0 0 0 0 0 0 1]
[1 1 0 1 0 0 1 1 1]
[0 0 0 1 1 0 1 0 1]
[1 1 1 1 0 0 0 1 1]
[1 1 1 1 0 1 0 0 0]
[1 1 1 0 0 0 0 1 0]
  Isomorphism mapping:
    0 → 5
    1 → 4
    2 → 3
    3 → 1
    4 → 7
    5 → 2
    6 → 8
    7 → 6
    8 → 0

   Switch to Tournament 208 using subset [0, 2, 5]:
[0 1 1 1 0 0 1 0 1]
[0 0 1 0 0 0 1 0 1]
[0 0 0 1 1 0 1 0 1]
[0 1 0 0 0 1 1 0 0]
[1 1 0 1 0 1 0 1 0]
[1 1 1 0 0 0 1 1 1]
[0 0 0 0 1 0 0 0 1]
[1 1 1 1 0 0 1 0 1]
[0 0 0 1 1 0 0 0 0]
  Isomorphism mapping:
    0 → 6
    1 → 0
    2 → 5
    3 → 1
    4 → 2
    5 → 7
    6 → 4
    7 → 8
    8 → 3

   Switch to Tournament 209 using subset [0, 2, 7, 8]:
[0 1 1 1 0 1 1 1 0]
[0 0 1 0 0 1 1 1 0]
[0 0 0 1 1 1 1 1 0]
[0 1 0 0 0 0 1 1 1]
[1 1 0 1 0 0 0 0 1]
[0 0 0 1 1 0 0 1 1]
[0 0 0 0 1 1 0 1 0]
[0 0 0 0 1 0 0 0 1]
[1 1 1 0 0 0 1 0 0]
  Isomorphism mapping:
    0 → 8
    1 → 3
    2 → 7
    3 → 5
    4 → 0
    5 → 6
    6 → 2
    7 → 1
    8 → 4

   Switch to Tournament 210 using subset [0, 8]:
[0 1 0 1 0 1 1 0 0]
[0 0 0 0 0 1 1 0 0]
[1 1 0 0 0 0 0 1 1]
[0 1 1 0 0 0 1 0 1]
[1 1 1 1 0 0 0 1 1]
[0 0 1 1 1 0 0 0 1]
[0 0 1 0 1 1 0 0 0]
[1 1 0 1 0 1 1 0 0]
[1 1 0 0 0 0 1 1 0]
  Isomorphism mapping:
    0 → 6
    1 → 2
    2 → 4
    3 → 5
    4 → 8
    5 → 0
    6 → 1
    7 → 7
    8 → 3

   Switch to Tournament 211 using subset [0, 1, 7, 8]:
[0 0 0 1 0 1 1 1 0]
[1 0 1 1 1 0 0 0 1]
[1 0 0 0 0 0 0 0 1]
[0 0 1 0 0 0 1 1 1]
[1 0 1 1 0 0 0 0 1]
[0 1 1 1 1 0 0 1 1]
[0 1 1 0 1 1 0 1 0]
[0 1 1 0 1 0 0 0 1]
[1 0 0 0 0 0 1 0 0]
  Isomorphism mapping:
    0 → 0
    1 → 7
    2 → 2
    3 → 5
    4 → 6
    5 → 8
    6 → 4
    7 → 3
    8 → 1

   Switch to Tournament 212 using subset [1, 6, 7, 8]:
[0 1 1 0 1 0 1 0 1]
[0 0 1 1 1 0 1 0 1]
[0 0 0 0 0 0 1 0 1]
[1 0 1 0 0 0 0 1 1]
[0 0 1 1 0 0 1 0 1]
[1 1 1 1 1 0 1 1 1]
[0 0 0 1 0 0 0 0 1]
[1 1 1 0 1 0 1 0 1]
[0 0 0 0 0 0 0 0 0]
  Isomorphism mapping:
    0 → 6
    1 → 5
    2 → 3
    3 → 1
    4 → 4
    5 → 8
    6 → 2
    7 → 7
    8 → 0

   Switch to Tournament 213 using subset [1, 5, 6, 7]:
[0 1 1 0 1 1 1 0 0]
[0 0 1 1 1 1 1 0 0]
[0 0 0 0 0 1 1 0 0]
[1 0 1 0 0 1 0 1 0]
[0 0 1 1 0 1 1 0 0]
[0 0 0 0 0 0 0 0 1]
[0 0 0 1 0 1 0 0 0]
[1 1 1 0 1 1 1 0 0]
[1 1 1 1 1 0 1 1 0]
  Isomorphism mapping:
    0 → 6
    1 → 5
    2 → 3
    3 → 1
    4 → 4
    5 → 0
    6 → 2
    7 → 7
    8 → 8

   Switch to Tournament 214 using subset [0, 1, 4, 7]:
[0 0 0 1 1 1 1 1 1]
[1 0 1 1 0 0 0 0 0]
[1 0 0 0 1 0 0 0 0]
[0 0 1 0 1 0 1 1 0]
[0 1 0 0 0 1 1 1 1]
[0 1 1 1 0 0 0 1 0]
[0 1 1 0 0 1 0 1 1]
[0 1 1 0 0 0 0 0 0]
[0 1 1 1 0 1 0 1 0]
  Isomorphism mapping:
    0 → 8
    1 → 2
    2 → 0
    3 → 1
    4 → 7
    5 → 4
    6 → 6
    7 → 3
    8 → 5

   Switch to Tournament 215 using subset [0, 2, 5, 8]:
[0 1 1 1 0 0 1 0 0]
[0 0 1 0 0 0 1 0 0]
[0 0 0 1 1 0 1 0 0]
[0 1 0 0 0 1 1 0 1]
[1 1 0 1 0 1 0 1 1]
[1 1 1 0 0 0 1 1 0]
[0 0 0 0 1 0 0 0 0]
[1 1 1 1 0 0 1 0 0]
[1 1 1 0 0 1 1 1 0]
  Isomorphism mapping:
    0 → 4
    1 → 3
    2 → 2
    3 → 1
    4 → 7
    5 → 6
    6 → 0
    7 → 5
    8 → 8

   Switch to Tournament 216 using subset [0, 3, 5, 7]:
[0 1 0 0 0 0 1 1 1]
[0 0 0 1 0 0 1 1 1]
[1 1 0 1 0 1 0 0 0]
[1 0 0 0 1 0 0 0 1]
[1 1 1 0 0 1 0 0 0]
[1 1 0 1 0 0 1 0 1]
[0 0 1 1 1 0 0 1 1]
[0 0 1 1 1 1 0 0 0]
[0 0 1 0 1 0 0 1 0]
  Isomorphism mapping:
    0 → 3
    1 → 2
    2 → 5
    3 → 1
    4 → 6
    5 → 4
    6 → 8
    7 → 7
    8 → 0

   Switch to Tournament 217 using subset [1, 4, 6, 8]:
[0 1 1 0 0 0 1 1 1]
[0 0 1 1 0 0 1 1 1]
[0 0 0 0 1 0 1 1 1]
[1 0 1 0 1 0 0 0 1]
[1 1 0 0 0 1 0 0 0]
[1 1 1 1 0 0 1 0 1]
[0 0 0 1 1 0 0 1 1]
[0 0 0 1 1 1 0 0 0]
[0 0 0 0 1 0 0 1 0]
  Isomorphism mapping:
    0 → 7
    1 → 6
    2 → 5
    3 → 1
    4 → 0
    5 → 8
    6 → 4
    7 → 2
    8 → 3

   Switch to Tournament 218 using subset [1, 2, 8]:
[0 1 0 0 1 0 0 1 1]
[0 0 0 1 1 0 0 1 1]
[1 1 0 1 1 1 1 0 0]
[1 0 0 0 0 0 1 0 1]
[0 0 0 1 0 0 0 1 1]
[1 1 0 1 1 0 0 0 1]
[1 1 0 0 1 1 0 0 0]
[0 0 1 1 0 1 1 0 0]
[0 0 1 0 0 0 1 1 0]
  Isomorphism mapping:
    0 → 6
    1 → 5
    2 → 8
    3 → 1
    4 → 4
    5 → 7
    6 → 0
    7 → 2
    8 → 3

   Switch to Tournament 219 using subset [0, 1, 5]:
[0 0 0 1 0 0 1 0 1]
[1 0 1 1 1 1 0 1 0]
[1 0 0 0 0 1 0 1 0]
[0 0 1 0 0 1 1 0 0]
[1 0 1 1 0 1 0 1 0]
[1 0 0 0 0 0 1 1 1]
[0 1 1 0 1 0 0 0 1]
[1 0 0 1 0 0 1 0 1]
[0 1 1 1 1 0 0 0 0]
  Isomorphism mapping:
    0 → 4
    1 → 8
    2 → 0
    3 → 1
    4 → 7
    5 → 6
    6 → 3
    7 → 5
    8 → 2

   Switch to Tournament 220 using subset [0, 6]:
[0 1 0 1 0 1 0 0 1]
[0 0 0 0 0 1 0 0 1]
[1 1 0 0 0 0 1 1 0]
[0 1 1 0 0 0 0 0 0]
[1 1 1 1 0 0 1 1 0]
[0 0 1 1 1 0 1 0 0]
[1 1 0 1 0 0 0 1 0]
[1 1 0 1 0 1 0 0 1]
[0 0 1 1 1 1 1 0 0]
  Isomorphism mapping:
    0 → 6
    1 → 0
    2 → 2
    3 → 3
    4 → 8
    5 → 4
    6 → 1
    7 → 7
    8 → 5

   Switch to Tournament 221 using subset [0, 1]:
[0 0 0 1 0 1 1 0 1]
[1 0 1 1 1 0 0 1 0]
[1 0 0 0 0 0 0 1 0]
[0 0 1 0 0 0 1 0 0]
[1 0 1 1 0 0 0 1 0]
[0 1 1 1 1 0 0 0 0]
[0 1 1 0 1 1 0 0 1]
[1 0 0 1 0 1 1 0 1]
[0 1 1 1 1 1 0 0 0]
  Isomorphism mapping:
    0 → 4
    1 → 7
    2 → 0
    3 → 3
    4 → 6
    5 → 1
    6 → 2
    7 → 5
    8 → 8

   Switch to Tournament 222 using subset [3, 5, 6, 8]:
[0 0 1 1 1 1 1 1 1]
[1 0 0 1 0 0 0 0 0]
[0 1 0 1 0 1 1 1 1]
[0 0 0 0 1 0 1 1 0]
[0 1 1 0 0 1 1 1 1]
[0 1 0 1 0 0 0 1 0]
[0 1 0 0 0 1 0 1 1]
[0 1 0 0 0 0 0 0 0]
[0 1 0 1 0 1 0 1 0]
  Isomorphism mapping:
    0 → 8
    1 → 1
    2 → 6
    3 → 0
    4 → 7
    5 → 3
    6 → 5
    7 → 2
    8 → 4

   Switch to Tournament 223 using subset [1, 6, 7]:
[0 1 1 0 1 0 1 0 0]
[0 0 1 1 1 0 1 0 0]
[0 0 0 0 0 0 1 0 0]
[1 0 1 0 0 0 0 1 0]
[0 0 1 1 0 0 1 0 0]
[1 1 1 1 1 0 1 1 0]
[0 0 0 1 0 0 0 0 0]
[1 1 1 0 1 0 1 0 0]
[1 1 1 1 1 1 1 1 0]
  Isomorphism mapping:
    0 → 5
    1 → 4
    2 → 2
    3 → 0
    4 → 3
    5 → 7
    6 → 1
    7 → 6
    8 → 8

   Switch to Tournament 224 using subset [1, 3, 4, 7]:
[0 1 1 1 0 0 0 0 0]
[0 0 1 0 0 0 0 0 0]
[0 0 0 1 1 0 0 0 0]
[0 1 0 0 0 1 0 0 1]
[1 1 0 1 0 1 1 1 1]
[1 1 1 0 0 0 0 1 0]
[1 1 1 1 0 1 0 1 1]
[1 1 1 1 0 0 0 0 0]
[1 1 1 0 0 1 0 1 0]
  Isomorphism mapping:
    0 → 3
    1 → 2
    2 → 1
    3 → 0
    4 → 7
    5 → 5
    6 → 8
    7 → 4
    8 → 6

   Switch to Tournament 225 using subset [3, 7]:
[0 0 1 1 1 0 0 0 0]
[1 0 0 1 0 1 1 1 1]
[0 1 0 1 0 0 0 0 0]
[0 0 0 0 1 1 0 0 1]
[0 1 1 0 0 0 0 0 0]
[1 0 1 0 1 0 0 1 0]
[1 0 1 1 1 1 0 1 1]
[1 0 1 1 1 0 0 0 0]
[1 0 1 0 1 1 0 1 0]
  Isomorphism mapping:
    0 → 3
    1 → 7
    2 → 1
    3 → 0
    4 → 2
    5 → 5
    6 → 8
    7 → 4
    8 → 6

   Switch to Tournament 226 using subset [1, 2, 4]:
[0 1 0 0 0 0 0 1 0]
[0 0 0 1 0 0 0 1 0]
[1 1 0 1 0 1 1 0 1]
[1 0 0 0 1 0 1 0 0]
[1 1 1 0 0 1 1 0 1]
[1 1 0 1 0 0 0 0 0]
[1 1 0 0 0 1 0 0 1]
[0 0 1 1 1 1 1 0 1]
[1 1 0 1 0 1 0 0 0]
  Isomorphism mapping:
    0 → 2
    1 → 1
    2 → 8
    3 → 0
    4 → 6
    5 → 3
    6 → 5
    7 → 7
    8 → 4

   Switch to Tournament 227 using subset [0, 5, 6]:
[0 1 0 1 0 0 0 0 1]
[0 0 0 0 0 0 0 0 1]
[1 1 0 0 0 1 1 1 0]
[0 1 1 0 0 1 0 0 0]
[1 1 1 1 0 1 1 1 0]
[1 1 0 0 0 0 0 1 1]
[1 1 0 1 0 1 0 1 0]
[1 1 0 1 0 0 0 0 1]
[0 0 1 1 1 0 1 0 0]
  Isomorphism mapping:
    0 → 3
    1 → 2
    2 → 7
    3 → 0
    4 → 8
    5 → 5
    6 → 6
    7 → 4
    8 → 1

   Switch to Tournament 228 using subset [2, 3, 7, 8]:
[0 0 0 1 1 0 0 0 1]
[1 0 1 1 0 1 1 1 0]
[1 0 0 0 1 1 1 1 0]
[0 0 1 0 1 1 0 0 0]
[0 1 0 0 0 0 0 0 1]
[1 0 0 0 1 0 0 1 1]
[1 0 0 1 1 1 0 1 0]
[1 0 0 1 1 0 0 0 1]
[0 1 1 1 0 0 1 0 0]
  Isomorphism mapping:
    0 → 3
    1 → 8
    2 → 7
    3 → 0
    4 → 2
    5 → 5
    6 → 6
    7 → 4
    8 → 1

   Switch to Tournament 229 using subset [1]:
[0 1 1 0 1 0 0 1 0]
[0 0 1 1 1 0 0 1 0]
[0 0 0 0 0 0 0 1 0]
[1 0 1 0 0 0 1 0 0]
[0 0 1 1 0 0 0 1 0]
[1 1 1 1 1 0 0 0 0]
[1 1 1 0 1 1 0 0 1]
[0 0 0 1 0 1 1 0 1]
[1 1 1 1 1 1 0 0 0]
  Isomorphism mapping:
    0 → 5
    1 → 4
    2 → 2
    3 → 0
    4 → 3
    5 → 6
    6 → 7
    7 → 1
    8 → 8

   Switch to Tournament 230 using subset [0, 2, 7]:
[0 1 1 1 0 1 1 1 1]
[0 0 1 0 0 1 1 1 1]
[0 0 0 1 1 1 1 1 1]
[0 1 0 0 0 0 1 1 0]
[1 1 0 1 0 0 0 0 0]
[0 0 0 1 1 0 0 1 0]
[0 0 0 0 1 1 0 1 1]
[0 0 0 0 1 0 0 0 0]
[0 0 0 1 1 1 0 1 0]
  Isomorphism mapping:
    0 → 8
    1 → 6
    2 → 7
    3 → 0
    4 → 1
    5 → 3
    6 → 5
    7 → 2
    8 → 4

   Switch to Tournament 231 using subset [2]:
[0 0 0 0 1 0 0 1 0]
[1 0 1 0 0 1 1 0 1]
[1 0 0 1 1 1 1 0 1]
[1 1 0 0 0 0 1 0 0]
[0 1 0 1 0 0 0 1 0]
[1 0 0 1 1 0 0 0 0]
[1 0 0 0 1 1 0 0 1]
[0 1 1 1 0 1 1 0 1]
[1 0 0 1 1 1 0 0 0]
  Isomorphism mapping:
    0 → 2
    1 → 6
    2 → 8
    3 → 0
    4 → 1
    5 → 3
    6 → 5
    7 → 7
    8 → 4

   Switch to Tournament 232 using subset [1, 3, 5, 8]:
[0 1 1 1 1 1 0 1 1]
[0 0 1 0 1 1 0 1 1]
[0 0 0 1 0 1 0 1 1]
[0 1 0 0 1 0 0 1 0]
[0 0 1 0 0 1 0 1 1]
[0 0 0 1 0 0 1 1 0]
[1 1 1 1 1 0 0 0 0]
[0 0 0 0 0 0 1 0 0]
[0 0 0 1 0 1 1 1 0]
  Isomorphism mapping:
    0 → 8
    1 → 7
    2 → 5
    3 → 2
    4 → 6
    5 → 3
    6 → 0
    7 → 1
    8 → 4

   Switch to Tournament 233 using subset [2, 4, 6]:
[0 0 0 0 0 0 1 1 0]
[1 0 1 0 1 1 0 0 1]
[1 0 0 1 0 1 0 0 1]
[1 1 0 0 1 0 0 0 0]
[1 0 1 0 0 1 0 0 1]
[1 0 0 1 0 0 1 0 0]
[0 1 1 1 1 0 0 1 0]
[0 1 1 1 1 1 0 0 1]
[1 0 0 1 0 1 1 0 0]
  Isomorphism mapping:
    0 → 1
    1 → 7
    2 → 5
    3 → 2
    4 → 6
    5 → 3
    6 → 0
    7 → 8
    8 → 4

   Switch to Tournament 234 using subset [1, 2, 5]:
[0 1 0 0 1 1 0 1 0]
[0 0 0 1 1 1 0 1 0]
[1 1 0 1 1 0 1 0 1]
[1 0 0 0 0 1 1 0 0]
[0 0 0 1 0 1 0 1 0]
[0 0 1 0 0 0 1 1 1]
[1 1 0 0 1 0 0 0 1]
[0 0 1 1 0 0 1 0 1]
[1 1 0 1 1 0 0 0 0]
  Isomorphism mapping:
    0 → 5
    1 → 4
    2 → 8
    3 → 0
    4 → 3
    5 → 2
    6 → 7
    7 → 1
    8 → 6

   Switch to Tournament 235 using subset [0, 3, 7, 8]:
[0 1 0 0 0 1 1 1 0]
[0 0 0 1 0 1 1 1 0]
[1 1 0 1 0 0 0 0 1]
[1 0 0 0 1 1 0 0 0]
[1 1 1 0 0 0 0 0 1]
[0 0 1 0 1 0 0 1 1]
[0 0 1 1 1 1 0 1 0]
[0 0 1 1 1 0 0 0 1]
[1 1 0 1 0 0 1 0 0]
  Isomorphism mapping:
    0 → 2
    1 → 1
    2 → 4
    3 → 0
    4 → 5
    5 → 7
    6 → 8
    7 → 6
    8 → 3

   Switch to Tournament 236 using subset [1, 2, 4, 6]:
[0 1 0 0 0 0 1 1 0]
[0 0 0 1 0 0 1 1 0]
[1 1 0 1 0 1 0 0 1]
[1 0 0 0 1 0 0 0 0]
[1 1 1 0 0 1 0 0 1]
[1 1 0 1 0 0 1 0 0]
[0 0 1 1 1 0 0 1 0]
[0 0 1 1 1 1 0 0 1]
[1 1 0 1 0 1 1 0 0]
  Isomorphism mapping:
    0 → 2
    1 → 1
    2 → 4
    3 → 0
    4 → 5
    5 → 3
    6 → 7
    7 → 6
    8 → 8

   Switch to Tournament 237 using subset [1, 2, 5, 6]:
[0 1 0 0 1 1 1 1 0]
[0 0 0 1 1 1 1 1 0]
[1 1 0 1 1 0 0 0 1]
[1 0 0 0 0 1 0 0 0]
[0 0 0 1 0 1 1 1 0]
[0 0 1 0 0 0 0 1 1]
[0 0 1 1 0 1 0 1 0]
[0 0 1 1 0 0 0 0 1]
[1 1 0 1 1 0 1 0 0]
  Isomorphism mapping:
    0 → 5
    1 → 8
    2 → 7
    3 → 0
    4 → 4
    5 → 2
    6 → 3
    7 → 1
    8 → 6

   Switch to Tournament 238 using subset [1, 6, 8]:
[0 1 1 0 1 0 1 1 1]
[0 0 1 1 1 0 1 1 1]
[0 0 0 0 0 0 1 1 1]
[1 0 1 0 0 0 0 0 1]
[0 0 1 1 0 0 1 1 1]
[1 1 1 1 1 0 1 0 1]
[0 0 0 1 0 0 0 1 1]
[0 0 0 1 0 1 0 0 0]
[0 0 0 0 0 0 0 1 0]
  Isomorphism mapping:
    0 → 7
    1 → 6
    2 → 4
    3 → 0
    4 → 5
    5 → 8
    6 → 3
    7 → 1
    8 → 2

   Switch to Tournament 239 using subset [1, 5, 6]:
[0 1 1 0 1 1 1 1 0]
[0 0 1 1 1 1 1 1 0]
[0 0 0 0 0 1 1 1 0]
[1 0 1 0 0 1 0 0 0]
[0 0 1 1 0 1 1 1 0]
[0 0 0 0 0 0 0 1 1]
[0 0 0 1 0 1 0 1 0]
[0 0 0 1 0 0 0 0 1]
[1 1 1 1 1 0 1 0 0]
  Isomorphism mapping:
    0 → 6
    1 → 8
    2 → 4
    3 → 0
    4 → 5
    5 → 2
    6 → 3
    7 → 1
    8 → 7

   Switch to Tournament 240 using subset [0, 2, 4, 5]:
[0 1 1 1 1 0 1 0 1]
[0 0 1 0 1 0 1 0 1]
[0 0 0 1 0 0 1 0 1]
[0 1 0 0 1 1 1 0 0]
[0 0 1 0 0 0 1 0 1]
[1 1 1 0 1 0 1 1 1]
[0 0 0 0 0 0 0 0 1]
[1 1 1 1 1 0 1 0 1]
[0 0 0 1 0 0 0 0 0]
  Isomorphism mapping:
    0 → 6
    1 → 5
    2 → 3
    3 → 0
    4 → 4
    5 → 7
    6 → 2
    7 → 8
    8 → 1

   Switch to Tournament 241 using subset [1, 3, 4, 8]:
[0 1 1 1 0 0 0 1 1]
[0 0 1 0 0 0 0 1 1]
[0 0 0 1 1 0 0 1 1]
[0 1 0 0 0 1 0 1 0]
[1 1 0 1 0 1 1 0 0]
[1 1 1 0 0 0 0 0 1]
[1 1 1 1 0 1 0 0 0]
[0 0 0 0 1 1 1 0 0]
[0 0 0 1 1 0 1 1 0]
  Isomorphism mapping:
    0 → 8
    1 → 1
    2 → 7
    3 → 3
    4 → 5
    5 → 2
    6 → 4
    7 → 0
    8 → 6

   Switch to Tournament 242 using subset [2, 6, 7, 8]:
[0 0 0 0 1 0 1 0 1]
[1 0 1 0 0 1 0 1 0]
[1 0 0 1 1 1 0 1 0]
[1 1 0 0 0 0 0 1 1]
[0 1 0 1 0 0 1 0 1]
[1 0 0 1 1 0 1 1 1]
[0 1 1 1 0 0 0 0 1]
[1 0 0 0 1 0 1 0 1]
[0 1 1 0 0 0 0 0 0]
  Isomorphism mapping:
    0 → 0
    1 → 1
    2 → 7
    3 → 3
    4 → 5
    5 → 8
    6 → 4
    7 → 6
    8 → 2

   Switch to Tournament 243 using subset [3, 4, 6]:
[0 0 1 1 0 0 1 1 0]
[1 0 0 1 1 1 0 0 1]
[0 1 0 1 1 0 1 1 0]
[0 0 0 0 0 1 1 1 1]
[1 0 0 1 0 1 0 0 1]
[1 0 1 0 0 0 1 0 0]
[0 1 0 0 1 0 0 1 0]
[0 1 0 0 1 1 0 0 1]
[1 0 1 0 0 1 1 0 0]
  Isomorphism mapping:
    0 → 5
    1 → 8
    2 → 4
    3 → 3
    4 → 7
    5 → 0
    6 → 2
    7 → 1
    8 → 6

   Switch to Tournament 244 using subset [2, 5, 6, 7]:
[0 0 0 0 1 1 1 0 0]
[1 0 1 0 0 0 0 1 1]
[1 0 0 1 1 0 0 1 1]
[1 1 0 0 0 1 0 1 0]
[0 1 0 1 0 1 1 0 0]
[0 1 1 0 0 0 0 0 1]
[0 1 1 1 0 1 0 0 0]
[1 0 0 0 1 1 1 0 0]
[1 0 0 1 1 0 1 1 0]
  Isomorphism mapping:
    0 → 0
    1 → 1
    2 → 7
    3 → 3
    4 → 5
    5 → 2
    6 → 4
    7 → 6
    8 → 8

   Switch to Tournament 245 using subset [3, 6, 7]:
[0 0 1 1 1 0 1 0 0]
[1 0 0 1 0 1 0 1 1]
[0 1 0 1 0 0 1 0 0]
[0 0 0 0 1 1 1 0 1]
[0 1 1 0 0 0 1 0 0]
[1 0 1 0 1 0 1 1 0]
[0 1 0 0 0 0 0 0 0]
[1 0 1 1 1 0 1 0 0]
[1 0 1 0 1 1 1 1 0]
  Isomorphism mapping:
    0 → 5
    1 → 1
    2 → 3
    3 → 0
    4 → 4
    5 → 7
    6 → 2
    7 → 6
    8 → 8

   Switch to Tournament 246 using subset [0, 7]:
[0 1 0 1 0 1 1 1 1]
[0 0 0 0 0 1 1 1 1]
[1 1 0 0 0 0 0 0 0]
[0 1 1 0 0 0 1 1 0]
[1 1 1 1 0 0 0 0 0]
[0 0 1 1 1 0 0 1 0]
[0 0 1 0 1 1 0 1 1]
[0 0 1 0 1 0 0 0 0]
[0 0 1 1 1 1 0 1 0]
  Isomorphism mapping:
    0 → 8
    1 → 1
    2 → 2
    3 → 3
    4 → 4
    5 → 5
    6 → 7
    7 → 0
    8 → 6

   Switch to Tournament 247 using subset [2, 6, 8]:
[0 0 0 0 1 0 1 1 1]
[1 0 1 0 0 1 0 0 0]
[1 0 0 1 1 1 0 0 0]
[1 1 0 0 0 0 0 0 1]
[0 1 0 1 0 0 1 1 1]
[1 0 0 1 1 0 1 0 1]
[0 1 1 1 0 0 0 1 1]
[0 1 1 1 0 1 0 0 0]
[0 1 1 0 0 0 0 1 0]
  Isomorphism mapping:
    0 → 0
    1 → 1
    2 → 6
    3 → 3
    4 → 4
    5 → 5
    6 → 8
    7 → 7
    8 → 2

   Switch to Tournament 248 using subset [2, 3, 5]:
[0 0 0 1 1 1 0 1 0]
[1 0 1 1 0 0 1 0 1]
[1 0 0 0 1 0 1 0 1]
[0 0 1 0 1 0 0 1 1]
[0 1 0 0 0 1 0 1 0]
[0 1 1 1 0 0 1 1 1]
[1 0 0 1 1 0 0 0 1]
[0 1 1 0 0 0 1 0 1]
[1 0 0 0 1 0 0 0 0]
  Isomorphism mapping:
    0 → 4
    1 → 7
    2 → 6
    3 → 3
    4 → 2
    5 → 8
    6 → 5
    7 → 1
    8 → 0

   Switch to Tournament 249 using subset [0, 6, 7, 8]:
[0 1 0 1 0 1 0 1 0]
[0 0 0 0 0 1 0 1 0]
[1 1 0 0 0 0 1 0 1]
[0 1 1 0 0 0 0 1 1]
[1 1 1 1 0 0 1 0 1]
[0 0 1 1 1 0 1 1 1]
[1 1 0 1 0 0 0 0 1]
[0 0 1 0 1 0 1 0 1]
[1 1 0 0 0 0 0 0 0]
  Isomorphism mapping:
    0 → 4
    1 → 2
    2 → 6
    3 → 3
    4 → 8
    5 → 7
    6 → 5
    7 → 1
    8 → 0

   Switch to Tournament 250 using subset [0, 5, 6, 7]:
[0 1 0 1 0 0 0 1 1]
[0 0 0 0 0 0 0 1 1]
[1 1 0 0 0 1 1 0 0]
[0 1 1 0 0 1 0 1 0]
[1 1 1 1 0 1 1 0 0]
[1 1 0 0 0 0 0 0 1]
[1 1 0 1 0 1 0 0 0]
[0 0 1 0 1 1 1 0 0]
[0 0 1 1 1 0 1 1 0]
  Isomorphism mapping:
    0 → 4
    1 → 2
    2 → 6
    3 → 3
    4 → 8
    5 → 0
    6 → 5
    7 → 1
    8 → 7

   Switch to Tournament 251 using subset [2, 3, 8]:
[0 0 0 1 1 0 0 1 1]
[1 0 1 1 0 1 1 0 0]
[1 0 0 0 1 1 1 0 0]
[0 0 1 0 1 1 0 1 0]
[0 1 0 0 0 0 0 1 1]
[1 0 0 0 1 0 0 0 1]
[1 0 0 1 1 1 0 0 0]
[0 1 1 0 0 1 1 0 0]
[0 1 1 1 0 0 1 1 0]
  Isomorphism mapping:
    0 → 4
    1 → 8
    2 → 6
    3 → 3
    4 → 2
    5 → 0
    6 → 5
    7 → 1
    8 → 7

   Switch to Tournament 253 using subset [0, 1, 8]:
[0 0 0 1 0 1 1 0 0]
[1 0 1 1 1 0 0 1 1]
[1 0 0 0 0 0 0 1 1]
[0 0 1 0 0 0 1 0 1]
[1 0 1 1 0 0 0 1 1]
[0 1 1 1 1 0 0 0 1]
[0 1 1 0 1 1 0 0 0]
[1 0 0 1 0 1 1 0 0]
[1 0 0 0 0 0 1 1 0]
  Isomorphism mapping:
    0 → 5
    1 → 8
    2 → 2
    3 → 3
    4 → 7
    5 → 4
    6 → 0
    7 → 6
    8 → 1

   Switch to Tournament 254 using subset [3, 4, 5, 6]:
[0 0 1 1 0 1 1 1 0]
[1 0 0 1 1 0 0 0 1]
[0 1 0 1 1 1 1 1 0]
[0 0 0 0 0 0 1 1 1]
[1 0 0 1 0 0 0 0 1]
[0 1 0 1 1 0 0 1 1]
[0 1 0 0 1 1 0 1 0]
[0 1 0 0 1 0 0 0 1]
[1 0 1 0 0 0 1 0 0]
  Isomorphism mapping:
    0 → 4
    1 → 6
    2 → 8
    3 → 3
    4 → 5
    5 → 7
    6 → 2
    7 → 1
    8 → 0

   Switch to Tournament 255 using subset [0, 1, 2, 5]:
[0 0 1 1 0 0 1 0 1]
[1 0 0 1 1 1 0 1 0]
[0 1 0 1 1 0 1 0 1]
[0 0 0 0 0 1 1 0 0]
[1 0 0 1 0 1 0 1 0]
[1 0 1 0 0 0 1 1 1]
[0 1 0 0 1 0 0 0 1]
[1 0 1 1 0 0 1 0 1]
[0 1 0 1 1 0 0 0 0]
  Isomorphism mapping:
    0 → 3
    1 → 6
    2 → 7
    3 → 0
    4 → 5
    5 → 4
    6 → 2
    7 → 8
    8 → 1

--- Tournament 253 ---
[0 0 1 0 1 0 0 1 1]
[1 0 0 0 0 1 1 0 0]
[0 1 0 0 0 1 1 0 0]
[1 1 1 0 0 0 0 0 0]
[0 1 1 1 0 0 0 1 1]
[1 0 0 1 1 0 0 0 0]
[1 0 0 1 1 1 0 0 0]
[0 1 1 1 0 1 1 0 0]
[0 1 1 1 0 1 1 1 0]

   Switch to Tournament 0 using subset [0, 1, 3, 5]:
[0 0 0 0 0 0 1 0 0]
[1 0 1 0 1 1 0 1 1]
[1 0 0 1 0 0 1 0 0]
[1 1 0 0 1 0 1 1 1]
[1 0 1 0 0 1 0 1 1]
[1 0 1 1 0 0 1 1 1]
[0 1 0 0 1 0 0 0 0]
[1 0 1 0 0 0 1 0 0]
[1 0 1 0 0 0 1 1 0]
  Isomorphism mapping:
    0 → 1
    1 → 7
    2 → 2
    3 → 8
    4 → 6
    5 → 5
    6 → 0
    7 → 3
    8 → 4

   Switch to Tournament 1 using subset [1, 2, 3, 7]:
[0 1 0 1 1 0 0 0 1]
[0 0 0 0 1 0 0 0 1]
[1 1 0 0 1 0 0 0 1]
[0 1 1 0 1 1 1 0 1]
[0 0 0 0 0 0 0 0 1]
[1 1 1 0 1 0 0 1 0]
[1 1 1 0 1 1 0 1 0]
[1 1 1 1 1 0 0 0 1]
[0 0 0 0 0 1 1 0 0]
  Isomorphism mapping:
    0 → 3
    1 → 2
    2 → 4
    3 → 8
    4 → 1
    5 → 6
    6 → 7
    7 → 5
    8 → 0

   Switch to Tournament 2 using subset [5, 6, 7]:
[0 0 1 0 1 1 1 0 1]
[1 0 0 0 0 0 0 1 0]
[0 1 0 0 0 0 0 1 0]
[1 1 1 0 0 1 1 1 0]
[0 1 1 1 0 1 1 0 1]
[0 1 1 0 0 0 0 0 1]
[0 1 1 0 0 1 0 0 1]
[1 0 0 0 1 1 1 0 1]
[0 1 1 1 0 0 0 0 0]
  Isomorphism mapping:
    0 → 6
    1 → 0
    2 → 1
    3 → 8
    4 → 5
    5 → 3
    6 → 4
    7 → 7
    8 → 2

   Switch to Tournament 3 using subset [0, 3, 5]:
[0 1 0 0 0 0 1 0 0]
[0 0 0 1 0 0 1 0 0]
[1 1 0 1 0 0 1 0 0]
[1 0 0 0 1 0 1 1 1]
[1 1 1 0 0 1 0 1 1]
[1 1 1 1 0 0 1 1 1]
[0 0 0 0 1 0 0 0 0]
[1 1 1 0 0 0 1 0 0]
[1 1 1 0 0 0 1 1 0]
  Isomorphism mapping:
    0 → 2
    1 → 1
    2 → 3
    3 → 7
    4 → 6
    5 → 8
    6 → 0
    7 → 4
    8 → 5

   Switch to Tournament 4 using subset [0, 3, 6]:
[0 1 0 0 0 1 0 0 0]
[0 0 0 1 0 1 0 0 0]
[1 1 0 1 0 1 0 0 0]
[1 0 0 0 1 1 0 1 1]
[1 1 1 0 0 0 1 1 1]
[0 0 0 0 1 0 1 0 0]
[1 1 1 1 0 0 0 1 1]
[1 1 1 0 0 1 0 0 0]
[1 1 1 0 0 1 0 1 0]
  Isomorphism mapping:
    0 → 2
    1 → 1
    2 → 3
    3 → 7
    4 → 6
    5 → 0
    6 → 8
    7 → 4
    8 → 5

   Switch to Tournament 5 using subset [4, 8]:
[0 0 1 0 0 0 0 1 0]
[1 0 0 0 1 1 1 0 1]
[0 1 0 0 1 1 1 0 1]
[1 1 1 0 1 0 0 0 1]
[1 0 0 0 0 1 1 0 1]
[1 0 0 1 0 0 0 0 1]
[1 0 0 1 0 1 0 0 1]
[0 1 1 1 1 1 1 0 1]
[1 0 0 0 0 0 0 0 0]
  Isomorphism mapping:
    0 → 0
    1 → 5
    2 → 6
    3 → 7
    4 → 4
    5 → 2
    6 → 3
    7 → 8
    8 → 1

   Switch to Tournament 6 using subset [5, 6]:
[0 0 1 0 1 1 1 1 1]
[1 0 0 0 0 0 0 0 0]
[0 1 0 0 0 0 0 0 0]
[1 1 1 0 0 1 1 0 0]
[0 1 1 1 0 1 1 1 1]
[0 1 1 0 0 0 0 1 1]
[0 1 1 0 0 1 0 1 1]
[0 1 1 1 0 0 0 0 0]
[0 1 1 1 0 0 0 1 0]
  Isomorphism mapping:
    0 → 6
    1 → 0
    2 → 1
    3 → 7
    4 → 8
    5 → 4
    6 → 5
    7 → 2
    8 → 3

   Switch to Tournament 7 using subset [4, 7]:
[0 0 1 0 0 0 0 0 1]
[1 0 0 0 1 1 1 1 0]
[0 1 0 0 1 1 1 1 0]
[1 1 1 0 1 0 0 1 0]
[1 0 0 0 0 1 1 1 0]
[1 0 0 1 0 0 0 1 0]
[1 0 0 1 0 1 0 1 0]
[1 0 0 0 0 0 0 0 1]
[0 1 1 1 1 1 1 0 0]
  Isomorphism mapping:
    0 → 0
    1 → 5
    2 → 6
    3 → 7
    4 → 4
    5 → 2
    6 → 3
    7 → 1
    8 → 8

   Switch to Tournament 8 using subset [1, 4, 5, 6]:
[0 1 1 0 0 1 1 1 1]
[0 0 1 1 0 1 1 1 1]
[0 0 0 0 1 0 0 0 0]
[1 0 1 0 1 1 1 0 0]
[1 1 0 0 0 0 0 0 0]
[0 0 1 0 1 0 0 1 1]
[0 0 1 0 1 1 0 1 1]
[0 0 1 1 1 0 0 0 0]
[0 0 1 1 1 0 0 1 0]
  Isomorphism mapping:
    0 → 6
    1 → 8
    2 → 1
    3 → 7
    4 → 0
    5 → 4
    6 → 5
    7 → 2
    8 → 3

   Switch to Tournament 9 using subset [0, 4, 5, 8]:
[0 1 0 1 1 0 1 0 1]
[0 0 0 0 1 0 1 0 1]
[1 1 0 0 1 0 1 0 1]
[0 1 1 0 1 1 0 0 1]
[0 0 0 0 0 0 1 0 1]
[1 1 1 0 1 0 1 1 0]
[0 0 0 1 0 0 0 0 1]
[1 1 1 1 1 0 1 0 1]
[0 0 0 0 0 1 0 0 0]
  Isomorphism mapping:
    0 → 4
    1 → 3
    2 → 5
    3 → 7
    4 → 2
    5 → 6
    6 → 1
    7 → 8
    8 → 0

   Switch to Tournament 10 using subset [0, 4, 5, 7]:
[0 1 0 1 1 0 1 1 0]
[0 0 0 0 1 0 1 1 0]
[1 1 0 0 1 0 1 1 0]
[0 1 1 0 1 1 0 1 0]
[0 0 0 0 0 0 1 1 0]
[1 1 1 0 1 0 1 0 1]
[0 0 0 1 0 0 0 1 0]
[0 0 0 0 0 1 0 0 1]
[1 1 1 1 1 0 1 0 0]
  Isomorphism mapping:
    0 → 4
    1 → 3
    2 → 5
    3 → 7
    4 → 2
    5 → 6
    6 → 1
    7 → 0
    8 → 8

   Switch to Tournament 11 using subset [1, 5, 6, 7]:
[0 1 1 0 1 1 1 0 1]
[0 0 1 1 1 1 1 0 1]
[0 0 0 0 0 0 0 1 0]
[1 0 1 0 0 1 1 1 0]
[0 0 1 1 0 1 1 0 1]
[0 0 1 0 0 0 0 0 1]
[0 0 1 0 0 1 0 0 1]
[1 1 0 0 1 1 1 0 1]
[0 0 1 1 0 0 0 0 0]
  Isomorphism mapping:
    0 → 5
    1 → 8
    2 → 0
    3 → 7
    4 → 4
    5 → 2
    6 → 3
    7 → 6
    8 → 1

   Switch to Tournament 12 using subset [0, 2, 3, 4]:
[0 1 1 0 1 1 1 0 0]
[0 0 1 1 1 1 1 0 0]
[0 0 0 0 0 0 0 1 1]
[1 0 1 0 0 1 1 1 1]
[0 0 1 1 0 1 1 0 0]
[0 0 1 0 0 0 0 0 0]
[0 0 1 0 0 1 0 0 0]
[1 1 0 0 1 1 1 0 0]
[1 1 0 0 1 1 1 1 0]
  Isomorphism mapping:
    0 → 6
    1 → 5
    2 → 0
    3 → 3
    4 → 4
    5 → 1
    6 → 2
    7 → 7
    8 → 8

   Switch to Tournament 13 using subset [4, 7, 8]:
[0 0 1 0 0 0 0 0 0]
[1 0 0 0 1 1 1 1 1]
[0 1 0 0 1 1 1 1 1]
[1 1 1 0 1 0 0 1 1]
[1 0 0 0 0 1 1 1 1]
[1 0 0 1 0 0 0 1 1]
[1 0 0 1 0 1 0 1 1]
[1 0 0 0 0 0 0 0 0]
[1 0 0 0 0 0 0 1 0]
  Isomorphism mapping:
    0 → 0
    1 → 8
    2 → 7
    3 → 3
    4 → 6
    5 → 4
    6 → 5
    7 → 1
    8 → 2

   Switch to Tournament 14 using subset [4, 6, 7, 8]:
[0 0 1 0 0 0 1 0 0]
[1 0 0 0 1 1 0 1 1]
[0 1 0 0 1 1 0 1 1]
[1 1 1 0 1 0 1 1 1]
[1 0 0 0 0 1 0 1 1]
[1 0 0 1 0 0 1 1 1]
[0 1 1 0 1 0 0 0 0]
[1 0 0 0 0 0 1 0 0]
[1 0 0 0 0 0 1 1 0]
  Isomorphism mapping:
    0 → 1
    1 → 6
    2 → 7
    3 → 8
    4 → 5
    5 → 4
    6 → 0
    7 → 2
    8 → 3

   Switch to Tournament 15 using subset [0, 2, 3, 8]:
[0 1 1 0 0 1 1 0 1]
[0 0 1 1 0 1 1 0 1]
[0 0 0 0 1 0 0 1 0]
[1 0 1 0 1 1 1 1 0]
[1 1 0 0 0 0 0 1 0]
[0 0 1 0 1 0 0 0 1]
[0 0 1 0 1 1 0 0 1]
[1 1 0 0 0 1 1 0 1]
[0 0 1 1 1 0 0 0 0]
  Isomorphism mapping:
    0 → 6
    1 → 5
    2 → 1
    3 → 8
    4 → 0
    5 → 3
    6 → 4
    7 → 7
    8 → 2

   Switch to Tournament 16 using subset [4, 5, 8]:
[0 0 1 0 0 1 0 1 0]
[1 0 0 0 1 0 1 0 1]
[0 1 0 0 1 0 1 0 1]
[1 1 1 0 1 1 0 0 1]
[1 0 0 0 0 0 1 0 1]
[0 1 1 0 1 0 1 1 0]
[1 0 0 1 0 0 0 0 1]
[0 1 1 1 1 0 1 0 1]
[1 0 0 0 0 1 0 0 0]
  Isomorphism mapping:
    0 → 0
    1 → 4
    2 → 5
    3 → 8
    4 → 3
    5 → 7
    6 → 2
    7 → 6
    8 → 1

   Switch to Tournament 17 using subset [1, 6, 7, 8]:
[0 1 1 0 1 0 1 0 0]
[0 0 1 1 1 0 1 0 0]
[0 0 0 0 0 1 0 1 1]
[1 0 1 0 0 0 1 1 1]
[0 0 1 1 0 0 1 0 0]
[1 1 0 1 1 0 1 1 1]
[0 0 1 0 0 0 0 0 0]
[1 1 0 0 1 0 1 0 0]
[1 1 0 0 1 0 1 1 0]
  Isomorphism mapping:
    0 → 4
    1 → 3
    2 → 0
    3 → 7
    4 → 2
    5 → 8
    6 → 1
    7 → 5
    8 → 6

   Switch to Tournament 18 using subset [1, 5, 7, 8]:
[0 1 1 0 1 1 0 0 0]
[0 0 1 1 1 1 0 0 0]
[0 0 0 0 0 0 1 1 1]
[1 0 1 0 0 1 0 1 1]
[0 0 1 1 0 1 0 0 0]
[0 0 1 0 0 0 1 0 0]
[1 1 0 1 1 0 0 1 1]
[1 1 0 0 1 1 0 0 0]
[1 1 0 0 1 1 0 1 0]
  Isomorphism mapping:
    0 → 4
    1 → 3
    2 → 0
    3 → 7
    4 → 2
    5 → 1
    6 → 8
    7 → 5
    8 → 6

   Switch to Tournament 19 using subset [0, 5, 6, 8]:
[0 1 0 1 0 0 0 0 1]
[0 0 0 0 0 0 0 0 1]
[1 1 0 0 0 0 0 0 1]
[0 1 1 0 0 1 1 0 1]
[1 1 1 1 0 1 1 1 0]
[1 1 1 0 0 0 0 1 0]
[1 1 1 0 0 1 0 1 0]
[1 1 1 1 0 0 0 0 1]
[0 0 0 0 1 1 1 0 0]
  Isomorphism mapping:
    0 → 2
    1 → 1
    2 → 3
    3 → 7
    4 → 8
    5 → 5
    6 → 6
    7 → 4
    8 → 0

   Switch to Tournament 20 using subset [2, 3, 7]:
[0 0 0 1 1 0 0 0 1]
[1 0 1 1 0 1 1 1 0]
[1 0 0 0 1 0 0 0 1]
[0 0 1 0 1 1 1 0 1]
[0 1 0 0 0 0 0 0 1]
[1 0 1 0 1 0 0 1 0]
[1 0 1 0 1 1 0 1 0]
[1 0 1 1 1 0 0 0 1]
[0 1 0 0 0 1 1 0 0]
  Isomorphism mapping:
    0 → 2
    1 → 8
    2 → 3
    3 → 7
    4 → 1
    5 → 5
    6 → 6
    7 → 4
    8 → 0

   Switch to Tournament 21 using subset [0, 1, 3, 6]:
[0 0 0 0 0 1 0 0 0]
[1 0 1 0 1 0 1 1 1]
[1 0 0 1 0 1 0 0 0]
[1 1 0 0 1 1 0 1 1]
[1 0 1 0 0 0 1 1 1]
[0 1 0 0 1 0 1 0 0]
[1 0 1 1 0 0 0 1 1]
[1 0 1 0 0 1 0 0 0]
[1 0 1 0 0 1 0 1 0]
  Isomorphism mapping:
    0 → 1
    1 → 8
    2 → 2
    3 → 7
    4 → 6
    5 → 0
    6 → 5
    7 → 3
    8 → 4

   Switch to Tournament 22 using subset [1, 2, 3, 8]:
[0 1 0 1 1 0 0 1 0]
[0 0 0 0 1 0 0 1 0]
[1 1 0 0 1 0 0 1 0]
[0 1 1 0 1 1 1 1 0]
[0 0 0 0 0 0 0 1 0]
[1 1 1 0 1 0 0 0 1]
[1 1 1 0 1 1 0 0 1]
[0 0 0 0 0 1 1 0 1]
[1 1 1 1 1 0 0 0 0]
  Isomorphism mapping:
    0 → 3
    1 → 2
    2 → 4
    3 → 7
    4 → 1
    5 → 6
    6 → 8
    7 → 0
    8 → 5

   Switch to Tournament 23 using subset [0, 1, 2, 4]:
[0 0 1 1 1 1 1 0 0]
[1 0 0 1 0 0 0 1 1]
[0 1 0 1 0 0 0 1 1]
[0 0 0 0 1 0 0 0 0]
[0 1 1 0 0 1 1 0 0]
[0 1 1 1 0 0 0 0 0]
[0 1 1 1 0 1 0 0 0]
[1 0 0 1 1 1 1 0 0]
[1 0 0 1 1 1 1 1 0]
  Isomorphism mapping:
    0 → 6
    1 → 1
    2 → 2
    3 → 0
    4 → 5
    5 → 3
    6 → 4
    7 → 7
    8 → 8

   Switch to Tournament 24 using subset [0, 1, 2, 5]:
[0 0 1 1 0 0 1 0 0]
[1 0 0 1 1 1 0 1 1]
[0 1 0 1 1 1 0 1 1]
[0 0 0 0 0 1 0 0 0]
[1 0 0 1 0 1 0 1 1]
[1 0 0 0 0 0 1 1 1]
[0 1 1 1 1 0 0 0 0]
[1 0 0 1 0 0 1 0 0]
[1 0 0 1 0 0 1 1 0]
  Isomorphism mapping:
    0 → 2
    1 → 8
    2 → 7
    3 → 0
    4 → 6
    5 → 5
    6 → 1
    7 → 3
    8 → 4

   Switch to Tournament 25 using subset [5, 6, 7, 8]:
[0 0 1 0 1 1 1 0 0]
[1 0 0 0 0 0 0 1 1]
[0 1 0 0 0 0 0 1 1]
[1 1 1 0 0 1 1 1 1]
[0 1 1 1 0 1 1 0 0]
[0 1 1 0 0 0 0 0 0]
[0 1 1 0 0 1 0 0 0]
[1 0 0 0 1 1 1 0 0]
[1 0 0 0 1 1 1 1 0]
  Isomorphism mapping:
    0 → 5
    1 → 0
    2 → 1
    3 → 8
    4 → 4
    5 → 2
    6 → 3
    7 → 6
    8 → 7

   Switch to Tournament 26 using subset [4, 5, 7]:
[0 0 1 0 0 1 0 0 1]
[1 0 0 0 1 0 1 1 0]
[0 1 0 0 1 0 1 1 0]
[1 1 1 0 1 1 0 1 0]
[1 0 0 0 0 0 1 1 0]
[0 1 1 0 1 0 1 0 1]
[1 0 0 1 0 0 0 1 0]
[1 0 0 0 0 1 0 0 1]
[0 1 1 1 1 0 1 0 0]
  Isomorphism mapping:
    0 → 0
    1 → 4
    2 → 5
    3 → 8
    4 → 3
    5 → 7
    6 → 2
    7 → 1
    8 → 6

   Switch to Tournament 27 using subset [2, 4, 6, 7]:
[0 0 0 0 0 0 1 0 1]
[1 0 1 0 1 1 0 1 0]
[1 0 0 1 0 0 1 0 1]
[1 1 0 0 1 0 1 1 0]
[1 0 1 0 0 1 0 1 0]
[1 0 1 1 0 0 1 1 0]
[0 1 0 0 1 0 0 0 1]
[1 0 1 0 0 0 1 0 1]
[0 1 0 1 1 1 0 0 0]
  Isomorphism mapping:
    0 → 2
    1 → 7
    2 → 3
    3 → 8
    4 → 6
    5 → 5
    6 → 1
    7 → 4
    8 → 0

   Switch to Tournament 28 using subset [2, 3, 5]:
[0 0 0 1 1 1 0 1 1]
[1 0 1 1 0 0 1 0 0]
[1 0 0 0 1 1 0 1 1]
[0 0 1 0 1 0 1 1 1]
[0 1 0 0 0 1 0 1 1]
[0 1 0 1 0 0 1 1 1]
[1 0 1 0 1 0 0 0 0]
[0 1 0 0 0 0 1 0 0]
[0 1 0 0 0 0 1 1 0]
  Isomorphism mapping:
    0 → 6
    1 → 1
    2 → 7
    3 → 8
    4 → 5
    5 → 4
    6 → 0
    7 → 2
    8 → 3

   Switch to Tournament 29 using subset [5, 7, 8]:
[0 0 1 0 1 1 0 0 0]
[1 0 0 0 0 0 1 1 1]
[0 1 0 0 0 0 1 1 1]
[1 1 1 0 0 1 0 1 1]
[0 1 1 1 0 1 0 0 0]
[0 1 1 0 0 0 1 0 0]
[1 0 0 1 1 0 0 1 1]
[1 0 0 0 1 1 0 0 0]
[1 0 0 0 1 1 0 1 0]
  Isomorphism mapping:
    0 → 2
    1 → 6
    2 → 7
    3 → 8
    4 → 1
    5 → 0
    6 → 5
    7 → 3
    8 → 4

   Switch to Tournament 30 using subset [4, 6, 7]:
[0 0 1 0 0 0 1 0 1]
[1 0 0 0 1 1 0 1 0]
[0 1 0 0 1 1 0 1 0]
[1 1 1 0 1 0 1 1 0]
[1 0 0 0 0 1 0 1 0]
[1 0 0 1 0 0 1 1 0]
[0 1 1 0 1 0 0 0 1]
[1 0 0 0 0 0 1 0 1]
[0 1 1 1 1 1 0 0 0]
  Isomorphism mapping:
    0 → 0
    1 → 4
    2 → 5
    3 → 8
    4 → 3
    5 → 2
    6 → 7
    7 → 1
    8 → 6

   Switch to Tournament 31 using subset [5, 7]:
[0 0 1 0 1 1 0 0 1]
[1 0 0 0 0 0 1 1 0]
[0 1 0 0 0 0 1 1 0]
[1 1 1 0 0 1 0 1 0]
[0 1 1 1 0 1 0 0 1]
[0 1 1 0 0 0 1 0 1]
[1 0 0 1 1 0 0 1 0]
[1 0 0 0 1 1 0 0 1]
[0 1 1 1 0 0 1 0 0]
  Isomorphism mapping:
    0 → 6
    1 → 1
    2 → 2
    3 → 8
    4 → 5
    5 → 4
    6 → 0
    7 → 7
    8 → 3

   Switch to Tournament 32 using subset [1, 4, 6, 7]:
[0 1 1 0 0 0 1 0 1]
[0 0 1 1 0 0 1 0 1]
[0 0 0 0 1 1 0 1 0]
[1 0 1 0 1 0 1 1 0]
[1 1 0 0 0 1 0 1 0]
[1 1 0 1 0 0 1 1 0]
[0 0 1 0 1 0 0 0 1]
[1 1 0 0 0 0 1 0 1]
[0 0 1 1 1 1 0 0 0]
  Isomorphism mapping:
    0 → 4
    1 → 3
    2 → 0
    3 → 8
    4 → 7
    5 → 6
    6 → 2
    7 → 5
    8 → 1

   Switch to Tournament 33 using subset [5, 8]:
[0 0 1 0 1 1 0 1 0]
[1 0 0 0 0 0 1 0 1]
[0 1 0 0 0 0 1 0 1]
[1 1 1 0 0 1 0 0 1]
[0 1 1 1 0 1 0 1 0]
[0 1 1 0 0 0 1 1 0]
[1 0 0 1 1 0 0 0 1]
[0 1 1 1 0 0 1 0 1]
[1 0 0 0 1 1 0 0 0]
  Isomorphism mapping:
    0 → 7
    1 → 2
    2 → 3
    3 → 8
    4 → 6
    5 → 5
    6 → 1
    7 → 4
    8 → 0

   Switch to Tournament 34 using subset [6, 7]:
[0 0 1 0 1 0 1 0 1]
[1 0 0 0 0 1 0 1 0]
[0 1 0 0 0 1 0 1 0]
[1 1 1 0 0 0 1 1 0]
[0 1 1 1 0 0 1 0 1]
[1 0 0 1 1 0 1 1 0]
[0 1 1 0 0 0 0 0 1]
[1 0 0 0 1 0 1 0 1]
[0 1 1 1 0 1 0 0 0]
  Isomorphism mapping:
    0 → 5
    1 → 0
    2 → 1
    3 → 8
    4 → 4
    5 → 7
    6 → 3
    7 → 6
    8 → 2

   Switch to Tournament 35 using subset [2, 7, 8]:
[0 0 0 0 1 0 0 0 0]
[1 0 1 0 0 1 1 1 1]
[1 0 0 1 1 0 0 0 0]
[1 1 0 0 0 0 0 1 1]
[0 1 0 1 0 0 0 0 0]
[1 0 1 1 1 0 0 1 1]
[1 0 1 1 1 1 0 1 1]
[1 0 1 0 1 0 0 0 0]
[1 0 1 0 1 0 0 1 0]
  Isomorphism mapping:
    0 → 1
    1 → 5
    2 → 2
    3 → 6
    4 → 0
    5 → 7
    6 → 8
    7 → 3
    8 → 4

   Switch to Tournament 36 using subset [4]:
[0 0 1 0 0 0 0 1 1]
[1 0 0 0 1 1 1 0 0]
[0 1 0 0 1 1 1 0 0]
[1 1 1 0 1 0 0 0 0]
[1 0 0 0 0 1 1 0 0]
[1 0 0 1 0 0 0 0 0]
[1 0 0 1 0 1 0 0 0]
[0 1 1 1 1 1 1 0 0]
[0 1 1 1 1 1 1 1 0]
  Isomorphism mapping:
    0 → 0
    1 → 4
    2 → 5
    3 → 6
    4 → 3
    5 → 1
    6 → 2
    7 → 7
    8 → 8

   Switch to Tournament 37 using subset [2, 5, 6]:
[0 0 0 0 1 1 1 1 1]
[1 0 1 0 0 0 0 0 0]
[1 0 0 1 1 1 1 1 1]
[1 1 0 0 0 1 1 0 0]
[0 1 0 1 0 1 1 1 1]
[0 1 0 0 0 0 0 1 1]
[0 1 0 0 0 1 0 1 1]
[0 1 0 1 0 0 0 0 0]
[0 1 0 1 0 0 0 1 0]
  Isomorphism mapping:
    0 → 5
    1 → 0
    2 → 8
    3 → 6
    4 → 7
    5 → 3
    6 → 4
    7 → 1
    8 → 2

   Switch to Tournament 38 using subset [3, 5]:
[0 0 1 1 1 1 0 1 1]
[1 0 0 1 0 0 1 0 0]
[0 1 0 1 0 0 1 0 0]
[0 0 0 0 1 0 1 1 1]
[0 1 1 0 0 1 0 1 1]
[0 1 1 1 0 0 1 1 1]
[1 0 0 0 1 0 0 0 0]
[0 1 1 0 0 0 1 0 0]
[0 1 1 0 0 0 1 1 0]
  Isomorphism mapping:
    0 → 7
    1 → 1
    2 → 2
    3 → 6
    4 → 5
    5 → 8
    6 → 0
    7 → 3
    8 → 4

   Switch to Tournament 39 using subset [1, 2]:
[0 1 0 0 1 0 0 1 1]
[0 0 0 1 1 0 0 1 1]
[1 1 0 1 1 0 0 1 1]
[1 0 0 0 0 0 0 0 0]
[0 0 0 1 0 0 0 1 1]
[1 1 1 1 1 0 0 0 0]
[1 1 1 1 1 1 0 0 0]
[0 0 0 1 0 1 1 0 0]
[0 0 0 1 0 1 1 1 0]
  Isomorphism mapping:
    0 → 5
    1 → 4
    2 → 8
    3 → 0
    4 → 3
    5 → 6
    6 → 7
    7 → 1
    8 → 2

   Switch to Tournament 40 using subset [0, 4, 6]:
[0 1 0 1 1 1 0 0 0]
[0 0 0 0 1 1 0 0 0]
[1 1 0 0 1 1 0 0 0]
[0 1 1 0 1 0 1 0 0]
[0 0 0 0 0 1 0 0 0]
[0 0 0 1 0 0 1 0 0]
[1 1 1 0 1 0 0 1 1]
[1 1 1 1 1 1 0 0 0]
[1 1 1 1 1 1 0 1 0]
  Isomorphism mapping:
    0 → 3
    1 → 2
    2 → 4
    3 → 6
    4 → 1
    5 → 0
    6 → 5
    7 → 7
    8 → 8

   Switch to Tournament 41 using subset [0, 5, 8]:
[0 1 0 1 0 0 1 0 1]
[0 0 0 0 0 0 1 0 1]
[1 1 0 0 0 0 1 0 1]
[0 1 1 0 0 1 0 0 1]
[1 1 1 1 0 1 0 1 0]
[1 1 1 0 0 0 1 1 0]
[0 0 0 1 1 0 0 0 1]
[1 1 1 1 0 0 1 0 1]
[0 0 0 0 1 1 0 0 0]
  Isomorphism mapping:
    0 → 3
    1 → 2
    2 → 4
    3 → 6
    4 → 7
    5 → 5
    6 → 1
    7 → 8
    8 → 0

   Switch to Tournament 42 using subset [2, 3, 6, 7]:
[0 0 0 1 1 0 1 0 1]
[1 0 1 1 0 1 0 1 0]
[1 0 0 0 1 0 1 0 1]
[0 0 1 0 1 1 0 0 1]
[0 1 0 0 0 0 1 0 1]
[1 0 1 0 1 0 1 1 0]
[0 1 0 1 0 0 0 0 1]
[1 0 1 1 1 0 1 0 1]
[0 1 0 0 0 1 0 0 0]
  Isomorphism mapping:
    0 → 3
    1 → 7
    2 → 4
    3 → 6
    4 → 2
    5 → 5
    6 → 1
    7 → 8
    8 → 0

   Switch to Tournament 43 using subset [2, 3, 6, 8]:
[0 0 0 1 1 0 1 1 0]
[1 0 1 1 0 1 0 0 1]
[1 0 0 0 1 0 1 1 0]
[0 0 1 0 1 1 0 1 0]
[0 1 0 0 0 0 1 1 0]
[1 0 1 0 1 0 1 0 1]
[0 1 0 1 0 0 0 1 0]
[0 1 0 0 0 1 0 0 1]
[1 0 1 1 1 0 1 0 0]
  Isomorphism mapping:
    0 → 3
    1 → 7
    2 → 4
    3 → 6
    4 → 2
    5 → 5
    6 → 1
    7 → 0
    8 → 8

   Switch to Tournament 44 using subset [1, 5, 7]:
[0 1 1 0 1 1 0 0 1]
[0 0 1 1 1 1 0 0 1]
[0 0 0 0 0 0 1 1 0]
[1 0 1 0 0 1 0 1 0]
[0 0 1 1 0 1 0 0 1]
[0 0 1 0 0 0 1 0 1]
[1 1 0 1 1 0 0 1 0]
[1 1 0 0 1 1 0 0 1]
[0 0 1 1 0 0 1 0 0]
  Isomorphism mapping:
    0 → 4
    1 → 8
    2 → 0
    3 → 6
    4 → 3
    5 → 2
    6 → 7
    7 → 5
    8 → 1

   Switch to Tournament 45 using subset [0, 2, 5, 6]:
[0 1 1 1 0 0 0 0 0]
[0 0 1 0 0 0 0 0 0]
[0 0 0 1 1 1 1 1 1]
[0 1 0 0 0 1 1 0 0]
[1 1 0 1 0 1 1 1 1]
[1 1 0 0 0 0 0 1 1]
[1 1 0 0 0 1 0 1 1]
[1 1 0 1 0 0 0 0 0]
[1 1 0 1 0 0 0 1 0]
  Isomorphism mapping:
    0 → 2
    1 → 0
    2 → 7
    3 → 1
    4 → 8
    5 → 5
    6 → 6
    7 → 3
    8 → 4

   Switch to Tournament 46 using subset [2, 4]:
[0 0 0 0 0 0 0 1 1]
[1 0 1 0 1 1 1 0 0]
[1 0 0 1 0 0 0 1 1]
[1 1 0 0 1 0 0 0 0]
[1 0 1 0 0 1 1 0 0]
[1 0 1 1 0 0 0 0 0]
[1 0 1 1 0 1 0 0 0]
[0 1 0 1 1 1 1 0 0]
[0 1 0 1 1 1 1 1 0]
  Isomorphism mapping:
    0 → 0
    1 → 6
    2 → 2
    3 → 1
    4 → 5
    5 → 3
    6 → 4
    7 → 7
    8 → 8

   Switch to Tournament 47 using subset [3, 7, 8]:
[0 0 1 1 1 0 0 0 0]
[1 0 0 1 0 1 1 1 1]
[0 1 0 1 0 1 1 1 1]
[0 0 0 0 1 1 1 0 0]
[0 1 1 0 0 0 0 0 0]
[1 0 0 0 1 0 0 1 1]
[1 0 0 0 1 1 0 1 1]
[1 0 0 1 1 0 0 0 0]
[1 0 0 1 1 0 0 1 0]
  Isomorphism mapping:
    0 → 2
    1 → 8
    2 → 7
    3 → 1
    4 → 0
    5 → 5
    6 → 6
    7 → 3
    8 → 4

   Switch to Tournament 48 using subset [1, 7]:
[0 1 1 0 1 0 0 0 1]
[0 0 1 1 1 0 0 0 1]
[0 0 0 0 0 1 1 1 0]
[1 0 1 0 0 0 0 1 0]
[0 0 1 1 0 0 0 0 1]
[1 1 0 1 1 0 0 1 0]
[1 1 0 1 1 1 0 1 0]
[1 1 0 0 1 0 0 0 1]
[0 0 1 1 0 1 1 0 0]
  Isomorphism mapping:
    0 → 5
    1 → 4
    2 → 0
    3 → 1
    4 → 3
    5 → 7
    6 → 8
    7 → 6
    8 → 2

   Switch to Tournament 49 using subset [0, 1, 2, 7]:
[0 0 1 1 0 1 1 1 0]
[1 0 0 1 1 0 0 0 1]
[0 1 0 1 1 0 0 0 1]
[0 0 0 0 0 0 0 1 0]
[1 0 0 1 0 0 0 0 1]
[0 1 1 1 1 0 0 1 0]
[0 1 1 1 1 1 0 1 0]
[0 1 1 0 1 0 0 0 1]
[1 0 0 1 0 1 1 0 0]
  Isomorphism mapping:
    0 → 1
    1 → 4
    2 → 5
    3 → 0
    4 → 3
    5 → 7
    6 → 8
    7 → 6
    8 → 2

   Switch to Tournament 50 using subset [0, 1, 2]:
[0 0 1 1 0 1 1 0 0]
[1 0 0 1 1 0 0 1 1]
[0 1 0 1 1 0 0 1 1]
[0 0 0 0 0 0 0 0 0]
[1 0 0 1 0 0 0 1 1]
[0 1 1 1 1 0 0 0 0]
[0 1 1 1 1 1 0 0 0]
[1 0 0 1 0 1 1 0 0]
[1 0 0 1 0 1 1 1 0]
  Isomorphism mapping:
    0 → 5
    1 → 8
    2 → 2
    3 → 0
    4 → 1
    5 → 3
    6 → 4
    7 → 6
    8 → 7

   Switch to Tournament 51 using subset [0, 3, 4]:
[0 1 0 0 1 1 1 0 0]
[0 0 0 1 1 1 1 0 0]
[1 1 0 1 1 1 1 0 0]
[1 0 0 0 0 1 1 1 1]
[0 0 0 1 0 1 1 0 0]
[0 0 0 0 0 0 0 0 0]
[0 0 0 0 0 1 0 0 0]
[1 1 1 0 1 1 1 0 0]
[1 1 1 0 1 1 1 1 0]
  Isomorphism mapping:
    0 → 5
    1 → 4
    2 → 6
    3 → 2
    4 → 3
    5 → 0
    6 → 1
    7 → 7
    8 → 8

   Switch to Tournament 52 using subset [0, 4, 7, 8]:
[0 1 0 1 1 1 1 1 1]
[0 0 0 0 1 1 1 1 1]
[1 1 0 0 1 1 1 1 1]
[0 1 1 0 1 0 0 1 1]
[0 0 0 0 0 1 1 1 1]
[0 0 0 1 0 0 0 1 1]
[0 0 0 1 0 1 0 1 1]
[0 0 0 0 0 0 0 0 0]
[0 0 0 0 0 0 0 1 0]
  Isomorphism mapping:
    0 → 8
    1 → 6
    2 → 7
    3 → 2
    4 → 5
    5 → 3
    6 → 4
    7 → 0
    8 → 1

   Switch to Tournament 53 using subset [1, 2, 7]:
[0 1 0 0 1 0 0 0 1]
[0 0 0 1 1 0 0 0 1]
[1 1 0 1 1 0 0 0 1]
[1 0 0 0 0 0 0 1 0]
[0 0 0 1 0 0 0 0 1]
[1 1 1 1 1 0 0 1 0]
[1 1 1 1 1 1 0 1 0]
[1 1 1 0 1 0 0 0 1]
[0 0 0 1 0 1 1 0 0]
  Isomorphism mapping:
    0 → 4
    1 → 3
    2 → 5
    3 → 0
    4 → 2
    5 → 7
    6 → 8
    7 → 6
    8 → 1

   Switch to Tournament 54 using subset [0, 2, 4]:
[0 1 1 1 1 1 1 0 0]
[0 0 1 0 1 1 1 0 0]
[0 0 0 1 0 0 0 1 1]
[0 1 0 0 1 0 0 0 0]
[0 0 1 0 0 1 1 0 0]
[0 0 1 1 0 0 0 0 0]
[0 0 1 1 0 1 0 0 0]
[1 1 0 1 1 1 1 0 0]
[1 1 0 1 1 1 1 1 0]
  Isomorphism mapping:
    0 → 6
    1 → 5
    2 → 1
    3 → 0
    4 → 4
    5 → 2
    6 → 3
    7 → 7
    8 → 8

   Switch to Tournament 55 using subset [3, 4, 7, 8]:
[0 0 1 1 0 0 0 0 0]
[1 0 0 1 1 1 1 1 1]
[0 1 0 1 1 1 1 1 1]
[0 0 0 0 0 1 1 0 0]
[1 0 0 1 0 1 1 1 1]
[1 0 0 0 0 0 0 1 1]
[1 0 0 0 0 1 0 1 1]
[1 0 0 1 0 0 0 0 0]
[1 0 0 1 0 0 0 1 0]
  Isomorphism mapping:
    0 → 1
    1 → 8
    2 → 7
    3 → 0
    4 → 6
    5 → 4
    6 → 5
    7 → 2
    8 → 3

   Switch to Tournament 56 using subset [1, 2, 3, 5]:
[0 1 0 1 1 1 0 1 1]
[0 0 0 0 1 1 0 1 1]
[1 1 0 0 1 1 0 1 1]
[0 1 1 0 1 0 1 1 1]
[0 0 0 0 0 1 0 1 1]
[0 0 0 1 0 0 1 1 1]
[1 1 1 0 1 0 0 0 0]
[0 0 0 0 0 0 1 0 0]
[0 0 0 0 0 0 1 1 0]
  Isomorphism mapping:
    0 → 6
    1 → 5
    2 → 7
    3 → 8
    4 → 4
    5 → 3
    6 → 0
    7 → 1
    8 → 2

   Switch to Tournament 57 using subset [4, 5, 7, 8]:
[0 0 1 0 0 1 0 0 0]
[1 0 0 0 1 0 1 1 1]
[0 1 0 0 1 0 1 1 1]
[1 1 1 0 1 1 0 1 1]
[1 0 0 0 0 0 1 1 1]
[0 1 1 0 1 0 1 0 0]
[1 0 0 1 0 0 0 1 1]
[1 0 0 0 0 1 0 0 0]
[1 0 0 0 0 1 0 1 0]
  Isomorphism mapping:
    0 → 1
    1 → 6
    2 → 7
    3 → 8
    4 → 5
    5 → 0
    6 → 4
    7 → 2
    8 → 3

   Switch to Tournament 58 using subset [0, 2, 3, 5]:
[0 1 1 0 0 0 1 0 0]
[0 0 1 1 0 0 1 0 0]
[0 0 0 0 1 1 0 1 1]
[1 0 1 0 1 0 1 1 1]
[1 1 0 0 0 1 0 1 1]
[1 1 0 1 0 0 1 1 1]
[0 0 1 0 1 0 0 0 0]
[1 1 0 0 0 0 1 0 0]
[1 1 0 0 0 0 1 1 0]
  Isomorphism mapping:
    0 → 3
    1 → 2
    2 → 0
    3 → 8
    4 → 7
    5 → 6
    6 → 1
    7 → 4
    8 → 5

   Switch to Tournament 59 using subset [5, 6, 8]:
[0 0 1 0 1 1 1 1 0]
[1 0 0 0 0 0 0 0 1]
[0 1 0 0 0 0 0 0 1]
[1 1 1 0 0 1 1 0 1]
[0 1 1 1 0 1 1 1 0]
[0 1 1 0 0 0 0 1 0]
[0 1 1 0 0 1 0 1 0]
[0 1 1 1 0 0 0 0 1]
[1 0 0 0 1 1 1 0 0]
  Isomorphism mapping:
    0 → 7
    1 → 1
    2 → 2
    3 → 8
    4 → 6
    5 → 4
    6 → 5
    7 → 3
    8 → 0

   Switch to Tournament 60 using subset [1, 3, 6]:
[0 1 1 1 1 0 1 1 1]
[0 0 1 0 1 0 1 1 1]
[0 0 0 1 0 1 0 0 0]
[0 1 0 0 1 1 0 1 1]
[0 0 1 0 0 0 1 1 1]
[1 1 0 0 1 0 1 0 0]
[0 0 1 1 0 0 0 1 1]
[0 0 1 0 0 1 0 0 0]
[0 0 1 0 0 1 0 1 0]
  Isomorphism mapping:
    0 → 8
    1 → 6
    2 → 1
    3 → 7
    4 → 5
    5 → 0
    6 → 4
    7 → 2
    8 → 3

   Switch to Tournament 61 using subset [0, 3, 8]:
[0 1 0 0 0 1 1 0 1]
[0 0 0 1 0 1 1 0 1]
[1 1 0 1 0 1 1 0 1]
[1 0 0 0 1 1 1 1 0]
[1 1 1 0 0 0 0 1 0]
[0 0 0 0 1 0 0 0 1]
[0 0 0 0 1 1 0 0 1]
[1 1 1 0 0 1 1 0 1]
[0 0 0 1 1 0 0 0 0]
  Isomorphism mapping:
    0 → 5
    1 → 4
    2 → 8
    3 → 7
    4 → 0
    5 → 2
    6 → 3
    7 → 6
    8 → 1

   Switch to Tournament 62 using subset [0, 5, 6, 7]:
[0 1 0 1 0 0 0 1 0]
[0 0 0 0 0 0 0 1 0]
[1 1 0 0 0 0 0 1 0]
[0 1 1 0 0 1 1 1 0]
[1 1 1 1 0 1 1 0 1]
[1 1 1 0 0 0 0 0 1]
[1 1 1 0 0 1 0 0 1]
[0 0 0 0 1 1 1 0 1]
[1 1 1 1 0 0 0 0 0]
  Isomorphism mapping:
    0 → 2
    1 → 1
    2 → 3
    3 → 7
    4 → 8
    5 → 5
    6 → 6
    7 → 0
    8 → 4

   Switch to Tournament 63 using subset [2, 3, 8]:
[0 0 0 1 1 0 0 1 0]
[1 0 1 1 0 1 1 0 1]
[1 0 0 0 1 0 0 1 0]
[0 0 1 0 1 1 1 1 0]
[0 1 0 0 0 0 0 1 0]
[1 0 1 0 1 0 0 0 1]
[1 0 1 0 1 1 0 0 1]
[0 1 0 0 0 1 1 0 1]
[1 0 1 1 1 0 0 0 0]
  Isomorphism mapping:
    0 → 2
    1 → 8
    2 → 3
    3 → 7
    4 → 1
    5 → 5
    6 → 6
    7 → 0
    8 → 4

   Switch to Tournament 64 using subset [0, 2, 3]:
[0 1 1 0 0 1 1 0 0]
[0 0 1 1 0 1 1 0 0]
[0 0 0 0 1 0 0 1 1]
[1 0 1 0 1 1 1 1 1]
[1 1 0 0 0 0 0 1 1]
[0 0 1 0 1 0 0 0 0]
[0 0 1 0 1 1 0 0 0]
[1 1 0 0 0 1 1 0 0]
[1 1 0 0 0 1 1 1 0]
  Isomorphism mapping:
    0 → 5
    1 → 4
    2 → 1
    3 → 8
    4 → 0
    5 → 2
    6 → 3
    7 → 6
    8 → 7

   Switch to Tournament 65 using subset [4, 5, 6, 8]:
[0 0 1 0 0 1 1 1 0]
[1 0 0 0 1 0 0 0 1]
[0 1 0 0 1 0 0 0 1]
[1 1 1 0 1 1 1 0 1]
[1 0 0 0 0 0 0 0 1]
[0 1 1 0 1 0 0 1 0]
[0 1 1 0 1 1 0 1 0]
[0 1 1 1 1 0 0 0 1]
[1 0 0 0 0 1 1 0 0]
  Isomorphism mapping:
    0 → 0
    1 → 3
    2 → 4
    3 → 8
    4 → 2
    5 → 6
    6 → 7
    7 → 5
    8 → 1

   Switch to Tournament 66 using subset [0, 2, 3, 6]:
[0 1 1 0 0 1 0 0 0]
[0 0 1 1 0 1 0 0 0]
[0 0 0 0 1 0 1 1 1]
[1 0 1 0 1 1 0 1 1]
[1 1 0 0 0 0 1 1 1]
[0 0 1 0 1 0 1 0 0]
[1 1 0 1 0 0 0 1 1]
[1 1 0 0 0 1 0 0 0]
[1 1 0 0 0 1 0 1 0]
  Isomorphism mapping:
    0 → 3
    1 → 2
    2 → 0
    3 → 8
    4 → 7
    5 → 1
    6 → 6
    7 → 4
    8 → 5

   Switch to Tournament 67 using subset [0, 2, 3, 7]:
[0 1 1 0 0 1 1 1 0]
[0 0 1 1 0 1 1 1 0]
[0 0 0 0 1 0 0 0 1]
[1 0 1 0 1 1 1 0 1]
[1 1 0 0 0 0 0 0 1]
[0 0 1 0 1 0 0 1 0]
[0 0 1 0 1 1 0 1 0]
[0 0 1 1 1 0 0 0 1]
[1 1 0 0 0 1 1 0 0]
  Isomorphism mapping:
    0 → 7
    1 → 6
    2 → 2
    3 → 8
    4 → 1
    5 → 4
    6 → 5
    7 → 3
    8 → 0

   Switch to Tournament 68 using subset [4, 6, 8]:
[0 0 1 0 0 0 1 1 0]
[1 0 0 0 1 1 0 0 1]
[0 1 0 0 1 1 0 0 1]
[1 1 1 0 1 0 1 0 1]
[1 0 0 0 0 1 0 0 1]
[1 0 0 1 0 0 1 0 1]
[0 1 1 0 1 0 0 1 0]
[0 1 1 1 1 1 0 0 1]
[1 0 0 0 0 0 1 0 0]
  Isomorphism mapping:
    0 → 1
    1 → 5
    2 → 6
    3 → 8
    4 → 4
    5 → 3
    6 → 0
    7 → 7
    8 → 2

   Switch to Tournament 69 using subset [2, 4, 6, 8]:
[0 0 0 0 0 0 1 1 0]
[1 0 1 0 1 1 0 0 1]
[1 0 0 1 0 0 1 1 0]
[1 1 0 0 1 0 1 0 1]
[1 0 1 0 0 1 0 0 1]
[1 0 1 1 0 0 1 0 1]
[0 1 0 0 1 0 0 1 0]
[0 1 0 1 1 1 0 0 1]
[1 0 1 0 0 0 1 0 0]
  Isomorphism mapping:
    0 → 2
    1 → 7
    2 → 3
    3 → 8
    4 → 6
    5 → 5
    6 → 1
    7 → 0
    8 → 4

   Switch to Tournament 70 using subset [2, 3, 6]:
[0 0 0 1 1 0 1 1 1]
[1 0 1 1 0 1 0 0 0]
[1 0 0 0 1 0 1 1 1]
[0 0 1 0 1 1 0 1 1]
[0 1 0 0 0 0 1 1 1]
[1 0 1 0 1 0 1 0 0]
[0 1 0 1 0 0 0 1 1]
[0 1 0 0 0 1 0 0 0]
[0 1 0 0 0 1 0 1 0]
  Isomorphism mapping:
    0 → 6
    1 → 1
    2 → 7
    3 → 8
    4 → 5
    5 → 0
    6 → 4
    7 → 2
    8 → 3

   Switch to Tournament 71 using subset [0, 3, 7]:
[0 1 0 0 0 1 1 1 0]
[0 0 0 1 0 1 1 1 0]
[1 1 0 1 0 1 1 1 0]
[1 0 0 0 1 1 1 0 1]
[1 1 1 0 0 0 0 0 1]
[0 0 0 0 1 0 0 1 0]
[0 0 0 0 1 1 0 1 0]
[0 0 0 1 1 0 0 0 1]
[1 1 1 0 0 1 1 0 0]
  Isomorphism mapping:
    0 → 5
    1 → 4
    2 → 8
    3 → 7
    4 → 0
    5 → 2
    6 → 3
    7 → 1
    8 → 6

   Switch to Tournament 72 using subset [1, 8]:
[0 1 1 0 1 0 0 1 0]
[0 0 1 1 1 0 0 1 0]
[0 0 0 0 0 1 1 0 1]
[1 0 1 0 0 0 0 0 1]
[0 0 1 1 0 0 0 1 0]
[1 1 0 1 1 0 0 0 1]
[1 1 0 1 1 1 0 0 1]
[0 0 1 1 0 1 1 0 1]
[1 1 0 0 1 0 0 0 0]
  Isomorphism mapping:
    0 → 6
    1 → 5
    2 → 1
    3 → 2
    4 → 4
    5 → 7
    6 → 8
    7 → 3
    8 → 0

   Switch to Tournament 73 using subset [0, 1, 2, 8]:
[0 0 1 1 0 1 1 0 1]
[1 0 0 1 1 0 0 1 0]
[0 1 0 1 1 0 0 1 0]
[0 0 0 0 0 0 0 0 1]
[1 0 0 1 0 0 0 1 0]
[0 1 1 1 1 0 0 0 1]
[0 1 1 1 1 1 0 0 1]
[1 0 0 1 0 1 1 0 1]
[0 1 1 0 1 0 0 0 0]
  Isomorphism mapping:
    0 → 2
    1 → 5
    2 → 6
    3 → 1
    4 → 4
    5 → 7
    6 → 8
    7 → 3
    8 → 0

   Switch to Tournament 74 using subset [1, 7, 8]:
[0 1 1 0 1 0 0 0 0]
[0 0 1 1 1 0 0 0 0]
[0 0 0 0 0 1 1 1 1]
[1 0 1 0 0 0 0 1 1]
[0 0 1 1 0 0 0 0 0]
[1 1 0 1 1 0 0 1 1]
[1 1 0 1 1 1 0 1 1]
[1 1 0 0 1 0 0 0 0]
[1 1 0 0 1 0 0 1 0]
  Isomorphism mapping:
    0 → 3
    1 → 2
    2 → 0
    3 → 6
    4 → 1
    5 → 7
    6 → 8
    7 → 4
    8 → 5

   Switch to Tournament 75 using subset [3, 4, 5, 6]:
[0 0 1 1 0 1 1 1 1]
[1 0 0 1 1 0 0 0 0]
[0 1 0 1 1 0 0 0 0]
[0 0 0 0 0 0 0 1 1]
[1 0 0 1 0 0 0 0 0]
[0 1 1 1 1 0 0 1 1]
[0 1 1 1 1 1 0 1 1]
[0 1 1 0 1 0 0 0 0]
[0 1 1 0 1 0 0 1 0]
  Isomorphism mapping:
    0 → 6
    1 → 2
    2 → 3
    3 → 0
    4 → 1
    5 → 7
    6 → 8
    7 → 4
    8 → 5

   Switch to Tournament 76 using subset [2, 3, 4, 6]:
[0 0 0 1 0 0 1 1 1]
[1 0 1 1 1 1 0 0 0]
[1 0 0 0 0 0 1 1 1]
[0 0 1 0 0 1 0 1 1]
[1 0 1 1 0 1 0 0 0]
[1 0 1 0 0 0 1 0 0]
[0 1 0 1 1 0 0 1 1]
[0 1 0 0 1 1 0 0 0]
[0 1 0 0 1 1 0 1 0]
  Isomorphism mapping:
    0 → 5
    1 → 8
    2 → 6
    3 → 3
    4 → 7
    5 → 0
    6 → 4
    7 → 1
    8 → 2

   Switch to Tournament 77 using subset [3]:
[0 0 1 1 1 0 0 1 1]
[1 0 0 1 0 1 1 0 0]
[0 1 0 1 0 1 1 0 0]
[0 0 0 0 1 1 1 1 1]
[0 1 1 0 0 0 0 1 1]
[1 0 0 0 1 0 0 0 0]
[1 0 0 0 1 1 0 0 0]
[0 1 1 0 0 1 1 0 0]
[0 1 1 0 0 1 1 1 0]
  Isomorphism mapping:
    0 → 7
    1 → 4
    2 → 5
    3 → 3
    4 → 0
    5 → 1
    6 → 2
    7 → 6
    8 → 8

   Switch to Tournament 78 using subset [0, 3, 6, 7]:
[0 1 0 0 0 1 0 1 0]
[0 0 0 1 0 1 0 1 0]
[1 1 0 1 0 1 0 1 0]
[1 0 0 0 1 1 0 0 1]
[1 1 1 0 0 0 1 0 1]
[0 0 0 0 1 0 1 1 0]
[1 1 1 1 0 0 0 0 1]
[0 0 0 1 1 0 1 0 1]
[1 1 1 0 0 1 0 0 0]
  Isomorphism mapping:
    0 → 2
    1 → 1
    2 → 8
    3 → 6
    4 → 5
    5 → 0
    6 → 4
    7 → 7
    8 → 3

   Switch to Tournament 79 using subset [1, 3, 4, 8]:
[0 1 1 1 0 0 0 1 0]
[0 0 1 0 0 0 0 1 0]
[0 0 0 1 1 1 1 0 1]
[0 1 0 0 0 1 1 1 0]
[1 1 0 1 0 1 1 0 1]
[1 1 0 0 0 0 0 0 1]
[1 1 0 0 0 1 0 0 1]
[0 0 1 0 1 1 1 0 1]
[1 1 0 1 0 0 0 0 0]
  Isomorphism mapping:
    0 → 7
    1 → 0
    2 → 4
    3 → 6
    4 → 8
    5 → 2
    6 → 3
    7 → 5
    8 → 1

   Switch to Tournament 80 using subset [3, 8]:
[0 0 1 1 1 0 0 1 0]
[1 0 0 1 0 1 1 0 1]
[0 1 0 1 0 1 1 0 1]
[0 0 0 0 1 1 1 1 0]
[0 1 1 0 0 0 0 1 0]
[1 0 0 0 1 0 0 0 1]
[1 0 0 0 1 1 0 0 1]
[0 1 1 0 0 1 1 0 1]
[1 0 0 1 1 0 0 0 0]
  Isomorphism mapping:
    0 → 7
    1 → 8
    2 → 4
    3 → 6
    4 → 0
    5 → 2
    6 → 3
    7 → 5
    8 → 1

   Switch to Tournament 81 using subset [2, 4, 5]:
[0 0 0 0 0 1 0 1 1]
[1 0 1 0 1 0 1 0 0]
[1 0 0 1 0 1 0 1 1]
[1 1 0 0 1 1 0 0 0]
[1 0 1 0 0 0 1 0 0]
[0 1 0 0 1 0 1 1 1]
[1 0 1 1 0 0 0 0 0]
[0 1 0 1 1 0 1 0 0]
[0 1 0 1 1 0 1 1 0]
  Isomorphism mapping:
    0 → 0
    1 → 3
    2 → 7
    3 → 6
    4 → 2
    5 → 5
    6 → 1
    7 → 4
    8 → 8

   Switch to Tournament 82 using subset [1, 4, 6]:
[0 1 1 0 0 0 1 1 1]
[0 0 1 1 0 0 1 1 1]
[0 0 0 0 1 1 0 0 0]
[1 0 1 0 1 0 1 0 0]
[1 1 0 0 0 1 0 0 0]
[1 1 0 1 0 0 1 0 0]
[0 0 1 0 1 0 0 1 1]
[0 0 1 1 1 1 0 0 0]
[0 0 1 1 1 1 0 1 0]
  Isomorphism mapping:
    0 → 5
    1 → 4
    2 → 1
    3 → 6
    4 → 0
    5 → 7
    6 → 3
    7 → 2
    8 → 8

   Switch to Tournament 83 using subset [2, 4, 5, 8]:
[0 0 0 0 0 1 0 1 0]
[1 0 1 0 1 0 1 0 1]
[1 0 0 1 0 1 0 1 0]
[1 1 0 0 1 1 0 0 1]
[1 0 1 0 0 0 1 0 1]
[0 1 0 0 1 0 1 1 0]
[1 0 1 1 0 0 0 0 1]
[0 1 0 1 1 0 1 0 1]
[1 0 1 0 0 1 0 0 0]
  Isomorphism mapping:
    0 → 1
    1 → 8
    2 → 2
    3 → 6
    4 → 5
    5 → 0
    6 → 4
    7 → 7
    8 → 3

   Switch to Tournament 84 using subset [4, 5]:
[0 0 1 0 0 1 0 1 1]
[1 0 0 0 1 0 1 0 0]
[0 1 0 0 1 0 1 0 0]
[1 1 1 0 1 1 0 0 0]
[1 0 0 0 0 0 1 0 0]
[0 1 1 0 1 0 1 1 1]
[1 0 0 1 0 0 0 0 0]
[0 1 1 1 1 0 1 0 0]
[0 1 1 1 1 0 1 1 0]
  Isomorphism mapping:
    0 → 0
    1 → 3
    2 → 4
    3 → 5
    4 → 2
    5 → 7
    6 → 1
    7 → 6
    8 → 8

   Switch to Tournament 85 using subset [1, 2, 5]:
[0 1 0 0 1 1 0 1 1]
[0 0 0 1 1 1 0 1 1]
[1 1 0 1 1 1 0 1 1]
[1 0 0 0 0 1 0 0 0]
[0 0 0 1 0 1 0 1 1]
[0 0 0 0 0 0 1 1 1]
[1 1 1 1 1 0 0 0 0]
[0 0 0 1 0 0 1 0 0]
[0 0 0 1 0 0 1 1 0]
  Isomorphism mapping:
    0 → 7
    1 → 6
    2 → 8
    3 → 0
    4 → 5
    5 → 4
    6 → 1
    7 → 2
    8 → 3

   Switch to Tournament 86 using subset [3, 5, 6, 8]:
[0 0 1 1 1 1 1 1 0]
[1 0 0 1 0 0 0 0 1]
[0 1 0 1 0 0 0 0 1]
[0 0 0 0 1 0 0 1 0]
[0 1 1 0 0 1 1 1 0]
[0 1 1 1 0 0 0 1 0]
[0 1 1 1 0 1 0 1 0]
[0 1 1 0 0 0 0 0 1]
[1 0 0 1 1 1 1 0 0]
  Isomorphism mapping:
    0 → 8
    1 → 2
    2 → 3
    3 → 0
    4 → 7
    5 → 5
    6 → 6
    7 → 4
    8 → 1

   Switch to Tournament 87 using subset [1, 3, 5]:
[0 1 1 1 1 1 0 1 1]
[0 0 1 0 1 1 0 1 1]
[0 0 0 1 0 0 1 0 0]
[0 1 0 0 1 0 1 1 1]
[0 0 1 0 0 1 0 1 1]
[0 0 1 1 0 0 1 1 1]
[1 1 0 0 1 0 0 0 0]
[0 0 1 0 0 0 1 0 0]
[0 0 1 0 0 0 1 1 0]
  Isomorphism mapping:
    0 → 8
    1 → 7
    2 → 1
    3 → 5
    4 → 4
    5 → 6
    6 → 0
    7 → 2
    8 → 3

   Switch to Tournament 88 using subset [2, 5, 6, 7]:
[0 0 0 0 1 1 1 0 1]
[1 0 1 0 0 0 0 1 0]
[1 0 0 1 1 1 1 0 1]
[1 1 0 0 0 1 1 1 0]
[0 1 0 1 0 1 1 0 1]
[0 1 0 0 0 0 0 0 1]
[0 1 0 0 0 1 0 0 1]
[1 0 1 0 1 1 1 0 1]
[0 1 0 1 0 0 0 0 0]
  Isomorphism mapping:
    0 → 4
    1 → 0
    2 → 8
    3 → 5
    4 → 6
    5 → 2
    6 → 3
    7 → 7
    8 → 1

   Switch to Tournament 89 using subset [0, 1, 4]:
[0 0 0 1 1 1 1 0 0]
[1 0 1 1 0 0 0 1 1]
[1 0 0 0 1 1 1 0 0]
[0 0 1 0 1 0 0 0 0]
[0 1 0 0 0 1 1 0 0]
[0 1 0 1 0 0 0 0 0]
[0 1 0 1 0 1 0 0 0]
[1 0 1 1 1 1 1 0 0]
[1 0 1 1 1 1 1 1 0]
  Isomorphism mapping:
    0 → 5
    1 → 1
    2 → 6
    3 → 0
    4 → 4
    5 → 2
    6 → 3
    7 → 7
    8 → 8

   Switch to Tournament 90 using subset [7]:
[0 0 1 0 1 0 0 0 1]
[1 0 0 0 0 1 1 1 0]
[0 1 0 0 0 1 1 1 0]
[1 1 1 0 0 0 0 1 0]
[0 1 1 1 0 0 0 0 1]
[1 0 0 1 1 0 0 1 0]
[1 0 0 1 1 1 0 1 0]
[1 0 0 0 1 0 0 0 1]
[0 1 1 1 0 1 1 0 0]
  Isomorphism mapping:
    0 → 0
    1 → 3
    2 → 4
    3 → 5
    4 → 7
    5 → 2
    6 → 8
    7 → 1
    8 → 6

   Switch to Tournament 91 using subset [7, 8]:
[0 0 1 0 1 0 0 0 0]
[1 0 0 0 0 1 1 1 1]
[0 1 0 0 0 1 1 1 1]
[1 1 1 0 0 0 0 1 1]
[0 1 1 1 0 0 0 0 0]
[1 0 0 1 1 0 0 1 1]
[1 0 0 1 1 1 0 1 1]
[1 0 0 0 1 0 0 0 0]
[1 0 0 0 1 0 0 1 0]
  Isomorphism mapping:
    0 → 1
    1 → 4
    2 → 5
    3 → 6
    4 → 0
    5 → 7
    6 → 8
    7 → 2
    8 → 3

   Switch to Tournament 92 using subset [4, 6]:
[0 0 1 0 0 0 1 1 1]
[1 0 0 0 1 1 0 0 0]
[0 1 0 0 1 1 0 0 0]
[1 1 1 0 1 0 1 0 0]
[1 0 0 0 0 1 0 0 0]
[1 0 0 1 0 0 1 0 0]
[0 1 1 0 1 0 0 1 1]
[0 1 1 1 1 1 0 0 0]
[0 1 1 1 1 1 0 1 0]
  Isomorphism mapping:
    0 → 0
    1 → 3
    2 → 4
    3 → 6
    4 → 2
    5 → 1
    6 → 5
    7 → 7
    8 → 8

   Switch to Tournament 93 using subset [2, 5, 6, 8]:
[0 0 0 0 1 1 1 1 0]
[1 0 1 0 0 0 0 0 1]
[1 0 0 1 1 1 1 1 0]
[1 1 0 0 0 1 1 0 1]
[0 1 0 1 0 1 1 1 0]
[0 1 0 0 0 0 0 1 0]
[0 1 0 0 0 1 0 1 0]
[0 1 0 1 0 0 0 0 1]
[1 0 1 0 1 1 1 0 0]
  Isomorphism mapping:
    0 → 4
    1 → 0
    2 → 8
    3 → 6
    4 → 7
    5 → 2
    6 → 3
    7 → 1
    8 → 5

   Switch to Tournament 94 using subset [0, 2, 7, 8]:
[0 1 1 1 0 1 1 1 1]
[0 0 1 0 0 1 1 1 1]
[0 0 0 1 1 0 0 0 0]
[0 1 0 0 0 0 0 1 1]
[1 1 0 1 0 0 0 0 0]
[0 0 1 1 1 0 0 1 1]
[0 0 1 1 1 1 0 1 1]
[0 0 1 0 1 0 0 0 0]
[0 0 1 0 1 0 0 1 0]
  Isomorphism mapping:
    0 → 8
    1 → 4
    2 → 1
    3 → 5
    4 → 0
    5 → 6
    6 → 7
    7 → 2
    8 → 3

   Switch to Tournament 95 using subset [1, 2, 8]:
[0 1 0 0 1 0 0 1 0]
[0 0 0 1 1 0 0 1 0]
[1 1 0 1 1 0 0 1 0]
[1 0 0 0 0 0 0 0 1]
[0 0 0 1 0 0 0 1 0]
[1 1 1 1 1 0 0 0 1]
[1 1 1 1 1 1 0 0 1]
[0 0 0 1 0 1 1 0 1]
[1 1 1 0 1 0 0 0 0]
  Isomorphism mapping:
    0 → 4
    1 → 3
    2 → 6
    3 → 0
    4 → 2
    5 → 7
    6 → 8
    7 → 1
    8 → 5

   Switch to Tournament 96 using subset [4, 5, 6, 7]:
[0 0 1 0 0 1 1 0 1]
[1 0 0 0 1 0 0 1 0]
[0 1 0 0 1 0 0 1 0]
[1 1 1 0 1 1 1 1 0]
[1 0 0 0 0 0 0 1 0]
[0 1 1 0 1 0 0 0 1]
[0 1 1 0 1 1 0 0 1]
[1 0 0 0 0 1 1 0 1]
[0 1 1 1 1 0 0 0 0]
  Isomorphism mapping:
    0 → 0
    1 → 3
    2 → 4
    3 → 8
    4 → 2
    5 → 6
    6 → 7
    7 → 1
    8 → 5

   Switch to Tournament 97 using subset [6, 7, 8]:
[0 0 1 0 1 0 1 0 0]
[1 0 0 0 0 1 0 1 1]
[0 1 0 0 0 1 0 1 1]
[1 1 1 0 0 0 1 1 1]
[0 1 1 1 0 0 1 0 0]
[1 0 0 1 1 0 1 1 1]
[0 1 1 0 0 0 0 0 0]
[1 0 0 0 1 0 1 0 0]
[1 0 0 0 1 0 1 1 0]
  Isomorphism mapping:
    0 → 4
    1 → 0
    2 → 1
    3 → 8
    4 → 3
    5 → 7
    6 → 2
    7 → 5
    8 → 6

   Switch to Tournament 98 using subset [1, 3, 7]:
[0 1 1 1 1 0 0 0 1]
[0 0 1 0 1 0 0 0 1]
[0 0 0 1 0 1 1 1 0]
[0 1 0 0 1 1 1 0 1]
[0 0 1 0 0 0 0 0 1]
[1 1 0 0 1 0 0 1 0]
[1 1 0 0 1 1 0 1 0]
[1 1 0 1 1 0 0 0 1]
[0 0 1 0 0 1 1 0 0]
  Isomorphism mapping:
    0 → 8
    1 → 3
    2 → 0
    3 → 7
    4 → 2
    5 → 5
    6 → 6
    7 → 4
    8 → 1

   Switch to Tournament 99 using subset [0, 2, 7]:
[0 1 1 1 0 1 1 1 0]
[0 0 1 0 0 1 1 1 0]
[0 0 0 1 1 0 0 0 1]
[0 1 0 0 0 0 0 1 0]
[1 1 0 1 0 0 0 0 1]
[0 0 1 1 1 0 0 1 0]
[0 0 1 1 1 1 0 1 0]
[0 0 1 0 1 0 0 0 1]
[1 1 0 1 0 1 1 0 0]
  Isomorphism mapping:
    0 → 8
    1 → 0
    2 → 4
    3 → 1
    4 → 3
    5 → 6
    6 → 7
    7 → 5
    8 → 2

   Switch to Tournament 100 using subset [0, 3, 5, 7]:
[0 1 0 0 0 0 1 1 0]
[0 0 0 1 0 0 1 1 0]
[1 1 0 1 0 0 1 1 0]
[1 0 0 0 1 0 1 0 1]
[1 1 1 0 0 1 0 0 1]
[1 1 1 1 0 0 1 0 1]
[0 0 0 0 1 0 0 1 0]
[0 0 0 1 1 1 0 0 1]
[1 1 1 0 0 0 1 0 0]
  Isomorphism mapping:
    0 → 3
    1 → 2
    2 → 7
    3 → 6
    4 → 5
    5 → 8
    6 → 1
    7 → 0
    8 → 4

   Switch to Tournament 101 using subset [2, 8]:
[0 0 0 0 1 0 0 1 0]
[1 0 1 0 0 1 1 0 1]
[1 0 0 1 1 0 0 1 0]
[1 1 0 0 0 0 0 0 1]
[0 1 0 1 0 0 0 1 0]
[1 0 1 1 1 0 0 0 1]
[1 0 1 1 1 1 0 0 1]
[0 1 0 1 0 1 1 0 1]
[1 0 1 0 1 0 0 0 0]
  Isomorphism mapping:
    0 → 0
    1 → 2
    2 → 6
    3 → 3
    4 → 5
    5 → 7
    6 → 8
    7 → 4
    8 → 1

   Switch to Tournament 102 using subset [0, 1, 6, 8]:
[0 0 0 1 0 1 0 0 1]
[1 0 1 1 1 0 1 1 0]
[1 0 0 0 0 1 0 0 1]
[0 0 1 0 0 0 1 0 1]
[1 0 1 1 0 0 1 1 0]
[0 1 0 1 1 0 1 0 1]
[1 0 1 0 0 0 0 1 0]
[1 0 1 1 0 1 0 0 1]
[0 1 0 0 1 0 1 0 0]
  Isomorphism mapping:
    0 → 4
    1 → 8
    2 → 5
    3 → 2
    4 → 7
    5 → 3
    6 → 0
    7 → 6
    8 → 1

   Switch to Tournament 103 using subset [0, 6]:
[0 1 0 1 0 1 0 0 0]
[0 0 0 0 0 1 0 0 0]
[1 1 0 0 0 1 0 0 0]
[0 1 1 0 0 0 1 0 0]
[1 1 1 1 0 0 1 1 1]
[0 0 0 1 1 0 1 0 0]
[1 1 1 0 0 0 0 1 1]
[1 1 1 1 0 1 0 0 0]
[1 1 1 1 0 1 0 1 0]
  Isomorphism mapping:
    0 → 2
    1 → 1
    2 → 3
    3 → 5
    4 → 8
    5 → 0
    6 → 4
    7 → 6
    8 → 7

   Switch to Tournament 104 using subset [0, 1, 4, 6]:
[0 0 0 1 1 1 0 0 0]
[1 0 1 1 0 0 1 1 1]
[1 0 0 0 1 1 0 0 0]
[0 0 1 0 1 0 1 0 0]
[0 1 0 0 0 1 0 0 0]
[0 1 0 1 0 0 1 0 0]
[1 0 1 0 1 0 0 1 1]
[1 0 1 1 1 1 0 0 0]
[1 0 1 1 1 1 0 1 0]
  Isomorphism mapping:
    0 → 2
    1 → 7
    2 → 3
    3 → 5
    4 → 1
    5 → 0
    6 → 4
    7 → 6
    8 → 8

   Switch to Tournament 105 using subset [0, 1, 6, 7]:
[0 0 0 1 0 1 0 1 0]
[1 0 1 1 1 0 1 0 1]
[1 0 0 0 0 1 0 1 0]
[0 0 1 0 0 0 1 1 0]
[1 0 1 1 0 0 1 0 1]
[0 1 0 1 1 0 1 1 0]
[1 0 1 0 0 0 0 0 1]
[0 1 0 0 1 0 1 0 1]
[1 0 1 1 0 1 0 0 0]
  Isomorphism mapping:
    0 → 4
    1 → 8
    2 → 5
    3 → 2
    4 → 7
    5 → 3
    6 → 0
    7 → 1
    8 → 6

   Switch to Tournament 106 using subset [2, 4, 7, 8]:
[0 0 0 0 0 0 0 0 0]
[1 0 1 0 1 1 1 1 1]
[1 0 0 1 0 0 0 0 0]
[1 1 0 0 1 0 0 1 1]
[1 0 1 0 0 1 1 1 1]
[1 0 1 1 0 0 0 1 1]
[1 0 1 1 0 1 0 1 1]
[1 0 1 0 0 0 0 0 0]
[1 0 1 0 0 0 0 1 0]
  Isomorphism mapping:
    0 → 0
    1 → 8
    2 → 1
    3 → 4
    4 → 7
    5 → 5
    6 → 6
    7 → 2
    8 → 3

   Switch to Tournament 107 using subset [0, 3, 4, 5]:
[0 1 0 0 1 0 1 0 0]
[0 0 0 1 1 0 1 0 0]
[1 1 0 1 1 0 1 0 0]
[1 0 0 0 0 0 1 1 1]
[0 0 0 1 0 0 1 0 0]
[1 1 1 1 1 0 1 1 1]
[0 0 0 0 0 0 0 0 0]
[1 1 1 0 1 0 1 0 0]
[1 1 1 0 1 0 1 1 0]
  Isomorphism mapping:
    0 → 4
    1 → 3
    2 → 5
    3 → 1
    4 → 2
    5 → 8
    6 → 0
    7 → 6
    8 → 7

   Switch to Tournament 108 using subset [0, 3, 4, 6]:
[0 1 0 0 1 1 0 0 0]
[0 0 0 1 1 1 0 0 0]
[1 1 0 1 1 1 0 0 0]
[1 0 0 0 0 1 0 1 1]
[0 0 0 1 0 1 0 0 0]
[0 0 0 0 0 0 1 0 0]
[1 1 1 1 1 0 0 1 1]
[1 1 1 0 1 1 0 0 0]
[1 1 1 0 1 1 0 1 0]
  Isomorphism mapping:
    0 → 4
    1 → 3
    2 → 5
    3 → 1
    4 → 2
    5 → 0
    6 → 8
    7 → 6
    8 → 7

   Switch to Tournament 109 using subset [0, 1, 5, 7]:
[0 0 0 1 0 0 1 1 0]
[1 0 1 1 1 1 0 0 1]
[1 0 0 0 0 0 1 1 0]
[0 0 1 0 0 1 0 1 0]
[1 0 1 1 0 1 0 0 1]
[1 0 1 0 0 0 1 0 1]
[0 1 0 1 1 0 0 1 0]
[0 1 0 0 1 1 0 0 1]
[1 0 1 1 0 0 1 0 0]
  Isomorphism mapping:
    0 → 3
    1 → 8
    2 → 4
    3 → 1
    4 → 7
    5 → 6
    6 → 2
    7 → 0
    8 → 5

   Switch to Tournament 110 using subset [1, 2, 4, 6]:
[0 1 0 0 0 0 1 1 1]
[0 0 0 1 0 0 1 1 1]
[1 1 0 1 0 0 1 1 1]
[1 0 0 0 1 0 1 0 0]
[1 1 1 0 0 1 0 0 0]
[1 1 1 1 0 0 1 0 0]
[0 0 0 0 1 0 0 1 1]
[0 0 0 1 1 1 0 0 0]
[0 0 0 1 1 1 0 1 0]
  Isomorphism mapping:
    0 → 6
    1 → 5
    2 → 8
    3 → 1
    4 → 0
    5 → 7
    6 → 4
    7 → 2
    8 → 3

   Switch to Tournament 111 using subset [3, 6, 7]:
[0 0 1 1 1 0 1 0 1]
[1 0 0 1 0 1 0 1 0]
[0 1 0 1 0 1 0 1 0]
[0 0 0 0 1 1 0 0 1]
[0 1 1 0 0 0 1 0 1]
[1 0 0 0 1 0 1 1 0]
[0 1 1 1 0 0 0 0 1]
[1 0 0 1 1 0 1 0 1]
[0 1 1 0 0 1 0 0 0]
  Isomorphism mapping:
    0 → 8
    1 → 2
    2 → 3
    3 → 1
    4 → 6
    5 → 0
    6 → 5
    7 → 7
    8 → 4

   Switch to Tournament 112 using subset [0, 1, 7]:
[0 0 0 1 0 1 1 1 0]
[1 0 1 1 1 0 0 0 1]
[1 0 0 0 0 1 1 1 0]
[0 0 1 0 0 0 0 1 0]
[1 0 1 1 0 0 0 0 1]
[0 1 0 1 1 0 0 1 0]
[0 1 0 1 1 1 0 1 0]
[0 1 0 0 1 0 0 0 1]
[1 0 1 1 0 1 1 0 0]
  Isomorphism mapping:
    0 → 3
    1 → 7
    2 → 4
    3 → 1
    4 → 6
    5 → 2
    6 → 8
    7 → 0
    8 → 5

   Switch to Tournament 113 using subset [3, 5, 8]:
[0 0 1 1 1 1 0 1 0]
[1 0 0 1 0 0 1 0 1]
[0 1 0 1 0 0 1 0 1]
[0 0 0 0 1 0 1 1 0]
[0 1 1 0 0 1 0 1 0]
[0 1 1 1 0 0 1 1 0]
[1 0 0 0 1 0 0 0 1]
[0 1 1 0 0 0 1 0 1]
[1 0 0 1 1 1 0 0 0]
  Isomorphism mapping:
    0 → 2
    1 → 5
    2 → 6
    3 → 1
    4 → 0
    5 → 8
    6 → 4
    7 → 7
    8 → 3

   Switch to Tournament 114 using subset [0, 4, 8]:
[0 1 0 1 1 1 1 0 1]
[0 0 0 0 1 1 1 0 1]
[1 1 0 0 1 1 1 0 1]
[0 1 1 0 1 0 0 0 1]
[0 0 0 0 0 1 1 0 1]
[0 0 0 1 0 0 0 0 1]
[0 0 0 1 0 1 0 0 1]
[1 1 1 1 1 1 1 0 1]
[0 0 0 0 0 0 0 0 0]
  Isomorphism mapping:
    0 → 6
    1 → 5
    2 → 7
    3 → 1
    4 → 4
    5 → 2
    6 → 3
    7 → 8
    8 → 0

   Switch to Tournament 115 using subset [0, 4, 7]:
[0 1 0 1 1 1 1 1 0]
[0 0 0 0 1 1 1 1 0]
[1 1 0 0 1 1 1 1 0]
[0 1 1 0 1 0 0 1 0]
[0 0 0 0 0 1 1 1 0]
[0 0 0 1 0 0 0 1 0]
[0 0 0 1 0 1 0 1 0]
[0 0 0 0 0 0 0 0 1]
[1 1 1 1 1 1 1 0 0]
  Isomorphism mapping:
    0 → 6
    1 → 5
    2 → 7
    3 → 1
    4 → 4
    5 → 2
    6 → 3
    7 → 0
    8 → 8

   Switch to Tournament 116 using subset [1, 5, 6]:
[0 1 1 0 1 1 1 1 1]
[0 0 1 1 1 1 1 1 1]
[0 0 0 0 0 0 0 0 0]
[1 0 1 0 0 1 1 0 0]
[0 0 1 1 0 1 1 1 1]
[0 0 1 0 0 0 0 1 1]
[0 0 1 0 0 1 0 1 1]
[0 0 1 1 0 0 0 0 0]
[0 0 1 1 0 0 0 1 0]
  Isomorphism mapping:
    0 → 7
    1 → 8
    2 → 0
    3 → 1
    4 → 6
    5 → 4
    6 → 5
    7 → 2
    8 → 3

   Switch to Tournament 117 using subset [0, 3, 7, 8]:
[0 1 0 0 0 1 1 1 1]
[0 0 0 1 0 1 1 1 1]
[1 1 0 1 0 1 1 1 1]
[1 0 0 0 1 1 1 0 0]
[1 1 1 0 0 0 0 0 0]
[0 0 0 0 1 0 0 1 1]
[0 0 0 0 1 1 0 1 1]
[0 0 0 1 1 0 0 0 0]
[0 0 0 1 1 0 0 1 0]
  Isomorphism mapping:
    0 → 7
    1 → 6
    2 → 8
    3 → 1
    4 → 0
    5 → 4
    6 → 5
    7 → 2
    8 → 3

   Switch to Tournament 118 using subset [3, 6]:
[0 0 1 1 1 0 1 1 1]
[1 0 0 1 0 1 0 0 0]
[0 1 0 1 0 1 0 0 0]
[0 0 0 0 1 1 0 1 1]
[0 1 1 0 0 0 1 1 1]
[1 0 0 0 1 0 1 0 0]
[0 1 1 1 0 0 0 1 1]
[0 1 1 0 0 1 0 0 0]
[0 1 1 0 0 1 0 1 0]
  Isomorphism mapping:
    0 → 8
    1 → 2
    2 → 3
    3 → 1
    4 → 7
    5 → 0
    6 → 6
    7 → 4
    8 → 5

   Switch to Tournament 119 using subset [0, 1]:
[0 0 0 1 0 1 1 0 0]
[1 0 1 1 1 0 0 1 1]
[1 0 0 0 0 1 1 0 0]
[0 0 1 0 0 0 0 0 0]
[1 0 1 1 0 0 0 1 1]
[0 1 0 1 1 0 0 0 0]
[0 1 0 1 1 1 0 0 0]
[1 0 1 1 0 1 1 0 0]
[1 0 1 1 0 1 1 1 0]
  Isomorphism mapping:
    0 → 4
    1 → 7
    2 → 5
    3 → 0
    4 → 1
    5 → 2
    6 → 3
    7 → 6
    8 → 8

   Switch to Tournament 120 using subset [0, 1, 5, 8]:
[0 0 0 1 0 0 1 0 1]
[1 0 1 1 1 1 0 1 0]
[1 0 0 0 0 0 1 0 1]
[0 0 1 0 0 1 0 0 1]
[1 0 1 1 0 1 0 1 0]
[1 0 1 0 0 0 1 1 0]
[0 1 0 1 1 0 0 0 1]
[1 0 1 1 0 0 1 0 1]
[0 1 0 0 1 1 0 0 0]
  Isomorphism mapping:
    0 → 3
    1 → 8
    2 → 4
    3 → 1
    4 → 7
    5 → 5
    6 → 2
    7 → 6
    8 → 0

   Switch to Tournament 121 using subset [0, 4, 5, 6]:
[0 1 0 1 1 0 0 0 0]
[0 0 0 0 1 0 0 0 0]
[1 1 0 0 1 0 0 0 0]
[0 1 1 0 1 1 1 0 0]
[0 0 0 0 0 0 0 0 0]
[1 1 1 0 1 0 0 1 1]
[1 1 1 0 1 1 0 1 1]
[1 1 1 1 1 0 0 0 0]
[1 1 1 1 1 0 0 1 0]
  Isomorphism mapping:
    0 → 3
    1 → 1
    2 → 4
    3 → 2
    4 → 0
    5 → 7
    6 → 8
    7 → 5
    8 → 6

   Switch to Tournament 122 using subset [0, 1, 7, 8]:
[0 0 0 1 0 1 1 1 1]
[1 0 1 1 1 0 0 0 0]
[1 0 0 0 0 1 1 1 1]
[0 0 1 0 0 0 0 1 1]
[1 0 1 1 0 0 0 0 0]
[0 1 0 1 1 0 0 1 1]
[0 1 0 1 1 1 0 1 1]
[0 1 0 0 1 0 0 0 0]
[0 1 0 0 1 0 0 1 0]
  Isomorphism mapping:
    0 → 2
    1 → 6
    2 → 3
    3 → 4
    4 → 5
    5 → 7
    6 → 8
    7 → 0
    8 → 1

   Switch to Tournament 123 using subset [0, 1, 5]:
[0 0 0 1 0 0 1 0 0]
[1 0 1 1 1 1 0 1 1]
[1 0 0 0 0 0 1 0 0]
[0 0 1 0 0 1 0 0 0]
[1 0 1 1 0 1 0 1 1]
[1 0 1 0 0 0 1 1 1]
[0 1 0 1 1 0 0 0 0]
[1 0 1 1 0 0 1 0 0]
[1 0 1 1 0 0 1 1 0]
  Isomorphism mapping:
    0 → 2
    1 → 8
    2 → 3
    3 → 0
    4 → 7
    5 → 6
    6 → 1
    7 → 4
    8 → 5

   Switch to Tournament 124 using subset [1, 2, 6]:
[0 1 0 0 1 0 1 1 1]
[0 0 0 1 1 0 1 1 1]
[1 1 0 1 1 0 1 1 1]
[1 0 0 0 0 0 1 0 0]
[0 0 0 1 0 0 1 1 1]
[1 1 1 1 1 0 1 0 0]
[0 0 0 0 0 0 0 1 1]
[0 0 0 1 0 1 0 0 0]
[0 0 0 1 0 1 0 1 0]
  Isomorphism mapping:
    0 → 6
    1 → 5
    2 → 8
    3 → 0
    4 → 4
    5 → 7
    6 → 3
    7 → 1
    8 → 2

   Switch to Tournament 125 using subset [3, 5, 6, 7]:
[0 0 1 1 1 1 1 0 1]
[1 0 0 1 0 0 0 1 0]
[0 1 0 1 0 0 0 1 0]
[0 0 0 0 1 0 0 0 1]
[0 1 1 0 0 1 1 0 1]
[0 1 1 1 0 0 0 0 1]
[0 1 1 1 0 1 0 0 1]
[1 0 0 1 1 1 1 0 1]
[0 1 1 0 0 0 0 0 0]
  Isomorphism mapping:
    0 → 8
    1 → 1
    2 → 2
    3 → 0
    4 → 6
    5 → 4
    6 → 5
    7 → 7
    8 → 3

   Switch to Tournament 126 using subset [3, 4]:
[0 0 1 1 0 0 0 1 1]
[1 0 0 1 1 1 1 0 0]
[0 1 0 1 1 1 1 0 0]
[0 0 0 0 0 1 1 1 1]
[1 0 0 1 0 1 1 0 0]
[1 0 0 0 0 0 0 0 0]
[1 0 0 0 0 1 0 0 0]
[0 1 1 0 1 1 1 0 0]
[0 1 1 0 1 1 1 1 0]
  Isomorphism mapping:
    0 → 0
    1 → 5
    2 → 6
    3 → 3
    4 → 4
    5 → 1
    6 → 2
    7 → 7
    8 → 8

   Switch to Tournament 127 using subset [3, 4, 5, 8]:
[0 0 1 1 0 1 0 1 0]
[1 0 0 1 1 0 1 0 1]
[0 1 0 1 1 0 1 0 1]
[0 0 0 0 0 0 1 1 0]
[1 0 0 1 0 0 1 0 1]
[0 1 1 1 1 0 1 1 0]
[1 0 0 0 0 0 0 0 1]
[0 1 1 0 1 0 1 0 1]
[1 0 0 1 0 1 0 0 0]
  Isomorphism mapping:
    0 → 1
    1 → 5
    2 → 6
    3 → 0
    4 → 4
    5 → 8
    6 → 3
    7 → 7
    8 → 2

   Switch to Tournament 128 using subset [1, 3, 5, 6]:
[0 1 1 1 1 1 1 1 1]
[0 0 1 0 1 1 1 1 1]
[0 0 0 1 0 0 0 0 0]
[0 1 0 0 1 0 0 1 1]
[0 0 1 0 0 1 1 1 1]
[0 0 1 1 0 0 0 1 1]
[0 0 1 1 0 1 0 1 1]
[0 0 1 0 0 0 0 0 0]
[0 0 1 0 0 0 0 1 0]
  Isomorphism mapping:
    0 → 8
    1 → 7
    2 → 0
    3 → 3
    4 → 6
    5 → 4
    6 → 5
    7 → 1
    8 → 2

   Switch to Tournament 129 using subset [0, 3, 4, 8]:
[0 1 0 0 1 1 1 0 1]
[0 0 0 1 1 1 1 0 1]
[1 1 0 1 1 1 1 0 1]
[1 0 0 0 0 1 1 1 0]
[0 0 0 1 0 1 1 0 1]
[0 0 0 0 0 0 0 0 1]
[0 0 0 0 0 1 0 0 1]
[1 1 1 0 1 1 1 0 1]
[0 0 0 1 0 0 0 0 0]
  Isomorphism mapping:
    0 → 6
    1 → 5
    2 → 8
    3 → 3
    4 → 4
    5 → 1
    6 → 2
    7 → 7
    8 → 0

   Switch to Tournament 130 using subset [0, 3, 4, 7]:
[0 1 0 0 1 1 1 1 0]
[0 0 0 1 1 1 1 1 0]
[1 1 0 1 1 1 1 1 0]
[1 0 0 0 0 1 1 0 1]
[0 0 0 1 0 1 1 1 0]
[0 0 0 0 0 0 0 1 0]
[0 0 0 0 0 1 0 1 0]
[0 0 0 1 0 0 0 0 1]
[1 1 1 0 1 1 1 0 0]
  Isomorphism mapping:
    0 → 6
    1 → 5
    2 → 8
    3 → 3
    4 → 4
    5 → 1
    6 → 2
    7 → 0
    8 → 7

   Switch to Tournament 131 using subset [2, 3, 5, 6]:
[0 0 0 1 1 1 1 1 1]
[1 0 1 1 0 0 0 0 0]
[1 0 0 0 1 1 1 1 1]
[0 0 1 0 1 0 0 1 1]
[0 1 0 0 0 1 1 1 1]
[0 1 0 1 0 0 0 1 1]
[0 1 0 1 0 1 0 1 1]
[0 1 0 0 0 0 0 0 0]
[0 1 0 0 0 0 0 1 0]
  Isomorphism mapping:
    0 → 8
    1 → 0
    2 → 7
    3 → 3
    4 → 6
    5 → 4
    6 → 5
    7 → 1
    8 → 2

   Switch to Tournament 132 using subset [1, 2, 7, 8]:
[0 1 0 0 1 0 0 0 0]
[0 0 0 1 1 0 0 0 0]
[1 1 0 1 1 0 0 0 0]
[1 0 0 0 0 0 0 1 1]
[0 0 0 1 0 0 0 0 0]
[1 1 1 1 1 0 0 1 1]
[1 1 1 1 1 1 0 1 1]
[1 1 1 0 1 0 0 0 0]
[1 1 1 0 1 0 0 1 0]
  Isomorphism mapping:
    0 → 3
    1 → 2
    2 → 4
    3 → 0
    4 → 1
    5 → 7
    6 → 8
    7 → 5
    8 → 6

   Switch to Tournament 133 using subset [1, 3, 7, 8]:
[0 1 1 1 1 0 0 0 0]
[0 0 1 0 1 0 0 0 0]
[0 0 0 1 0 1 1 1 1]
[0 1 0 0 1 1 1 0 0]
[0 0 1 0 0 0 0 0 0]
[1 1 0 0 1 0 0 1 1]
[1 1 0 0 1 1 0 1 1]
[1 1 0 1 1 0 0 0 0]
[1 1 0 1 1 0 0 1 0]
  Isomorphism mapping:
    0 → 4
    1 → 2
    2 → 0
    3 → 3
    4 → 1
    5 → 7
    6 → 8
    7 → 5
    8 → 6

   Switch to Tournament 134 using subset [4, 5, 6]:
[0 0 1 0 0 1 1 1 1]
[1 0 0 0 1 0 0 0 0]
[0 1 0 0 1 0 0 0 0]
[1 1 1 0 1 1 1 0 0]
[1 0 0 0 0 0 0 0 0]
[0 1 1 0 1 0 0 1 1]
[0 1 1 0 1 1 0 1 1]
[0 1 1 1 1 0 0 0 0]
[0 1 1 1 1 0 0 1 0]
  Isomorphism mapping:
    0 → 0
    1 → 2
    2 → 3
    3 → 4
    4 → 1
    5 → 7
    6 → 8
    7 → 5
    8 → 6

   Switch to Tournament 135 using subset [1, 2, 4, 7]:
[0 1 0 0 0 0 0 0 1]
[0 0 0 1 0 0 0 0 1]
[1 1 0 1 0 0 0 0 1]
[1 0 0 0 1 0 0 1 0]
[1 1 1 0 0 1 1 1 0]
[1 1 1 1 0 0 0 1 0]
[1 1 1 1 0 1 0 1 0]
[1 1 1 0 0 0 0 0 1]
[0 0 0 1 1 1 1 0 0]
  Isomorphism mapping:
    0 → 3
    1 → 2
    2 → 4
    3 → 0
    4 → 7
    5 → 6
    6 → 8
    7 → 5
    8 → 1

   Switch to Tournament 136 using subset [0]:
[0 1 0 1 0 1 1 0 0]
[0 0 0 0 0 1 1 0 0]
[1 1 0 0 0 1 1 0 0]
[0 1 1 0 0 0 0 0 0]
[1 1 1 1 0 0 0 1 1]
[0 0 0 1 1 0 0 0 0]
[0 0 0 1 1 1 0 0 0]
[1 1 1 1 0 1 1 0 0]
[1 1 1 1 0 1 1 1 0]
  Isomorphism mapping:
    0 → 4
    1 → 3
    2 → 5
    3 → 0
    4 → 6
    5 → 1
    6 → 2
    7 → 7
    8 → 8

   Switch to Tournament 137 using subset [0, 2, 5]:
[0 1 1 1 0 0 1 0 0]
[0 0 1 0 0 0 1 0 0]
[0 0 0 1 1 1 0 1 1]
[0 1 0 0 0 1 0 0 0]
[1 1 0 1 0 1 0 1 1]
[1 1 0 0 0 0 1 1 1]
[0 0 1 1 1 0 0 0 0]
[1 1 0 1 0 0 1 0 0]
[1 1 0 1 0 0 1 1 0]
  Isomorphism mapping:
    0 → 4
    1 → 3
    2 → 1
    3 → 0
    4 → 8
    5 → 7
    6 → 2
    7 → 5
    8 → 6

   Switch to Tournament 138 using subset [0, 4, 5]:
[0 1 0 1 1 0 1 0 0]
[0 0 0 0 1 0 1 0 0]
[1 1 0 0 1 0 1 0 0]
[0 1 1 0 1 1 0 0 0]
[0 0 0 0 0 0 1 0 0]
[1 1 1 0 1 0 1 1 1]
[0 0 0 1 0 0 0 0 0]
[1 1 1 1 1 0 1 0 0]
[1 1 1 1 1 0 1 1 0]
  Isomorphism mapping:
    0 → 4
    1 → 2
    2 → 5
    3 → 3
    4 → 1
    5 → 7
    6 → 0
    7 → 6
    8 → 8

   Switch to Tournament 139 using subset [0, 1, 3, 4]:
[0 0 0 0 1 1 1 0 0]
[1 0 1 0 0 0 0 1 1]
[1 0 0 1 1 1 1 0 0]
[1 1 0 0 0 1 1 1 1]
[0 1 0 1 0 1 1 0 0]
[0 1 0 0 0 0 0 0 0]
[0 1 0 0 0 1 0 0 0]
[1 0 1 0 1 1 1 0 0]
[1 0 1 0 1 1 1 1 0]
  Isomorphism mapping:
    0 → 3
    1 → 0
    2 → 6
    3 → 4
    4 → 5
    5 → 1
    6 → 2
    7 → 7
    8 → 8

   Switch to Tournament 140 using subset [2, 4, 5, 7]:
[0 0 0 0 0 1 0 0 1]
[1 0 1 0 1 0 1 1 0]
[1 0 0 1 0 1 0 0 1]
[1 1 0 0 1 1 0 1 0]
[1 0 1 0 0 0 1 1 0]
[0 1 0 0 1 0 1 0 1]
[1 0 1 1 0 0 0 1 0]
[1 0 1 0 0 1 0 0 1]
[0 1 0 1 1 0 1 0 0]
  Isomorphism mapping:
    0 → 2
    1 → 8
    2 → 4
    3 → 3
    4 → 7
    5 → 1
    6 → 6
    7 → 5
    8 → 0

   Switch to Tournament 141 using subset [1, 4, 5]:
[0 1 1 0 0 1 0 1 1]
[0 0 1 1 0 1 0 1 1]
[0 0 0 0 1 0 1 0 0]
[1 0 1 0 1 1 0 0 0]
[1 1 0 0 0 0 1 0 0]
[0 0 1 0 1 0 1 1 1]
[1 1 0 1 0 0 0 0 0]
[0 0 1 1 1 0 1 0 0]
[0 0 1 1 1 0 1 1 0]
  Isomorphism mapping:
    0 → 7
    1 → 6
    2 → 2
    3 → 3
    4 → 1
    5 → 5
    6 → 0
    7 → 4
    8 → 8

   Switch to Tournament 142 using subset [1, 2, 5, 6]:
[0 1 0 0 1 1 1 1 1]
[0 0 0 1 1 1 1 1 1]
[1 1 0 1 1 1 1 1 1]
[1 0 0 0 0 1 1 0 0]
[0 0 0 1 0 1 1 1 1]
[0 0 0 0 0 0 0 1 1]
[0 0 0 0 0 1 0 1 1]
[0 0 0 1 0 0 0 0 0]
[0 0 0 1 0 0 0 1 0]
  Isomorphism mapping:
    0 → 7
    1 → 6
    2 → 8
    3 → 0
    4 → 5
    5 → 3
    6 → 4
    7 → 1
    8 → 2

   Switch to Tournament 143 using subset [3, 5, 6]:
[0 0 1 1 1 1 1 1 1]
[1 0 0 1 0 0 0 0 0]
[0 1 0 1 0 0 0 0 0]
[0 0 0 0 1 0 0 1 1]
[0 1 1 0 0 1 1 1 1]
[0 1 1 1 0 0 0 1 1]
[0 1 1 1 0 1 0 1 1]
[0 1 1 0 0 0 0 0 0]
[0 1 1 0 0 0 0 1 0]
  Isomorphism mapping:
    0 → 8
    1 → 1
    2 → 2
    3 → 0
    4 → 7
    5 → 5
    6 → 6
    7 → 3
    8 → 4

   Switch to Tournament 144 using subset [0, 4]:
[0 1 0 1 1 1 1 0 0]
[0 0 0 0 1 1 1 0 0]
[1 1 0 0 1 1 1 0 0]
[0 1 1 0 1 0 0 0 0]
[0 0 0 0 0 1 1 0 0]
[0 0 0 1 0 0 0 0 0]
[0 0 0 1 0 1 0 0 0]
[1 1 1 1 1 1 1 0 0]
[1 1 1 1 1 1 1 1 0]
  Isomorphism mapping:
    0 → 5
    1 → 4
    2 → 6
    3 → 0
    4 → 3
    5 → 1
    6 → 2
    7 → 7
    8 → 8

   Switch to Tournament 145 using subset [0, 2, 4, 5]:
[0 1 1 1 1 0 1 0 0]
[0 0 1 0 1 0 1 0 0]
[0 0 0 1 0 1 0 1 1]
[0 1 0 0 1 1 0 0 0]
[0 0 1 0 0 0 1 0 0]
[1 1 0 0 1 0 1 1 1]
[0 0 1 1 0 0 0 0 0]
[1 1 0 1 1 0 1 0 0]
[1 1 0 1 1 0 1 1 0]
  Isomorphism mapping:
    0 → 5
    1 → 4
    2 → 1
    3 → 0
    4 → 3
    5 → 7
    6 → 2
    7 → 6
    8 → 8

   Switch to Tournament 146 using subset [3, 4, 8]:
[0 0 1 1 0 0 0 1 0]
[1 0 0 1 1 1 1 0 1]
[0 1 0 1 1 1 1 0 1]
[0 0 0 0 0 1 1 1 0]
[1 0 0 1 0 1 1 0 1]
[1 0 0 0 0 0 0 0 1]
[1 0 0 0 0 1 0 0 1]
[0 1 1 0 1 1 1 0 1]
[1 0 0 1 0 0 0 0 0]
  Isomorphism mapping:
    0 → 1
    1 → 8
    2 → 6
    3 → 0
    4 → 5
    5 → 3
    6 → 4
    7 → 7
    8 → 2

   Switch to Tournament 147 using subset [0, 1, 3]:
[0 0 0 0 0 1 1 0 0]
[1 0 1 0 1 0 0 1 1]
[1 0 0 1 0 1 1 0 0]
[1 1 0 0 1 1 1 1 1]
[1 0 1 0 0 0 0 1 1]
[0 1 0 0 1 0 0 0 0]
[0 1 0 0 1 1 0 0 0]
[1 0 1 0 0 1 1 0 0]
[1 0 1 0 0 1 1 1 0]
  Isomorphism mapping:
    0 → 3
    1 → 7
    2 → 4
    3 → 8
    4 → 0
    5 → 1
    6 → 2
    7 → 5
    8 → 6

   Switch to Tournament 148 using subset [1, 2, 3]:
[0 1 0 1 1 0 0 1 1]
[0 0 0 0 1 0 0 1 1]
[1 1 0 0 1 0 0 1 1]
[0 1 1 0 1 1 1 1 1]
[0 0 0 0 0 0 0 1 1]
[1 1 1 0 1 0 0 0 0]
[1 1 1 0 1 1 0 0 0]
[0 0 0 0 0 1 1 0 0]
[0 0 0 0 0 1 1 1 0]
  Isomorphism mapping:
    0 → 5
    1 → 4
    2 → 6
    3 → 8
    4 → 3
    5 → 0
    6 → 7
    7 → 1
    8 → 2

   Switch to Tournament 149 using subset [2, 6, 7, 8]:
[0 0 0 0 1 0 1 0 0]
[1 0 1 0 0 1 0 1 1]
[1 0 0 1 1 0 1 0 0]
[1 1 0 0 0 0 1 1 1]
[0 1 0 1 0 0 1 0 0]
[1 0 1 1 1 0 1 1 1]
[0 1 0 0 0 0 0 0 0]
[1 0 1 0 1 0 1 0 0]
[1 0 1 0 1 0 1 1 0]
  Isomorphism mapping:
    0 → 3
    1 → 0
    2 → 4
    3 → 7
    4 → 2
    5 → 8
    6 → 1
    7 → 5
    8 → 6

   Switch to Tournament 150 using subset [2, 5, 7, 8]:
[0 0 0 0 1 1 0 0 0]
[1 0 1 0 0 0 1 1 1]
[1 0 0 1 1 1 0 0 0]
[1 1 0 0 0 1 0 1 1]
[0 1 0 1 0 1 0 0 0]
[0 1 0 0 0 0 1 0 0]
[1 0 1 1 1 0 0 1 1]
[1 0 1 0 1 1 0 0 0]
[1 0 1 0 1 1 0 1 0]
  Isomorphism mapping:
    0 → 3
    1 → 0
    2 → 4
    3 → 7
    4 → 2
    5 → 1
    6 → 8
    7 → 5
    8 → 6

   Switch to Tournament 151 using subset [2, 4, 5, 6]:
[0 0 0 0 0 1 1 1 1]
[1 0 1 0 1 0 0 0 0]
[1 0 0 1 0 1 1 1 1]
[1 1 0 0 1 1 1 0 0]
[1 0 1 0 0 0 0 0 0]
[0 1 0 0 1 0 0 1 1]
[0 1 0 0 1 1 0 1 1]
[0 1 0 1 1 0 0 0 0]
[0 1 0 1 1 0 0 1 0]
  Isomorphism mapping:
    0 → 0
    1 → 2
    2 → 8
    3 → 7
    4 → 1
    5 → 5
    6 → 6
    7 → 3
    8 → 4

   Switch to Tournament 152 using subset [0, 2]:
[0 1 1 1 0 1 1 0 0]
[0 0 1 0 0 1 1 0 0]
[0 0 0 1 1 0 0 1 1]
[0 1 0 0 0 0 0 0 0]
[1 1 0 1 0 0 0 1 1]
[0 0 1 1 1 0 0 0 0]
[0 0 1 1 1 1 0 0 0]
[1 1 0 1 0 1 1 0 0]
[1 1 0 1 0 1 1 1 0]
  Isomorphism mapping:
    0 → 6
    1 → 0
    2 → 3
    3 → 1
    4 → 2
    5 → 4
    6 → 5
    7 → 7
    8 → 8

   Switch to Tournament 153 using subset [0, 1, 2, 6]:
[0 0 1 1 0 1 0 0 0]
[1 0 0 1 1 0 1 1 1]
[0 1 0 1 1 0 1 1 1]
[0 0 0 0 0 0 1 0 0]
[1 0 0 1 0 0 1 1 1]
[0 1 1 1 1 0 1 0 0]
[1 0 0 0 0 0 0 1 1]
[1 0 0 1 0 1 0 0 0]
[1 0 0 1 0 1 0 1 0]
  Isomorphism mapping:
    0 → 3
    1 → 8
    2 → 7
    3 → 1
    4 → 6
    5 → 2
    6 → 0
    7 → 4
    8 → 5

   Switch to Tournament 154 using subset [1, 2, 3, 6]:
[0 1 0 1 1 0 1 1 1]
[0 0 0 0 1 0 1 1 1]
[1 1 0 0 1 0 1 1 1]
[0 1 1 0 1 1 0 1 1]
[0 0 0 0 0 0 1 1 1]
[1 1 1 0 1 0 1 0 0]
[0 0 0 1 0 0 0 1 1]
[0 0 0 0 0 1 0 0 0]
[0 0 0 0 0 1 0 1 0]
  Isomorphism mapping:
    0 → 7
    1 → 5
    2 → 8
    3 → 6
    4 → 4
    5 → 0
    6 → 3
    7 → 1
    8 → 2

   Switch to Tournament 155 using subset [0, 1, 3, 8]:
[0 0 0 0 0 1 1 0 1]
[1 0 1 0 1 0 0 1 0]
[1 0 0 1 0 1 1 0 1]
[1 1 0 0 1 1 1 1 0]
[1 0 1 0 0 0 0 1 0]
[0 1 0 0 1 0 0 0 1]
[0 1 0 0 1 1 0 0 1]
[1 0 1 0 0 1 1 0 1]
[0 1 0 1 1 0 0 0 0]
  Isomorphism mapping:
    0 → 0
    1 → 2
    2 → 6
    3 → 8
    4 → 1
    5 → 4
    6 → 5
    7 → 7
    8 → 3

   Switch to Tournament 156 using subset [1, 3]:
[0 1 1 1 1 0 0 1 1]
[0 0 1 0 1 0 0 1 1]
[0 0 0 1 0 1 1 0 0]
[0 1 0 0 1 1 1 1 1]
[0 0 1 0 0 0 0 1 1]
[1 1 0 0 1 0 0 0 0]
[1 1 0 0 1 1 0 0 0]
[0 0 1 0 0 1 1 0 0]
[0 0 1 0 0 1 1 1 0]
  Isomorphism mapping:
    0 → 7
    1 → 6
    2 → 3
    3 → 8
    4 → 0
    5 → 1
    6 → 2
    7 → 4
    8 → 5

   Switch to Tournament 157 using subset [1, 2, 3, 4]:
[0 1 0 1 0 0 0 1 1]
[0 0 0 0 0 0 0 1 1]
[1 1 0 0 0 0 0 1 1]
[0 1 1 0 0 1 1 1 1]
[1 1 1 1 0 1 1 0 0]
[1 1 1 0 0 0 0 0 0]
[1 1 1 0 0 1 0 0 0]
[0 0 0 0 1 1 1 0 0]
[0 0 0 0 1 1 1 1 0]
  Isomorphism mapping:
    0 → 4
    1 → 3
    2 → 5
    3 → 8
    4 → 7
    5 → 0
    6 → 6
    7 → 1
    8 → 2

   Switch to Tournament 158 using subset [1, 3, 8]:
[0 1 1 1 1 0 0 1 0]
[0 0 1 0 1 0 0 1 0]
[0 0 0 1 0 1 1 0 1]
[0 1 0 0 1 1 1 1 0]
[0 0 1 0 0 0 0 1 0]
[1 1 0 0 1 0 0 0 1]
[1 1 0 0 1 1 0 0 1]
[0 0 1 0 0 1 1 0 1]
[1 1 0 1 1 0 0 0 0]
  Isomorphism mapping:
    0 → 5
    1 → 4
    2 → 1
    3 → 8
    4 → 3
    5 → 6
    6 → 7
    7 → 2
    8 → 0

   Switch to Tournament 159 using subset [0, 6, 7, 8]:
[0 1 0 1 0 1 0 1 1]
[0 0 0 0 0 1 0 1 1]
[1 1 0 0 0 1 0 1 1]
[0 1 1 0 0 0 1 1 1]
[1 1 1 1 0 0 1 0 0]
[0 0 0 1 1 0 1 1 1]
[1 1 1 0 0 0 0 0 0]
[0 0 0 0 1 0 1 0 0]
[0 0 0 0 1 0 1 1 0]
  Isomorphism mapping:
    0 → 6
    1 → 0
    2 → 7
    3 → 8
    4 → 2
    5 → 5
    6 → 1
    7 → 3
    8 → 4

   Switch to Tournament 160 using subset [1, 3, 6, 8]:
[0 1 1 1 1 0 1 1 0]
[0 0 1 0 1 0 1 1 0]
[0 0 0 1 0 1 0 0 1]
[0 1 0 0 1 1 0 1 0]
[0 0 1 0 0 0 1 1 0]
[1 1 0 0 1 0 1 0 1]
[0 0 1 1 0 0 0 1 0]
[0 0 1 0 0 1 0 0 1]
[1 1 0 1 1 0 1 0 0]
  Isomorphism mapping:
    0 → 8
    1 → 5
    2 → 1
    3 → 7
    4 → 4
    5 → 6
    6 → 3
    7 → 2
    8 → 0

   Switch to Tournament 161 using subset [0, 3, 6, 8]:
[0 1 0 0 0 1 0 0 1]
[0 0 0 1 0 1 0 0 1]
[1 1 0 1 0 1 0 0 1]
[1 0 0 0 1 1 0 1 0]
[1 1 1 0 0 0 1 1 0]
[0 0 0 0 1 0 1 0 1]
[1 1 1 1 0 0 0 1 0]
[1 1 1 0 0 1 0 0 1]
[0 0 0 1 1 0 1 0 0]
  Isomorphism mapping:
    0 → 4
    1 → 3
    2 → 8
    3 → 7
    4 → 6
    5 → 2
    6 → 0
    7 → 5
    8 → 1

   Switch to Tournament 162 using subset [0, 1, 2, 3]:
[0 0 1 0 0 1 1 0 0]
[1 0 0 0 1 0 0 1 1]
[0 1 0 0 1 0 0 1 1]
[1 1 1 0 1 1 1 1 1]
[1 0 0 0 0 0 0 1 1]
[0 1 1 0 1 0 0 0 0]
[0 1 1 0 1 1 0 0 0]
[1 0 0 0 0 1 1 0 0]
[1 0 0 0 0 1 1 1 0]
  Isomorphism mapping:
    0 → 3
    1 → 6
    2 → 7
    3 → 8
    4 → 0
    5 → 1
    6 → 2
    7 → 4
    8 → 5

   Switch to Tournament 163 using subset [0, 1, 3, 7]:
[0 0 0 0 0 1 1 1 0]
[1 0 1 0 1 0 0 0 1]
[1 0 0 1 0 1 1 1 0]
[1 1 0 0 1 1 1 0 1]
[1 0 1 0 0 0 0 0 1]
[0 1 0 0 1 0 0 1 0]
[0 1 0 0 1 1 0 1 0]
[0 1 0 1 1 0 0 0 1]
[1 0 1 0 0 1 1 0 0]
  Isomorphism mapping:
    0 → 0
    1 → 2
    2 → 6
    3 → 8
    4 → 1
    5 → 4
    6 → 5
    7 → 3
    8 → 7

   Switch to Tournament 164 using subset [2, 3]:
[0 0 0 1 1 0 0 1 1]
[1 0 1 1 0 1 1 0 0]
[1 0 0 0 1 0 0 1 1]
[0 0 1 0 1 1 1 1 1]
[0 1 0 0 0 0 0 1 1]
[1 0 1 0 1 0 0 0 0]
[1 0 1 0 1 1 0 0 0]
[0 1 0 0 0 1 1 0 0]
[0 1 0 0 0 1 1 1 0]
  Isomorphism mapping:
    0 → 4
    1 → 7
    2 → 5
    3 → 8
    4 → 3
    5 → 0
    6 → 6
    7 → 1
    8 → 2

   Switch to Tournament 165 using subset [1, 4, 5, 7]:
[0 1 1 0 0 1 0 0 1]
[0 0 1 1 0 1 0 0 1]
[0 0 0 0 1 0 1 1 0]
[1 0 1 0 1 1 0 1 0]
[1 1 0 0 0 0 1 1 0]
[0 0 1 0 1 0 1 0 1]
[1 1 0 1 0 0 0 1 0]
[1 1 0 0 0 1 0 0 1]
[0 0 1 1 1 0 1 0 0]
  Isomorphism mapping:
    0 → 6
    1 → 0
    2 → 3
    3 → 8
    4 → 2
    5 → 5
    6 → 1
    7 → 7
    8 → 4

   Switch to Tournament 166 using subset [1, 4, 5, 8]:
[0 1 1 0 0 1 0 1 0]
[0 0 1 1 0 1 0 1 0]
[0 0 0 0 1 0 1 0 1]
[1 0 1 0 1 1 0 0 1]
[1 1 0 0 0 0 1 0 1]
[0 0 1 0 1 0 1 1 0]
[1 1 0 1 0 0 0 0 1]
[0 0 1 1 1 0 1 0 1]
[1 1 0 0 0 1 0 0 0]
  Isomorphism mapping:
    0 → 2
    1 → 1
    2 → 0
    3 → 8
    4 → 5
    5 → 7
    6 → 4
    7 → 6
    8 → 3

   Switch to Tournament 167 using subset [1, 4, 6, 8]:
[0 1 1 0 0 0 1 1 0]
[0 0 1 1 0 0 1 1 0]
[0 0 0 0 1 1 0 0 1]
[1 0 1 0 1 0 1 0 1]
[1 1 0 0 0 1 0 0 1]
[1 1 0 1 0 0 1 0 1]
[0 0 1 0 1 0 0 1 0]
[0 0 1 1 1 1 0 0 1]
[1 1 0 0 0 0 1 0 0]
  Isomorphism mapping:
    0 → 5
    1 → 4
    2 → 1
    3 → 8
    4 → 7
    5 → 6
    6 → 3
    7 → 2
    8 → 0

   Switch to Tournament 168 using subset [6, 8]:
[0 0 1 0 1 0 1 1 0]
[1 0 0 0 0 1 0 0 1]
[0 1 0 0 0 1 0 0 1]
[1 1 1 0 0 0 1 0 1]
[0 1 1 1 0 0 1 1 0]
[1 0 0 1 1 0 1 0 1]
[0 1 1 0 0 0 0 1 0]
[0 1 1 1 0 1 0 0 1]
[1 0 0 0 1 0 1 0 0]
  Isomorphism mapping:
    0 → 7
    1 → 3
    2 → 4
    3 → 8
    4 → 6
    5 → 2
    6 → 0
    7 → 5
    8 → 1

   Switch to Tournament 169 using subset [2, 3, 4, 8]:
[0 0 0 1 0 0 0 1 0]
[1 0 1 1 1 1 1 0 1]
[1 0 0 0 0 0 0 1 0]
[0 0 1 0 0 1 1 1 0]
[1 0 1 1 0 1 1 0 1]
[1 0 1 0 0 0 0 0 1]
[1 0 1 0 0 1 0 0 1]
[0 1 0 0 1 1 1 0 1]
[1 0 1 1 0 0 0 0 0]
  Isomorphism mapping:
    0 → 1
    1 → 8
    2 → 2
    3 → 6
    4 → 7
    5 → 4
    6 → 5
    7 → 0
    8 → 3

   Switch to Tournament 170 using subset [1, 3, 6, 7]:
[0 1 1 1 1 0 1 0 1]
[0 0 1 0 1 0 1 0 1]
[0 0 0 1 0 1 0 1 0]
[0 1 0 0 1 1 0 0 1]
[0 0 1 0 0 0 1 0 1]
[1 1 0 0 1 0 1 1 0]
[0 0 1 1 0 0 0 0 1]
[1 1 0 1 1 0 1 0 1]
[0 0 1 0 0 1 0 0 0]
  Isomorphism mapping:
    0 → 8
    1 → 5
    2 → 1
    3 → 6
    4 → 4
    5 → 0
    6 → 3
    7 → 7
    8 → 2

   Switch to Tournament 171 using subset [3, 5, 7, 8]:
[0 0 1 1 1 1 0 0 0]
[1 0 0 1 0 0 1 1 1]
[0 1 0 1 0 0 1 1 1]
[0 0 0 0 1 0 1 0 0]
[0 1 1 0 0 1 0 0 0]
[0 1 1 1 0 0 1 0 0]
[1 0 0 0 1 0 0 1 1]
[1 0 0 1 1 1 0 0 0]
[1 0 0 1 1 1 0 1 0]
  Isomorphism mapping:
    0 → 6
    1 → 3
    2 → 4
    3 → 2
    4 → 0
    5 → 5
    6 → 1
    7 → 7
    8 → 8

   Switch to Tournament 172 using subset [3, 4, 6, 7]:
[0 0 1 1 0 0 1 0 1]
[1 0 0 1 1 1 0 1 0]
[0 1 0 1 1 1 0 1 0]
[0 0 0 0 0 1 0 0 1]
[1 0 0 1 0 1 0 1 0]
[1 0 0 0 0 0 1 1 0]
[0 1 1 1 1 0 0 0 1]
[1 0 0 1 0 0 1 0 1]
[0 1 1 0 1 1 0 0 0]
  Isomorphism mapping:
    0 → 4
    1 → 8
    2 → 7
    3 → 2
    4 → 6
    5 → 0
    6 → 3
    7 → 5
    8 → 1

   Switch to Tournament 173 using subset [1, 3, 4, 6]:
[0 1 1 1 0 0 1 1 1]
[0 0 1 0 0 0 1 1 1]
[0 0 0 1 1 1 0 0 0]
[0 1 0 0 0 1 0 1 1]
[1 1 0 1 0 1 0 0 0]
[1 1 0 0 0 0 1 0 0]
[0 0 1 1 1 0 0 1 1]
[0 0 1 0 1 1 0 0 0]
[0 0 1 0 1 1 0 1 0]
  Isomorphism mapping:
    0 → 8
    1 → 0
    2 → 3
    3 → 6
    4 → 2
    5 → 1
    6 → 7
    7 → 4
    8 → 5

   Switch to Tournament 174 using subset [1, 3, 4, 5]:
[0 1 1 1 0 1 0 1 1]
[0 0 1 0 0 1 0 1 1]
[0 0 0 1 1 0 1 0 0]
[0 1 0 0 0 0 1 1 1]
[1 1 0 1 0 0 1 0 0]
[0 0 1 1 1 0 1 1 1]
[1 1 0 0 0 0 0 0 0]
[0 0 1 0 1 0 1 0 0]
[0 0 1 0 1 0 1 1 0]
  Isomorphism mapping:
    0 → 7
    1 → 0
    2 → 3
    3 → 6
    4 → 2
    5 → 8
    6 → 1
    7 → 4
    8 → 5

   Switch to Tournament 175 using subset [1, 4, 7, 8]:
[0 1 1 0 0 0 0 0 0]
[0 0 1 1 0 0 0 0 0]
[0 0 0 0 1 1 1 1 1]
[1 0 1 0 1 0 0 1 1]
[1 1 0 0 0 1 1 1 1]
[1 1 0 1 0 0 0 1 1]
[1 1 0 1 0 1 0 1 1]
[1 1 0 0 0 0 0 0 0]
[1 1 0 0 0 0 0 1 0]
  Isomorphism mapping:
    0 → 2
    1 → 1
    2 → 0
    3 → 5
    4 → 7
    5 → 6
    6 → 8
    7 → 3
    8 → 4

   Switch to Tournament 176 using subset [3, 4, 5, 7]:
[0 0 1 1 0 1 0 0 1]
[1 0 0 1 1 0 1 1 0]
[0 1 0 1 1 0 1 1 0]
[0 0 0 0 0 0 1 0 1]
[1 0 0 1 0 0 1 1 0]
[0 1 1 1 1 0 1 0 1]
[1 0 0 0 0 0 0 1 0]
[1 0 0 1 0 1 0 0 1]
[0 1 1 0 1 0 1 0 0]
  Isomorphism mapping:
    0 → 3
    1 → 6
    2 → 7
    3 → 2
    4 → 5
    5 → 8
    6 → 0
    7 → 4
    8 → 1

   Switch to Tournament 177 using subset [2, 7]:
[0 0 0 0 1 0 0 0 1]
[1 0 1 0 0 1 1 1 0]
[1 0 0 1 1 0 0 0 1]
[1 1 0 0 0 0 0 1 0]
[0 1 0 1 0 0 0 0 1]
[1 0 1 1 1 0 0 1 0]
[1 0 1 1 1 1 0 1 0]
[1 0 1 0 1 0 0 0 1]
[0 1 0 1 0 1 1 0 0]
  Isomorphism mapping:
    0 → 0
    1 → 1
    2 → 5
    3 → 2
    4 → 4
    5 → 7
    6 → 8
    7 → 6
    8 → 3

   Switch to Tournament 178 using subset [0, 2, 6]:
[0 1 1 1 0 1 0 0 0]
[0 0 1 0 0 1 0 0 0]
[0 0 0 1 1 0 1 1 1]
[0 1 0 0 0 0 1 0 0]
[1 1 0 1 0 0 1 1 1]
[0 0 1 1 1 0 1 0 0]
[1 1 0 0 0 0 0 1 1]
[1 1 0 1 0 1 0 0 0]
[1 1 0 1 0 1 0 1 0]
  Isomorphism mapping:
    0 → 5
    1 → 0
    2 → 3
    3 → 2
    4 → 8
    5 → 4
    6 → 1
    7 → 6
    8 → 7

   Switch to Tournament 179 using subset [0, 4, 6, 8]:
[0 1 0 1 1 1 0 0 1]
[0 0 0 0 1 1 0 0 1]
[1 1 0 0 1 1 0 0 1]
[0 1 1 0 1 0 1 0 1]
[0 0 0 0 0 1 0 0 1]
[0 0 0 1 0 0 1 0 1]
[1 1 1 0 1 0 0 1 0]
[1 1 1 1 1 1 0 0 1]
[0 0 0 0 0 0 1 0 0]
  Isomorphism mapping:
    0 → 6
    1 → 4
    2 → 7
    3 → 5
    4 → 3
    5 → 2
    6 → 0
    7 → 8
    8 → 1

   Switch to Tournament 180 using subset [0, 4, 6, 7]:
[0 1 0 1 1 1 0 1 0]
[0 0 0 0 1 1 0 1 0]
[1 1 0 0 1 1 0 1 0]
[0 1 1 0 1 0 1 1 0]
[0 0 0 0 0 1 0 1 0]
[0 0 0 1 0 0 1 1 0]
[1 1 1 0 1 0 0 0 1]
[0 0 0 0 0 0 1 0 1]
[1 1 1 1 1 1 0 0 0]
  Isomorphism mapping:
    0 → 6
    1 → 4
    2 → 7
    3 → 5
    4 → 3
    5 → 2
    6 → 0
    7 → 1
    8 → 8

   Switch to Tournament 181 using subset [1, 5, 6, 8]:
[0 1 1 0 1 1 1 1 0]
[0 0 1 1 1 1 1 1 0]
[0 0 0 0 0 0 0 0 1]
[1 0 1 0 0 1 1 0 1]
[0 0 1 1 0 1 1 1 0]
[0 0 1 0 0 0 0 1 0]
[0 0 1 0 0 1 0 1 0]
[0 0 1 1 0 0 0 0 1]
[1 1 0 0 1 1 1 0 0]
  Isomorphism mapping:
    0 → 7
    1 → 8
    2 → 1
    3 → 5
    4 → 6
    5 → 3
    6 → 4
    7 → 2
    8 → 0

   Switch to Tournament 182 using subset [0, 5, 7, 8]:
[0 1 0 1 0 0 1 1 1]
[0 0 0 0 0 0 1 1 1]
[1 1 0 0 0 0 1 1 1]
[0 1 1 0 0 1 0 1 1]
[1 1 1 1 0 1 0 0 0]
[1 1 1 0 0 0 1 0 0]
[0 0 0 1 1 0 0 1 1]
[0 0 0 0 1 1 0 0 0]
[0 0 0 0 1 1 0 1 0]
  Isomorphism mapping:
    0 → 7
    1 → 0
    2 → 8
    3 → 5
    4 → 2
    5 → 1
    6 → 6
    7 → 3
    8 → 4

   Switch to Tournament 183 using subset [2, 5, 8]:
[0 0 0 0 1 1 0 1 0]
[1 0 1 0 0 0 1 0 1]
[1 0 0 1 1 1 0 1 0]
[1 1 0 0 0 1 0 0 1]
[0 1 0 1 0 1 0 1 0]
[0 1 0 0 0 0 1 1 0]
[1 0 1 1 1 0 0 0 1]
[0 1 0 1 0 0 1 0 1]
[1 0 1 0 1 1 0 0 0]
  Isomorphism mapping:
    0 → 3
    1 → 0
    2 → 8
    3 → 5
    4 → 2
    5 → 1
    6 → 6
    7 → 7
    8 → 4

   Switch to Tournament 184 using subset [0, 3]:
[0 1 0 0 0 1 1 0 0]
[0 0 0 1 0 1 1 0 0]
[1 1 0 1 0 1 1 0 0]
[1 0 0 0 1 1 1 1 1]
[1 1 1 0 0 0 0 1 1]
[0 0 0 0 1 0 0 0 0]
[0 0 0 0 1 1 0 0 0]
[1 1 1 0 0 1 1 0 0]
[1 1 1 0 0 1 1 1 0]
  Isomorphism mapping:
    0 → 4
    1 → 3
    2 → 6
    3 → 5
    4 → 0
    5 → 1
    6 → 2
    7 → 7
    8 → 8

   Switch to Tournament 185 using subset [0, 7, 8]:
[0 1 0 1 0 1 1 1 1]
[0 0 0 0 0 1 1 1 1]
[1 1 0 0 0 1 1 1 1]
[0 1 1 0 0 0 0 1 1]
[1 1 1 1 0 0 0 0 0]
[0 0 0 1 1 0 0 1 1]
[0 0 0 1 1 1 0 1 1]
[0 0 0 0 1 0 0 0 0]
[0 0 0 0 1 0 0 1 0]
  Isomorphism mapping:
    0 → 8
    1 → 3
    2 → 7
    3 → 4
    4 → 0
    5 → 5
    6 → 6
    7 → 1
    8 → 2

   Switch to Tournament 186 using subset [2, 3, 4, 5]:
[0 0 0 1 0 1 0 1 1]
[1 0 1 1 1 0 1 0 0]
[1 0 0 0 0 1 0 1 1]
[0 0 1 0 0 0 1 1 1]
[1 0 1 1 0 0 1 0 0]
[0 1 0 1 1 0 1 1 1]
[1 0 1 0 0 0 0 0 0]
[0 1 0 0 1 0 1 0 0]
[0 1 0 0 1 0 1 1 0]
  Isomorphism mapping:
    0 → 3
    1 → 7
    2 → 4
    3 → 5
    4 → 6
    5 → 8
    6 → 0
    7 → 1
    8 → 2

   Switch to Tournament 187 using subset [1, 3, 4]:
[0 1 1 1 0 0 0 1 1]
[0 0 1 0 0 0 0 1 1]
[0 0 0 1 1 1 1 0 0]
[0 1 0 0 0 1 1 1 1]
[1 1 0 1 0 1 1 0 0]
[1 1 0 0 0 0 0 0 0]
[1 1 0 0 0 1 0 0 0]
[0 0 1 0 1 1 1 0 0]
[0 0 1 0 1 1 1 1 0]
  Isomorphism mapping:
    0 → 6
    1 → 0
    2 → 3
    3 → 5
    4 → 7
    5 → 1
    6 → 2
    7 → 4
    8 → 8

   Switch to Tournament 188 using subset [0, 2, 4, 6]:
[0 1 1 1 1 1 0 0 0]
[0 0 1 0 1 1 0 0 0]
[0 0 0 1 0 0 1 1 1]
[0 1 0 0 1 0 1 0 0]
[0 0 1 0 0 1 0 0 0]
[0 0 1 1 0 0 1 0 0]
[1 1 0 0 1 0 0 1 1]
[1 1 0 1 1 1 0 0 0]
[1 1 0 1 1 1 0 1 0]
  Isomorphism mapping:
    0 → 6
    1 → 4
    2 → 1
    3 → 5
    4 → 3
    5 → 2
    6 → 0
    7 → 7
    8 → 8

   Switch to Tournament 189 using subset [3, 4, 7]:
[0 0 1 1 0 0 0 0 1]
[1 0 0 1 1 1 1 1 0]
[0 1 0 1 1 1 1 1 0]
[0 0 0 0 0 1 1 0 1]
[1 0 0 1 0 1 1 1 0]
[1 0 0 0 0 0 0 1 0]
[1 0 0 0 0 1 0 1 0]
[1 0 0 1 0 0 0 0 1]
[0 1 1 0 1 1 1 0 0]
  Isomorphism mapping:
    0 → 1
    1 → 8
    2 → 7
    3 → 5
    4 → 6
    5 → 3
    6 → 4
    7 → 2
    8 → 0

   Switch to Tournament 190 using subset [2, 3, 4]:
[0 0 0 1 0 0 0 1 1]
[1 0 1 1 1 1 1 0 0]
[1 0 0 0 0 0 0 1 1]
[0 0 1 0 0 1 1 1 1]
[1 0 1 1 0 1 1 0 0]
[1 0 1 0 0 0 0 0 0]
[1 0 1 0 0 1 0 0 0]
[0 1 0 0 1 1 1 0 0]
[0 1 0 0 1 1 1 1 0]
  Isomorphism mapping:
    0 → 0
    1 → 8
    2 → 5
    3 → 6
    4 → 7
    5 → 1
    6 → 2
    7 → 3
    8 → 4

   Switch to Tournament 191 using subset [0, 3, 5, 8]:
[0 1 0 0 0 0 1 0 1]
[0 0 0 1 0 0 1 0 1]
[1 1 0 1 0 0 1 0 1]
[1 0 0 0 1 0 1 1 0]
[1 1 1 0 0 1 0 1 0]
[1 1 1 1 0 0 1 1 0]
[0 0 0 0 1 0 0 0 1]
[1 1 1 0 0 0 1 0 1]
[0 0 0 1 1 1 0 0 0]
  Isomorphism mapping:
    0 → 4
    1 → 3
    2 → 6
    3 → 5
    4 → 0
    5 → 8
    6 → 2
    7 → 7
    8 → 1

   Switch to Tournament 192 using subset [0, 2, 6, 7]:
[0 1 1 1 0 1 0 1 0]
[0 0 1 0 0 1 0 1 0]
[0 0 0 1 1 0 1 0 1]
[0 1 0 0 0 0 1 1 0]
[1 1 0 1 0 0 1 0 1]
[0 0 1 1 1 0 1 1 0]
[1 1 0 0 0 0 0 0 1]
[0 0 1 0 1 0 1 0 1]
[1 1 0 1 0 1 0 0 0]
  Isomorphism mapping:
    0 → 6
    1 → 0
    2 → 3
    3 → 5
    4 → 7
    5 → 8
    6 → 2
    7 → 4
    8 → 1

   Switch to Tournament 193 using subset [5]:
[0 0 1 0 1 1 0 1 1]
[1 0 0 0 0 0 1 0 0]
[0 1 0 0 0 0 1 0 0]
[1 1 1 0 0 1 0 0 0]
[0 1 1 1 0 1 0 1 1]
[0 1 1 0 0 0 1 1 1]
[1 0 0 1 1 0 0 0 0]
[0 1 1 1 0 0 1 0 0]
[0 1 1 1 0 0 1 1 0]
  Isomorphism mapping:
    0 → 0
    1 → 2
    2 → 3
    3 → 4
    4 → 8
    5 → 7
    6 → 1
    7 → 5
    8 → 6

   Switch to Tournament 194 using subset [1, 4, 8]:
[0 1 1 0 0 0 0 1 0]
[0 0 1 1 0 0 0 1 0]
[0 0 0 0 1 1 1 0 1]
[1 0 1 0 1 0 0 0 1]
[1 1 0 0 0 1 1 0 1]
[1 1 0 1 0 0 0 0 1]
[1 1 0 1 0 1 0 0 1]
[0 0 1 1 1 1 1 0 1]
[1 1 0 0 0 0 0 0 0]
  Isomorphism mapping:
    0 → 2
    1 → 1
    2 → 0
    3 → 4
    4 → 7
    5 → 5
    6 → 6
    7 → 8
    8 → 3

   Switch to Tournament 195 using subset [0, 2, 6, 8]:
[0 1 1 1 0 1 0 0 1]
[0 0 1 0 0 1 0 0 1]
[0 0 0 1 1 0 1 1 0]
[0 1 0 0 0 0 1 0 1]
[1 1 0 1 0 0 1 1 0]
[0 0 1 1 1 0 1 0 1]
[1 1 0 0 0 0 0 1 0]
[1 1 0 1 0 1 0 0 1]
[0 0 1 0 1 0 1 0 0]
  Isomorphism mapping:
    0 → 5
    1 → 3
    2 → 1
    3 → 4
    4 → 7
    5 → 8
    6 → 0
    7 → 6
    8 → 2

   Switch to Tournament 196 using subset [1, 4, 7]:
[0 1 1 0 0 0 0 0 1]
[0 0 1 1 0 0 0 0 1]
[0 0 0 0 1 1 1 1 0]
[1 0 1 0 1 0 0 1 0]
[1 1 0 0 0 1 1 1 0]
[1 1 0 1 0 0 0 1 0]
[1 1 0 1 0 1 0 1 0]
[1 1 0 0 0 0 0 0 1]
[0 0 1 1 1 1 1 0 0]
  Isomorphism mapping:
    0 → 2
    1 → 1
    2 → 0
    3 → 4
    4 → 6
    5 → 5
    6 → 8
    7 → 3
    8 → 7

   Switch to Tournament 197 using subset [0, 8]:
[0 1 0 1 0 1 1 0 1]
[0 0 0 0 0 1 1 0 1]
[1 1 0 0 0 1 1 0 1]
[0 1 1 0 0 0 0 0 1]
[1 1 1 1 0 0 0 1 0]
[0 0 0 1 1 0 0 0 1]
[0 0 0 1 1 1 0 0 1]
[1 1 1 1 0 1 1 0 1]
[0 0 0 0 1 0 0 0 0]
  Isomorphism mapping:
    0 → 6
    1 → 1
    2 → 7
    3 → 2
    4 → 3
    5 → 4
    6 → 5
    7 → 8
    8 → 0

   Switch to Tournament 198 using subset [0, 7]:
[0 1 0 1 0 1 1 1 0]
[0 0 0 0 0 1 1 1 0]
[1 1 0 0 0 1 1 1 0]
[0 1 1 0 0 0 0 1 0]
[1 1 1 1 0 0 0 0 1]
[0 0 0 1 1 0 0 1 0]
[0 0 0 1 1 1 0 1 0]
[0 0 0 0 1 0 0 0 1]
[1 1 1 1 0 1 1 0 0]
  Isomorphism mapping:
    0 → 6
    1 → 1
    2 → 7
    3 → 2
    4 → 3
    5 → 4
    6 → 5
    7 → 0
    8 → 8

   Switch to Tournament 199 using subset [1, 6]:
[0 1 1 0 1 0 1 1 1]
[0 0 1 1 1 0 1 1 1]
[0 0 0 0 0 1 0 0 0]
[1 0 1 0 0 0 1 0 0]
[0 0 1 1 0 0 1 1 1]
[1 1 0 1 1 0 1 0 0]
[0 0 1 0 0 0 0 1 1]
[0 0 1 1 0 1 0 0 0]
[0 0 1 1 0 1 0 1 0]
  Isomorphism mapping:
    0 → 7
    1 → 8
    2 → 0
    3 → 2
    4 → 6
    5 → 3
    6 → 1
    7 → 4
    8 → 5

   Switch to Tournament 200 using subset [2]:
[0 0 0 0 1 0 0 1 1]
[1 0 1 0 0 1 1 0 0]
[1 0 0 1 1 0 0 1 1]
[1 1 0 0 0 0 0 0 0]
[0 1 0 1 0 0 0 1 1]
[1 0 1 1 1 0 0 0 0]
[1 0 1 1 1 1 0 0 0]
[0 1 0 1 0 1 1 0 0]
[0 1 0 1 0 1 1 1 0]
  Isomorphism mapping:
    0 → 0
    1 → 1
    2 → 8
    3 → 2
    4 → 3
    5 → 4
    6 → 5
    7 → 6
    8 → 7

   Switch to Tournament 201 using subset [2, 6, 7]:
[0 0 0 0 1 0 1 0 1]
[1 0 1 0 0 1 0 1 0]
[1 0 0 1 1 0 1 0 1]
[1 1 0 0 0 0 1 1 0]
[0 1 0 1 0 0 1 0 1]
[1 0 1 1 1 0 1 1 0]
[0 1 0 0 0 0 0 0 1]
[1 0 1 0 1 0 1 0 1]
[0 1 0 1 0 1 0 0 0]
  Isomorphism mapping:
    0 → 3
    1 → 0
    2 → 6
    3 → 4
    4 → 5
    5 → 8
    6 → 2
    7 → 7
    8 → 1

   Switch to Tournament 202 using subset [2, 3, 4, 7]:
[0 0 0 1 0 0 0 0 1]
[1 0 1 1 1 1 1 1 0]
[1 0 0 0 0 0 0 0 1]
[0 0 1 0 0 1 1 0 1]
[1 0 1 1 0 1 1 1 0]
[1 0 1 0 0 0 0 1 0]
[1 0 1 0 0 1 0 1 0]
[1 0 1 1 0 0 0 0 1]
[0 1 0 0 1 1 1 0 0]
  Isomorphism mapping:
    0 → 1
    1 → 8
    2 → 2
    3 → 4
    4 → 7
    5 → 3
    6 → 6
    7 → 5
    8 → 0

   Switch to Tournament 203 using subset [1, 3, 5, 7]:
[0 1 1 1 1 1 0 0 1]
[0 0 1 0 1 1 0 0 1]
[0 0 0 1 0 0 1 1 0]
[0 1 0 0 1 0 1 0 1]
[0 0 1 0 0 1 0 0 1]
[0 0 1 1 0 0 1 0 1]
[1 1 0 0 1 0 0 1 0]
[1 1 0 1 1 1 0 0 1]
[0 0 1 0 0 0 1 0 0]
  Isomorphism mapping:
    0 → 8
    1 → 6
    2 → 1
    3 → 4
    4 → 3
    5 → 5
    6 → 0
    7 → 7
    8 → 2

   Switch to Tournament 204 using subset [1, 3, 5, 8]:
[0 1 1 1 1 1 0 1 0]
[0 0 1 0 1 1 0 1 0]
[0 0 0 1 0 0 1 0 1]
[0 1 0 0 1 0 1 1 0]
[0 0 1 0 0 1 0 1 0]
[0 0 1 1 0 0 1 1 0]
[1 1 0 0 1 0 0 0 1]
[0 0 1 0 0 0 1 0 1]
[1 1 0 1 1 1 0 0 0]
  Isomorphism mapping:
    0 → 8
    1 → 6
    2 → 1
    3 → 4
    4 → 3
    5 → 5
    6 → 0
    7 → 2
    8 → 7

   Switch to Tournament 205 using subset [2, 5, 7]:
[0 0 0 0 1 1 0 0 1]
[1 0 1 0 0 0 1 1 0]
[1 0 0 1 1 1 0 0 1]
[1 1 0 0 0 1 0 1 0]
[0 1 0 1 0 1 0 0 1]
[0 1 0 0 0 0 1 0 1]
[1 0 1 1 1 0 0 1 0]
[1 0 1 0 1 1 0 0 1]
[0 1 0 1 0 0 1 0 0]
  Isomorphism mapping:
    0 → 3
    1 → 0
    2 → 8
    3 → 4
    4 → 5
    5 → 2
    6 → 7
    7 → 6
    8 → 1

   Switch to Tournament 206 using subset [0, 1, 6]:
[0 0 0 1 0 1 0 0 0]
[1 0 1 1 1 0 1 1 1]
[1 0 0 0 0 1 0 0 0]
[0 0 1 0 0 0 1 0 0]
[1 0 1 1 0 0 1 1 1]
[0 1 0 1 1 0 1 0 0]
[1 0 1 0 0 0 0 1 1]
[1 0 1 1 0 1 0 0 0]
[1 0 1 1 0 1 0 1 0]
  Isomorphism mapping:
    0 → 3
    1 → 8
    2 → 4
    3 → 1
    4 → 7
    5 → 2
    6 → 0
    7 → 5
    8 → 6

   Switch to Tournament 207 using subset [0, 2, 8]:
[0 1 1 1 0 1 1 0 1]
[0 0 1 0 0 1 1 0 1]
[0 0 0 1 1 0 0 1 0]
[0 1 0 0 0 0 0 0 1]
[1 1 0 1 0 0 0 1 0]
[0 0 1 1 1 0 0 0 1]
[0 0 1 1 1 1 0 0 1]
[1 1 0 1 0 1 1 0 1]
[0 0 1 0 1 0 0 0 0]
  Isomorphism mapping:
    0 → 8
    1 → 0
    2 → 3
    3 → 1
    4 → 2
    5 → 5
    6 → 6
    7 → 7
    8 → 4

   Switch to Tournament 208 using subset [1, 2, 4, 8]:
[0 1 0 0 0 0 0 1 0]
[0 0 0 1 0 0 0 1 0]
[1 1 0 1 0 0 0 1 0]
[1 0 0 0 1 0 0 0 1]
[1 1 1 0 0 1 1 0 1]
[1 1 1 1 0 0 0 0 1]
[1 1 1 1 0 1 0 0 1]
[0 0 0 1 1 1 1 0 1]
[1 1 1 0 0 0 0 0 0]
  Isomorphism mapping:
    0 → 4
    1 → 3
    2 → 5
    3 → 1
    4 → 7
    5 → 6
    6 → 8
    7 → 2
    8 → 0

   Switch to Tournament 209 using subset [2, 6, 8]:
[0 0 0 0 1 0 1 1 0]
[1 0 1 0 0 1 0 0 1]
[1 0 0 1 1 0 1 1 0]
[1 1 0 0 0 0 1 0 1]
[0 1 0 1 0 0 1 1 0]
[1 0 1 1 1 0 1 0 1]
[0 1 0 0 0 0 0 1 0]
[0 1 0 1 0 1 0 0 1]
[1 0 1 0 1 0 1 0 0]
  Isomorphism mapping:
    0 → 2
    1 → 4
    2 → 7
    3 → 5
    4 → 6
    5 → 8
    6 → 1
    7 → 0
    8 → 3

   Switch to Tournament 210 using subset [8]:
[0 0 1 0 1 0 0 1 0]
[1 0 0 0 0 1 1 0 1]
[0 1 0 0 0 1 1 0 1]
[1 1 1 0 0 0 0 0 1]
[0 1 1 1 0 0 0 1 0]
[1 0 0 1 1 0 0 0 1]
[1 0 0 1 1 1 0 0 1]
[0 1 1 1 0 1 1 0 1]
[1 0 0 0 1 0 0 0 0]
  Isomorphism mapping:
    0 → 1
    1 → 3
    2 → 4
    3 → 5
    4 → 0
    5 → 6
    6 → 7
    7 → 8
    8 → 2

   Switch to Tournament 211 using subset [6]:
[0 0 1 0 1 0 1 1 1]
[1 0 0 0 0 1 0 0 0]
[0 1 0 0 0 1 0 0 0]
[1 1 1 0 0 0 1 0 0]
[0 1 1 1 0 0 1 1 1]
[1 0 0 1 1 0 1 0 0]
[0 1 1 0 0 0 0 1 1]
[0 1 1 1 0 1 0 0 0]
[0 1 1 1 0 1 0 1 0]
  Isomorphism mapping:
    0 → 4
    1 → 1
    2 → 2
    3 → 5
    4 → 8
    5 → 0
    6 → 3
    7 → 6
    8 → 7

   Switch to Tournament 212 using subset [0, 5, 6]:
[0 1 0 1 0 0 0 0 0]
[0 0 0 0 0 0 0 0 0]
[1 1 0 0 0 0 0 0 0]
[0 1 1 0 0 1 1 0 0]
[1 1 1 1 0 1 1 1 1]
[1 1 1 0 0 0 0 1 1]
[1 1 1 0 0 1 0 1 1]
[1 1 1 1 0 0 0 0 0]
[1 1 1 1 0 0 0 1 0]
  Isomorphism mapping:
    0 → 2
    1 → 0
    2 → 3
    3 → 1
    4 → 8
    5 → 6
    6 → 7
    7 → 4
    8 → 5

   Switch to Tournament 213 using subset [2, 3, 7, 8]:
[0 0 0 1 1 0 0 0 0]
[1 0 1 1 0 1 1 1 1]
[1 0 0 0 1 0 0 0 0]
[0 0 1 0 1 1 1 0 0]
[0 1 0 0 0 0 0 0 0]
[1 0 1 0 1 0 0 1 1]
[1 0 1 0 1 1 0 1 1]
[1 0 1 1 1 0 0 0 0]
[1 0 1 1 1 0 0 1 0]
  Isomorphism mapping:
    0 → 2
    1 → 8
    2 → 3
    3 → 1
    4 → 0
    5 → 6
    6 → 7
    7 → 4
    8 → 5

   Switch to Tournament 214 using subset [1, 6, 7]:
[0 1 1 0 1 0 1 0 1]
[0 0 1 1 1 0 1 0 1]
[0 0 0 0 0 1 0 1 0]
[1 0 1 0 0 0 1 1 0]
[0 0 1 1 0 0 1 0 1]
[1 1 0 1 1 0 1 1 0]
[0 0 1 0 0 0 0 0 1]
[1 1 0 0 1 0 1 0 1]
[0 0 1 1 0 1 0 0 0]
  Isomorphism mapping:
    0 → 6
    1 → 5
    2 → 0
    3 → 1
    4 → 4
    5 → 8
    6 → 3
    7 → 7
    8 → 2

   Switch to Tournament 215 using subset [2, 4, 8]:
[0 0 0 0 0 0 0 1 0]
[1 0 1 0 1 1 1 0 1]
[1 0 0 1 0 0 0 1 0]
[1 1 0 0 1 0 0 0 1]
[1 0 1 0 0 1 1 0 1]
[1 0 1 1 0 0 0 0 1]
[1 0 1 1 0 1 0 0 1]
[0 1 0 1 1 1 1 0 1]
[1 0 1 0 0 0 0 0 0]
  Isomorphism mapping:
    0 → 0
    1 → 8
    2 → 2
    3 → 1
    4 → 6
    5 → 4
    6 → 5
    7 → 7
    8 → 3

   Switch to Tournament 216 using subset [0, 2, 5, 7]:
[0 1 1 1 0 0 1 1 0]
[0 0 1 0 0 0 1 1 0]
[0 0 0 1 1 1 0 0 1]
[0 1 0 0 0 1 0 1 0]
[1 1 0 1 0 1 0 0 1]
[1 1 0 0 0 0 1 0 1]
[0 0 1 1 1 0 0 1 0]
[0 0 1 0 1 1 0 0 1]
[1 1 0 1 0 0 1 0 0]
  Isomorphism mapping:
    0 → 8
    1 → 0
    2 → 5
    3 → 1
    4 → 4
    5 → 3
    6 → 7
    7 → 6
    8 → 2

   Switch to Tournament 217 using subset [0, 5, 7]:
[0 1 0 1 0 0 1 1 0]
[0 0 0 0 0 0 1 1 0]
[1 1 0 0 0 0 1 1 0]
[0 1 1 0 0 1 0 1 0]
[1 1 1 1 0 1 0 0 1]
[1 1 1 0 0 0 1 0 1]
[0 0 0 1 1 0 0 1 0]
[0 0 0 0 1 1 0 0 1]
[1 1 1 1 0 0 1 0 0]
  Isomorphism mapping:
    0 → 4
    1 → 3
    2 → 5
    3 → 1
    4 → 8
    5 → 7
    6 → 2
    7 → 0
    8 → 6

   Switch to Tournament 218 using subset [2, 5]:
[0 0 0 0 1 1 0 1 1]
[1 0 1 0 0 0 1 0 0]
[1 0 0 1 1 1 0 1 1]
[1 1 0 0 0 1 0 0 0]
[0 1 0 1 0 1 0 1 1]
[0 1 0 0 0 0 1 1 1]
[1 0 1 1 1 0 0 0 0]
[0 1 0 1 0 0 1 0 0]
[0 1 0 1 0 0 1 1 0]
  Isomorphism mapping:
    0 → 0
    1 → 3
    2 → 8
    3 → 1
    4 → 7
    5 → 6
    6 → 2
    7 → 4
    8 → 5

   Switch to Tournament 219 using subset [1, 4]:
[0 1 1 0 0 0 0 1 1]
[0 0 1 1 0 0 0 1 1]
[0 0 0 0 1 1 1 0 0]
[1 0 1 0 1 0 0 0 0]
[1 1 0 0 0 1 1 0 0]
[1 1 0 1 0 0 0 0 0]
[1 1 0 1 0 1 0 0 0]
[0 0 1 1 1 1 1 0 0]
[0 0 1 1 1 1 1 1 0]
  Isomorphism mapping:
    0 → 3
    1 → 2
    2 → 0
    3 → 1
    4 → 6
    5 → 4
    6 → 5
    7 → 7
    8 → 8

   Switch to Tournament 220 using subset [0, 1, 8]:
[0 0 0 1 0 1 1 0 1]
[1 0 1 1 1 0 0 1 0]
[1 0 0 0 0 1 1 0 1]
[0 0 1 0 0 0 0 0 1]
[1 0 1 1 0 0 0 1 0]
[0 1 0 1 1 0 0 0 1]
[0 1 0 1 1 1 0 0 1]
[1 0 1 1 0 1 1 0 1]
[0 1 0 0 1 0 0 0 0]
  Isomorphism mapping:
    0 → 1
    1 → 5
    2 → 2
    3 → 3
    4 → 4
    5 → 6
    6 → 7
    7 → 8
    8 → 0

   Switch to Tournament 221 using subset [1]:
[0 1 1 0 1 0 0 1 1]
[0 0 1 1 1 0 0 1 1]
[0 0 0 0 0 1 1 0 0]
[1 0 1 0 0 0 0 0 0]
[0 0 1 1 0 0 0 1 1]
[1 1 0 1 1 0 0 0 0]
[1 1 0 1 1 1 0 0 0]
[0 0 1 1 0 1 1 0 0]
[0 0 1 1 0 1 1 1 0]
  Isomorphism mapping:
    0 → 2
    1 → 8
    2 → 0
    3 → 3
    4 → 1
    5 → 4
    6 → 5
    7 → 6
    8 → 7

   Switch to Tournament 222 using subset [1, 2, 6, 7]:
[0 1 0 0 1 0 1 0 1]
[0 0 0 1 1 0 1 0 1]
[1 1 0 1 1 0 1 0 1]
[1 0 0 0 0 0 1 1 0]
[0 0 0 1 0 0 1 0 1]
[1 1 1 1 1 0 1 1 0]
[0 0 0 0 0 0 0 0 1]
[1 1 1 0 1 0 1 0 1]
[0 0 0 1 0 1 0 0 0]
  Isomorphism mapping:
    0 → 5
    1 → 4
    2 → 6
    3 → 0
    4 → 3
    5 → 8
    6 → 2
    7 → 7
    8 → 1

   Switch to Tournament 223 using subset [0, 1, 5, 6]:
[0 0 0 1 0 0 0 0 0]
[1 0 1 1 1 1 1 1 1]
[1 0 0 0 0 0 0 0 0]
[0 0 1 0 0 1 1 0 0]
[1 0 1 1 0 1 1 1 1]
[1 0 1 0 0 0 0 1 1]
[1 0 1 0 0 1 0 1 1]
[1 0 1 1 0 0 0 0 0]
[1 0 1 1 0 0 0 1 0]
  Isomorphism mapping:
    0 → 1
    1 → 8
    2 → 2
    3 → 0
    4 → 7
    5 → 5
    6 → 6
    7 → 3
    8 → 4

   Switch to Tournament 224 using subset [0, 2, 4, 8]:
[0 1 1 1 1 1 1 0 1]
[0 0 1 0 1 1 1 0 1]
[0 0 0 1 0 0 0 1 0]
[0 1 0 0 1 0 0 0 1]
[0 0 1 0 0 1 1 0 1]
[0 0 1 1 0 0 0 0 1]
[0 0 1 1 0 1 0 0 1]
[1 1 0 1 1 1 1 0 1]
[0 0 1 0 0 0 0 0 0]
  Isomorphism mapping:
    0 → 8
    1 → 6
    2 → 1
    3 → 0
    4 → 5
    5 → 3
    6 → 4
    7 → 7
    8 → 2

   Switch to Tournament 225 using subset [0, 2, 4, 7]:
[0 1 1 1 1 1 1 1 0]
[0 0 1 0 1 1 1 1 0]
[0 0 0 1 0 0 0 0 1]
[0 1 0 0 1 0 0 1 0]
[0 0 1 0 0 1 1 1 0]
[0 0 1 1 0 0 0 1 0]
[0 0 1 1 0 1 0 1 0]
[0 0 1 0 0 0 0 0 1]
[1 1 0 1 1 1 1 0 0]
  Isomorphism mapping:
    0 → 8
    1 → 6
    2 → 1
    3 → 0
    4 → 5
    5 → 3
    6 → 4
    7 → 2
    8 → 7

   Switch to Tournament 226 using subset [1, 2, 5, 7]:
[0 1 0 0 1 1 0 0 1]
[0 0 0 1 1 1 0 0 1]
[1 1 0 1 1 1 0 0 1]
[1 0 0 0 0 1 0 1 0]
[0 0 0 1 0 1 0 0 1]
[0 0 0 0 0 0 1 0 1]
[1 1 1 1 1 0 0 1 0]
[1 1 1 0 1 1 0 0 1]
[0 0 0 1 0 0 1 0 0]
  Isomorphism mapping:
    0 → 5
    1 → 4
    2 → 8
    3 → 0
    4 → 3
    5 → 2
    6 → 7
    7 → 6
    8 → 1

   Switch to Tournament 227 using subset [0, 1, 4, 8]:
[0 0 0 1 1 1 1 0 1]
[1 0 1 1 0 0 0 1 0]
[1 0 0 0 1 1 1 0 1]
[0 0 1 0 1 0 0 0 1]
[0 1 0 0 0 1 1 0 1]
[0 1 0 1 0 0 0 0 1]
[0 1 0 1 0 1 0 0 1]
[1 0 1 1 1 1 1 0 1]
[0 1 0 0 0 0 0 0 0]
  Isomorphism mapping:
    0 → 6
    1 → 1
    2 → 7
    3 → 0
    4 → 5
    5 → 3
    6 → 4
    7 → 8
    8 → 2

   Switch to Tournament 228 using subset [0, 1, 4, 7]:
[0 0 0 1 1 1 1 1 0]
[1 0 1 1 0 0 0 0 1]
[1 0 0 0 1 1 1 1 0]
[0 0 1 0 1 0 0 1 0]
[0 1 0 0 0 1 1 1 0]
[0 1 0 1 0 0 0 1 0]
[0 1 0 1 0 1 0 1 0]
[0 1 0 0 0 0 0 0 1]
[1 0 1 1 1 1 1 0 0]
  Isomorphism mapping:
    0 → 6
    1 → 1
    2 → 7
    3 → 0
    4 → 5
    5 → 3
    6 → 4
    7 → 2
    8 → 8

   Switch to Tournament 229 using subset [1, 5]:
[0 1 1 0 1 1 0 1 1]
[0 0 1 1 1 1 0 1 1]
[0 0 0 0 0 0 1 0 0]
[1 0 1 0 0 1 0 0 0]
[0 0 1 1 0 1 0 1 1]
[0 0 1 0 0 0 1 1 1]
[1 1 0 1 1 0 0 0 0]
[0 0 1 1 0 0 1 0 0]
[0 0 1 1 0 0 1 1 0]
  Isomorphism mapping:
    0 → 7
    1 → 8
    2 → 2
    3 → 0
    4 → 6
    5 → 5
    6 → 1
    7 → 3
    8 → 4

   Switch to Tournament 230 using subset [1, 2, 6, 8]:
[0 1 0 0 1 0 1 1 0]
[0 0 0 1 1 0 1 1 0]
[1 1 0 1 1 0 1 1 0]
[1 0 0 0 0 0 1 0 1]
[0 0 0 1 0 0 1 1 0]
[1 1 1 1 1 0 1 0 1]
[0 0 0 0 0 0 0 1 0]
[0 0 0 1 0 1 0 0 1]
[1 1 1 0 1 0 1 0 0]
  Isomorphism mapping:
    0 → 5
    1 → 4
    2 → 7
    3 → 0
    4 → 3
    5 → 8
    6 → 2
    7 → 1
    8 → 6

   Switch to Tournament 231 using subset [1, 2, 5, 8]:
[0 1 0 0 1 1 0 1 0]
[0 0 0 1 1 1 0 1 0]
[1 1 0 1 1 1 0 1 0]
[1 0 0 0 0 1 0 0 1]
[0 0 0 1 0 1 0 1 0]
[0 0 0 0 0 0 1 1 0]
[1 1 1 1 1 0 0 0 1]
[0 0 0 1 0 0 1 0 1]
[1 1 1 0 1 1 0 0 0]
  Isomorphism mapping:
    0 → 5
    1 → 4
    2 → 8
    3 → 0
    4 → 3
    5 → 2
    6 → 7
    7 → 1
    8 → 6

   Switch to Tournament 232 using subset [3, 4, 5]:
[0 0 1 1 0 1 0 1 1]
[1 0 0 1 1 0 1 0 0]
[0 1 0 1 1 0 1 0 0]
[0 0 0 0 0 0 1 1 1]
[1 0 0 1 0 0 1 0 0]
[0 1 1 1 1 0 1 1 1]
[1 0 0 0 0 0 0 0 0]
[0 1 1 0 1 0 1 0 0]
[0 1 1 0 1 0 1 1 0]
  Isomorphism mapping:
    0 → 0
    1 → 4
    2 → 5
    3 → 2
    4 → 3
    5 → 8
    6 → 1
    7 → 6
    8 → 7

   Switch to Tournament 233 using subset [3, 4, 6]:
[0 0 1 1 0 0 1 1 1]
[1 0 0 1 1 1 0 0 0]
[0 1 0 1 1 1 0 0 0]
[0 0 0 0 0 1 0 1 1]
[1 0 0 1 0 1 0 0 0]
[1 0 0 0 0 0 1 0 0]
[0 1 1 1 1 0 0 1 1]
[0 1 1 0 1 1 0 0 0]
[0 1 1 0 1 1 0 1 0]
  Isomorphism mapping:
    0 → 0
    1 → 4
    2 → 5
    3 → 2
    4 → 3
    5 → 1
    6 → 8
    7 → 6
    8 → 7

   Switch to Tournament 234 using subset [1, 2, 4, 5]:
[0 1 0 0 0 1 0 1 1]
[0 0 0 1 0 1 0 1 1]
[1 1 0 1 0 1 0 1 1]
[1 0 0 0 1 1 0 0 0]
[1 1 1 0 0 0 1 0 0]
[0 0 0 0 1 0 1 1 1]
[1 1 1 1 0 0 0 0 0]
[0 0 0 1 1 0 1 0 0]
[0 0 0 1 1 0 1 1 0]
  Isomorphism mapping:
    0 → 7
    1 → 6
    2 → 8
    3 → 0
    4 → 2
    5 → 5
    6 → 1
    7 → 3
    8 → 4

   Switch to Tournament 235 using subset [3, 6, 8]:
[0 0 1 1 1 0 1 1 0]
[1 0 0 1 0 1 0 0 1]
[0 1 0 1 0 1 0 0 1]
[0 0 0 0 1 1 0 1 0]
[0 1 1 0 0 0 1 1 0]
[1 0 0 0 1 0 1 0 1]
[0 1 1 1 0 0 0 1 0]
[0 1 1 0 0 1 0 0 1]
[1 0 0 1 1 0 1 0 0]
  Isomorphism mapping:
    0 → 8
    1 → 3
    2 → 4
    3 → 0
    4 → 7
    5 → 2
    6 → 6
    7 → 5
    8 → 1

   Switch to Tournament 236 using subset [3, 4, 6, 8]:
[0 0 1 1 0 0 1 1 0]
[1 0 0 1 1 1 0 0 1]
[0 1 0 1 1 1 0 0 1]
[0 0 0 0 0 1 0 1 0]
[1 0 0 1 0 1 0 0 1]
[1 0 0 0 0 0 1 0 1]
[0 1 1 1 1 0 0 1 0]
[0 1 1 0 1 1 0 0 1]
[1 0 0 1 0 0 1 0 0]
  Isomorphism mapping:
    0 → 7
    1 → 8
    2 → 4
    3 → 0
    4 → 3
    5 → 2
    6 → 6
    7 → 5
    8 → 1

   Switch to Tournament 237 using subset [3, 6, 7, 8]:
[0 0 1 1 1 0 1 0 0]
[1 0 0 1 0 1 0 1 1]
[0 1 0 1 0 1 0 1 1]
[0 0 0 0 1 1 0 0 0]
[0 1 1 0 0 0 1 0 0]
[1 0 0 0 1 0 1 1 1]
[0 1 1 1 0 0 0 0 0]
[1 0 0 1 1 0 1 0 0]
[1 0 0 1 1 0 1 1 0]
  Isomorphism mapping:
    0 → 3
    1 → 6
    2 → 7
    3 → 0
    4 → 2
    5 → 5
    6 → 1
    7 → 4
    8 → 8

   Switch to Tournament 238 using subset [0, 5]:
[0 1 0 1 0 0 1 0 0]
[0 0 0 0 0 0 1 0 0]
[1 1 0 0 0 0 1 0 0]
[0 1 1 0 0 1 0 0 0]
[1 1 1 1 0 1 0 1 1]
[1 1 1 0 0 0 1 1 1]
[0 0 0 1 1 0 0 0 0]
[1 1 1 1 0 0 1 0 0]
[1 1 1 1 0 0 1 1 0]
  Isomorphism mapping:
    0 → 3
    1 → 2
    2 → 4
    3 → 0
    4 → 8
    5 → 7
    6 → 1
    7 → 5
    8 → 6

   Switch to Tournament 239 using subset [0, 1, 4, 5]:
[0 0 0 1 1 0 1 0 0]
[1 0 1 1 0 1 0 1 1]
[1 0 0 0 1 0 1 0 0]
[0 0 1 0 1 1 0 0 0]
[0 1 0 0 0 0 1 0 0]
[1 0 1 0 1 0 1 1 1]
[0 1 0 1 0 0 0 0 0]
[1 0 1 1 1 0 1 0 0]
[1 0 1 1 1 0 1 1 0]
  Isomorphism mapping:
    0 → 3
    1 → 7
    2 → 4
    3 → 0
    4 → 2
    5 → 6
    6 → 1
    7 → 5
    8 → 8

   Switch to Tournament 240 using subset [0, 3, 5, 6]:
[0 1 0 0 0 0 0 0 0]
[0 0 0 1 0 0 0 0 0]
[1 1 0 1 0 0 0 0 0]
[1 0 0 0 1 0 0 1 1]
[1 1 1 0 0 1 1 1 1]
[1 1 1 1 0 0 0 1 1]
[1 1 1 1 0 1 0 1 1]
[1 1 1 0 0 0 0 0 0]
[1 1 1 0 0 0 0 1 0]
  Isomorphism mapping:
    0 → 2
    1 → 1
    2 → 3
    3 → 0
    4 → 7
    5 → 6
    6 → 8
    7 → 4
    8 → 5

   Switch to Tournament 241 using subset [3, 5, 7]:
[0 0 1 1 1 1 0 0 1]
[1 0 0 1 0 0 1 1 0]
[0 1 0 1 0 0 1 1 0]
[0 0 0 0 1 0 1 0 1]
[0 1 1 0 0 1 0 0 1]
[0 1 1 1 0 0 1 0 1]
[1 0 0 0 1 0 0 1 0]
[1 0 0 1 1 1 0 0 1]
[0 1 1 0 0 0 1 0 0]
  Isomorphism mapping:
    0 → 4
    1 → 6
    2 → 7
    3 → 3
    4 → 2
    5 → 8
    6 → 0
    7 → 5
    8 → 1

   Switch to Tournament 242 using subset [1, 3, 4, 7]:
[0 1 1 1 0 0 0 0 1]
[0 0 1 0 0 0 0 0 1]
[0 0 0 1 1 1 1 1 0]
[0 1 0 0 0 1 1 0 1]
[1 1 0 1 0 1 1 1 0]
[1 1 0 0 0 0 0 1 0]
[1 1 0 0 0 1 0 1 0]
[1 1 0 1 0 0 0 0 1]
[0 0 1 0 1 1 1 0 0]
  Isomorphism mapping:
    0 → 4
    1 → 2
    2 → 7
    3 → 3
    4 → 8
    5 → 0
    6 → 6
    7 → 5
    8 → 1

   Switch to Tournament 243 using subset [2, 4, 6]:
[0 0 0 0 0 0 1 1 1]
[1 0 1 0 1 1 0 0 0]
[1 0 0 1 0 0 1 1 1]
[1 1 0 0 1 0 1 0 0]
[1 0 1 0 0 1 0 0 0]
[1 0 1 1 0 0 1 0 0]
[0 1 0 0 1 0 0 1 1]
[0 1 0 1 1 1 0 0 0]
[0 1 0 1 1 1 0 1 0]
  Isomorphism mapping:
    0 → 2
    1 → 6
    2 → 4
    3 → 3
    4 → 0
    5 → 5
    6 → 1
    7 → 7
    8 → 8

   Switch to Tournament 244 using subset [3, 7]:
[0 0 1 1 1 0 0 0 1]
[1 0 0 1 0 1 1 1 0]
[0 1 0 1 0 1 1 1 0]
[0 0 0 0 1 1 1 0 1]
[0 1 1 0 0 0 0 0 1]
[1 0 0 0 1 0 0 1 0]
[1 0 0 0 1 1 0 1 0]
[1 0 0 1 1 0 0 0 1]
[0 1 1 0 0 1 1 0 0]
  Isomorphism mapping:
    0 → 4
    1 → 8
    2 → 7
    3 → 3
    4 → 2
    5 → 0
    6 → 6
    7 → 5
    8 → 1

   Switch to Tournament 245 using subset [2, 4, 7]:
[0 0 0 0 0 0 0 0 1]
[1 0 1 0 1 1 1 1 0]
[1 0 0 1 0 0 0 0 1]
[1 1 0 0 1 0 0 1 0]
[1 0 1 0 0 1 1 1 0]
[1 0 1 1 0 0 0 1 0]
[1 0 1 1 0 1 0 1 0]
[1 0 1 0 0 0 0 0 1]
[0 1 0 1 1 1 1 0 0]
  Isomorphism mapping:
    0 → 2
    1 → 8
    2 → 3
    3 → 0
    4 → 7
    5 → 5
    6 → 6
    7 → 4
    8 → 1

   Switch to Tournament 246 using subset [1, 6, 8]:
[0 1 1 0 1 0 1 1 0]
[0 0 1 1 1 0 1 1 0]
[0 0 0 0 0 1 0 0 1]
[1 0 1 0 0 0 1 0 1]
[0 0 1 1 0 0 1 1 0]
[1 1 0 1 1 0 1 0 1]
[0 0 1 0 0 0 0 1 0]
[0 0 1 1 0 1 0 0 1]
[1 1 0 0 1 0 1 0 0]
  Isomorphism mapping:
    0 → 7
    1 → 6
    2 → 2
    3 → 3
    4 → 5
    5 → 8
    6 → 0
    7 → 4
    8 → 1

   Switch to Tournament 247 using subset [0, 2, 5, 8]:
[0 1 1 1 0 0 1 0 1]
[0 0 1 0 0 0 1 0 1]
[0 0 0 1 1 1 0 1 0]
[0 1 0 0 0 1 0 0 1]
[1 1 0 1 0 1 0 1 0]
[1 1 0 0 0 0 1 1 0]
[0 0 1 1 1 0 0 0 1]
[1 1 0 1 0 0 1 0 1]
[0 0 1 0 1 1 0 0 0]
  Isomorphism mapping:
    0 → 8
    1 → 2
    2 → 6
    3 → 3
    4 → 5
    5 → 0
    6 → 7
    7 → 4
    8 → 1

   Switch to Tournament 248 using subset [0, 6, 7]:
[0 1 0 1 0 1 0 1 0]
[0 0 0 0 0 1 0 1 0]
[1 1 0 0 0 1 0 1 0]
[0 1 1 0 0 0 1 1 0]
[1 1 1 1 0 0 1 0 1]
[0 0 0 1 1 0 1 1 0]
[1 1 1 0 0 0 0 0 1]
[0 0 0 0 1 0 1 0 1]
[1 1 1 1 0 1 0 0 0]
  Isomorphism mapping:
    0 → 5
    1 → 0
    2 → 6
    3 → 3
    4 → 8
    5 → 4
    6 → 1
    7 → 2
    8 → 7

   Switch to Tournament 249 using subset [0, 6, 8]:
[0 1 0 1 0 1 0 0 1]
[0 0 0 0 0 1 0 0 1]
[1 1 0 0 0 1 0 0 1]
[0 1 1 0 0 0 1 0 1]
[1 1 1 1 0 0 1 1 0]
[0 0 0 1 1 0 1 0 1]
[1 1 1 0 0 0 0 1 0]
[1 1 1 1 0 1 0 0 1]
[0 0 0 0 1 0 1 0 0]
  Isomorphism mapping:
    0 → 5
    1 → 0
    2 → 6
    3 → 3
    4 → 7
    5 → 4
    6 → 1
    7 → 8
    8 → 2

   Switch to Tournament 250 using subset [2, 3, 5, 7]:
[0 0 0 1 1 1 0 0 1]
[1 0 1 1 0 0 1 1 0]
[1 0 0 0 1 1 0 0 1]
[0 0 1 0 1 0 1 0 1]
[0 1 0 0 0 1 0 0 1]
[0 1 0 1 0 0 1 0 1]
[1 0 1 0 1 0 0 1 0]
[1 0 1 1 1 1 0 0 1]
[0 1 0 0 0 0 1 0 0]
  Isomorphism mapping:
    0 → 5
    1 → 7
    2 → 6
    3 → 3
    4 → 0
    5 → 4
    6 → 1
    7 → 8
    8 → 2

   Switch to Tournament 251 using subset [2, 3, 5, 8]:
[0 0 0 1 1 1 0 1 0]
[1 0 1 1 0 0 1 0 1]
[1 0 0 0 1 1 0 1 0]
[0 0 1 0 1 0 1 1 0]
[0 1 0 0 0 1 0 1 0]
[0 1 0 1 0 0 1 1 0]
[1 0 1 0 1 0 0 0 1]
[0 1 0 0 0 0 1 0 1]
[1 0 1 1 1 1 0 0 0]
  Isomorphism mapping:
    0 → 5
    1 → 7
    2 → 6
    3 → 3
    4 → 0
    5 → 4
    6 → 1
    7 → 2
    8 → 8

   Switch to Tournament 252 using subset [1, 5, 8]:
[0 1 1 0 1 1 0 1 0]
[0 0 1 1 1 1 0 1 0]
[0 0 0 0 0 0 1 0 1]
[1 0 1 0 0 1 0 0 1]
[0 0 1 1 0 1 0 1 0]
[0 0 1 0 0 0 1 1 0]
[1 1 0 1 1 0 0 0 1]
[0 0 1 1 0 0 1 0 1]
[1 1 0 0 1 1 0 0 0]
  Isomorphism mapping:
    0 → 6
    1 → 8
    2 → 2
    3 → 3
    4 → 5
    5 → 0
    6 → 7
    7 → 4
    8 → 1

   Switch to Tournament 254 using subset [2, 6]:
[0 0 0 0 1 0 1 1 1]
[1 0 1 0 0 1 0 0 0]
[1 0 0 1 1 0 1 1 1]
[1 1 0 0 0 0 1 0 0]
[0 1 0 1 0 0 1 1 1]
[1 0 1 1 1 0 1 0 0]
[0 1 0 0 0 0 0 1 1]
[0 1 0 1 0 1 0 0 0]
[0 1 0 1 0 1 0 1 0]
  Isomorphism mapping:
    0 → 2
    1 → 0
    2 → 8
    3 → 3
    4 → 7
    5 → 4
    6 → 1
    7 → 5
    8 → 6

   Switch to Tournament 255 using subset [1, 2, 4]:
[0 1 0 0 0 0 0 1 1]
[0 0 0 1 0 0 0 1 1]
[1 1 0 1 0 0 0 1 1]
[1 0 0 0 1 0 0 0 0]
[1 1 1 0 0 1 1 0 0]
[1 1 1 1 0 0 0 0 0]
[1 1 1 1 0 1 0 0 0]
[0 0 0 1 1 1 1 0 0]
[0 0 0 1 1 1 1 1 0]
  Isomorphism mapping:
    0 → 2
    1 → 1
    2 → 7
    3 → 0
    4 → 4
    5 → 3
    6 → 8
    7 → 5
    8 → 6

--- Tournament 254 ---
[0 0 1 0 1 0 0 0 1]
[1 0 0 0 0 1 1 0 0]
[0 1 0 0 0 1 1 1 0]
[1 1 1 0 0 0 0 0 0]
[0 1 1 1 0 0 0 1 1]
[1 0 0 1 1 0 0 0 0]
[1 0 0 1 1 1 0 0 0]
[1 1 0 1 0 1 1 0 0]
[0 1 1 1 0 1 1 1 0]

   Switch to Tournament 0 using subset [5, 6, 7]:
[0 0 1 0 1 1 1 1 1]
[1 0 0 0 0 0 0 1 0]
[0 1 0 0 0 0 0 0 0]
[1 1 1 0 0 1 1 1 0]
[0 1 1 1 0 1 1 0 1]
[0 1 1 0 0 0 0 0 1]
[0 1 1 0 0 1 0 0 1]
[0 0 1 0 1 1 1 0 1]
[0 1 1 1 0 0 0 0 0]
  Isomorphism mapping:
    0 → 7
    1 → 0
    2 → 1
    3 → 8
    4 → 5
    5 → 3
    6 → 4
    7 → 6
    8 → 2

   Switch to Tournament 1 using subset [0, 1, 3, 5]:
[0 0 0 0 0 0 1 1 0]
[1 0 1 0 1 1 0 1 1]
[1 0 0 1 0 0 1 1 0]
[1 1 0 0 1 0 1 1 1]
[1 0 1 0 0 1 0 1 1]
[1 0 1 1 0 0 1 1 1]
[0 1 0 0 1 0 0 0 0]
[0 0 0 0 0 0 1 0 0]
[1 0 1 0 0 0 1 1 0]
  Isomorphism mapping:
    0 → 2
    1 → 7
    2 → 3
    3 → 8
    4 → 6
    5 → 5
    6 → 0
    7 → 1
    8 → 4

   Switch to Tournament 2 using subset [4, 5, 8]:
[0 0 1 0 0 1 0 0 0]
[1 0 0 0 1 0 1 0 1]
[0 1 0 0 1 0 1 1 1]
[1 1 1 0 1 1 0 0 1]
[1 0 0 0 0 0 1 0 1]
[0 1 1 0 1 0 1 1 0]
[1 0 0 1 0 0 0 0 1]
[1 1 0 1 1 0 1 0 1]
[1 0 0 0 0 1 0 0 0]
  Isomorphism mapping:
    0 → 0
    1 → 4
    2 → 6
    3 → 8
    4 → 3
    5 → 7
    6 → 2
    7 → 5
    8 → 1

   Switch to Tournament 3 using subset [0, 5, 6, 7]:
[0 1 0 1 0 0 0 0 0]
[0 0 0 0 0 0 0 1 0]
[1 1 0 0 0 0 0 0 0]
[0 1 1 0 0 1 1 1 0]
[1 1 1 1 0 1 1 0 1]
[1 1 1 0 0 0 0 0 1]
[1 1 1 0 0 1 0 0 1]
[1 0 1 0 1 1 1 0 1]
[1 1 1 1 0 0 0 0 0]
  Isomorphism mapping:
    0 → 1
    1 → 0
    2 → 2
    3 → 7
    4 → 8
    5 → 4
    6 → 5
    7 → 6
    8 → 3

   Switch to Tournament 4 using subset [2, 3, 8]:
[0 0 0 1 1 0 0 0 0]
[1 0 1 1 0 1 1 0 1]
[1 0 0 0 1 0 0 0 0]
[0 0 1 0 1 1 1 1 0]
[0 1 0 0 0 0 0 1 0]
[1 0 1 0 1 0 0 0 1]
[1 0 1 0 1 1 0 0 1]
[1 1 1 0 0 1 1 0 1]
[1 0 1 1 1 0 0 0 0]
  Isomorphism mapping:
    0 → 1
    1 → 8
    2 → 2
    3 → 7
    4 → 0
    5 → 4
    6 → 5
    7 → 6
    8 → 3

   Switch to Tournament 5 using subset [1, 6, 7, 8]:
[0 1 1 0 1 0 1 1 0]
[0 0 1 1 1 0 1 0 0]
[0 0 0 0 0 1 0 0 1]
[1 0 1 0 0 0 1 1 1]
[0 0 1 1 0 0 1 0 0]
[1 1 0 1 1 0 1 1 1]
[0 0 1 0 0 0 0 0 0]
[0 1 1 0 1 0 1 0 0]
[1 1 0 0 1 0 1 1 0]
  Isomorphism mapping:
    0 → 5
    1 → 3
    2 → 0
    3 → 7
    4 → 2
    5 → 8
    6 → 1
    7 → 4
    8 → 6

   Switch to Tournament 6 using subset [4, 8]:
[0 0 1 0 0 0 0 0 0]
[1 0 0 0 1 1 1 0 1]
[0 1 0 0 1 1 1 1 1]
[1 1 1 0 1 0 0 0 1]
[1 0 0 0 0 1 1 0 1]
[1 0 0 1 0 0 0 0 1]
[1 0 0 1 0 1 0 0 1]
[1 1 0 1 1 1 1 0 1]
[1 0 0 0 0 0 0 0 0]
  Isomorphism mapping:
    0 → 0
    1 → 5
    2 → 6
    3 → 7
    4 → 4
    5 → 2
    6 → 3
    7 → 8
    8 → 1

   Switch to Tournament 7 using subset [1, 5, 7, 8]:
[0 1 1 0 1 1 0 1 0]
[0 0 1 1 1 1 0 0 0]
[0 0 0 0 0 0 1 0 1]
[1 0 1 0 0 1 0 1 1]
[0 0 1 1 0 1 0 0 0]
[0 0 1 0 0 0 1 0 0]
[1 1 0 1 1 0 0 1 1]
[0 1 1 0 1 1 0 0 0]
[1 1 0 0 1 1 0 1 0]
  Isomorphism mapping:
    0 → 5
    1 → 3
    2 → 0
    3 → 7
    4 → 2
    5 → 1
    6 → 8
    7 → 4
    8 → 6

   Switch to Tournament 8 using subset [0, 4, 7, 8]:
[0 1 0 1 1 1 1 0 1]
[0 0 0 0 1 1 1 1 1]
[1 1 0 0 1 1 1 0 1]
[0 1 1 0 1 0 0 1 1]
[0 0 0 0 0 1 1 1 1]
[0 0 0 1 0 0 0 1 1]
[0 0 0 1 0 1 0 1 1]
[1 0 1 0 0 0 0 0 0]
[0 0 0 0 0 0 0 1 0]
  Isomorphism mapping:
    0 → 8
    1 → 5
    2 → 6
    3 → 7
    4 → 4
    5 → 2
    6 → 3
    7 → 0
    8 → 1

   Switch to Tournament 9 using subset [0, 3, 5]:
[0 1 0 0 0 0 1 1 0]
[0 0 0 1 0 0 1 0 0]
[1 1 0 1 0 0 1 1 0]
[1 0 0 0 1 0 1 1 1]
[1 1 1 0 0 1 0 1 1]
[1 1 1 1 0 0 1 1 1]
[0 0 0 0 1 0 0 0 0]
[0 1 0 0 0 0 1 0 0]
[1 1 1 0 0 0 1 1 0]
  Isomorphism mapping:
    0 → 3
    1 → 1
    2 → 4
    3 → 7
    4 → 6
    5 → 8
    6 → 0
    7 → 2
    8 → 5

   Switch to Tournament 10 using subset [0, 3, 6]:
[0 1 0 0 0 1 0 1 0]
[0 0 0 1 0 1 0 0 0]
[1 1 0 1 0 1 0 1 0]
[1 0 0 0 1 1 0 1 1]
[1 1 1 0 0 0 1 1 1]
[0 0 0 0 1 0 1 0 0]
[1 1 1 1 0 0 0 1 1]
[0 1 0 0 0 1 0 0 0]
[1 1 1 0 0 1 0 1 0]
  Isomorphism mapping:
    0 → 3
    1 → 1
    2 → 4
    3 → 7
    4 → 6
    5 → 0
    6 → 8
    7 → 2
    8 → 5

   Switch to Tournament 11 using subset [0, 4, 5, 8]:
[0 1 0 1 1 0 1 1 1]
[0 0 0 0 1 0 1 0 1]
[1 1 0 0 1 0 1 1 1]
[0 1 1 0 1 1 0 0 1]
[0 0 0 0 0 0 1 0 1]
[1 1 1 0 1 0 1 1 0]
[0 0 0 1 0 0 0 0 1]
[0 1 0 1 1 0 1 0 1]
[0 0 0 0 0 1 0 0 0]
  Isomorphism mapping:
    0 → 8
    1 → 3
    2 → 5
    3 → 7
    4 → 2
    5 → 6
    6 → 1
    7 → 4
    8 → 0

   Switch to Tournament 12 using subset [1, 2, 3, 7]:
[0 1 0 1 1 0 0 1 1]
[0 0 0 0 1 0 0 0 1]
[1 1 0 0 1 0 0 1 1]
[0 1 1 0 1 1 1 0 1]
[0 0 0 0 0 0 0 0 1]
[1 1 1 0 1 0 0 1 0]
[1 1 1 0 1 1 0 1 0]
[0 1 0 1 1 0 0 0 1]
[0 0 0 0 0 1 1 0 0]
  Isomorphism mapping:
    0 → 5
    1 → 2
    2 → 6
    3 → 3
    4 → 1
    5 → 7
    6 → 8
    7 → 4
    8 → 0

   Switch to Tournament 13 using subset [0, 2, 3, 4]:
[0 1 1 0 1 1 1 1 0]
[0 0 1 1 1 1 1 0 0]
[0 0 0 0 0 0 0 0 1]
[1 0 1 0 0 1 1 1 1]
[0 0 1 1 0 1 1 0 0]
[0 0 1 0 0 0 0 0 0]
[0 0 1 0 0 1 0 0 0]
[0 1 1 0 1 1 1 0 0]
[1 1 0 0 1 1 1 1 0]
  Isomorphism mapping:
    0 → 8
    1 → 5
    2 → 0
    3 → 3
    4 → 4
    5 → 1
    6 → 2
    7 → 6
    8 → 7

   Switch to Tournament 14 using subset [5, 6, 7, 8]:
[0 0 1 0 1 1 1 1 0]
[1 0 0 0 0 0 0 1 1]
[0 1 0 0 0 0 0 0 1]
[1 1 1 0 0 1 1 1 1]
[0 1 1 1 0 1 1 0 0]
[0 1 1 0 0 0 0 0 0]
[0 1 1 0 0 1 0 0 0]
[0 0 1 0 1 1 1 0 0]
[1 0 0 0 1 1 1 1 0]
  Isomorphism mapping:
    0 → 6
    1 → 0
    2 → 1
    3 → 8
    4 → 4
    5 → 2
    6 → 3
    7 → 5
    8 → 7

   Switch to Tournament 15 using subset [1, 2, 3, 6]:
[0 1 0 1 1 0 1 0 1]
[0 0 0 0 1 0 1 1 1]
[1 1 0 0 1 0 1 0 1]
[0 1 1 0 1 1 0 1 1]
[0 0 0 0 0 0 1 1 1]
[1 1 1 0 1 0 1 0 0]
[0 0 0 1 0 0 0 1 1]
[1 0 1 0 0 1 0 0 0]
[0 0 0 0 0 1 0 1 0]
  Isomorphism mapping:
    0 → 5
    1 → 4
    2 → 6
    3 → 8
    4 → 3
    5 → 7
    6 → 2
    7 → 0
    8 → 1

   Switch to Tournament 16 using subset [0, 2, 3, 5]:
[0 1 1 0 0 0 1 1 0]
[0 0 1 1 0 0 1 0 0]
[0 0 0 0 1 1 0 0 1]
[1 0 1 0 1 0 1 1 1]
[1 1 0 0 0 1 0 1 1]
[1 1 0 1 0 0 1 1 1]
[0 0 1 0 1 0 0 0 0]
[0 1 1 0 0 0 1 0 0]
[1 1 0 0 0 0 1 1 0]
  Isomorphism mapping:
    0 → 4
    1 → 2
    2 → 0
    3 → 8
    4 → 7
    5 → 6
    6 → 1
    7 → 3
    8 → 5

   Switch to Tournament 17 using subset [0, 5, 6, 8]:
[0 1 0 1 0 0 0 1 1]
[0 0 0 0 0 0 0 0 1]
[1 1 0 0 0 0 0 1 1]
[0 1 1 0 0 1 1 0 1]
[1 1 1 1 0 1 1 1 0]
[1 1 1 0 0 0 0 1 0]
[1 1 1 0 0 1 0 1 0]
[0 1 0 1 0 0 0 0 1]
[0 0 0 0 1 1 1 0 0]
  Isomorphism mapping:
    0 → 3
    1 → 1
    2 → 4
    3 → 7
    4 → 8
    5 → 5
    6 → 6
    7 → 2
    8 → 0

   Switch to Tournament 18 using subset [2, 3, 7]:
[0 0 0 1 1 0 0 1 1]
[1 0 1 1 0 1 1 1 0]
[1 0 0 0 1 0 0 1 1]
[0 0 1 0 1 1 1 0 1]
[0 1 0 0 0 0 0 0 1]
[1 0 1 0 1 0 0 1 0]
[1 0 1 0 1 1 0 1 0]
[0 0 0 1 1 0 0 0 1]
[0 1 0 0 0 1 1 0 0]
  Isomorphism mapping:
    0 → 3
    1 → 8
    2 → 4
    3 → 7
    4 → 1
    5 → 5
    6 → 6
    7 → 2
    8 → 0

   Switch to Tournament 19 using subset [2, 4, 6, 8]:
[0 0 0 0 0 0 1 0 0]
[1 0 1 0 1 1 0 0 1]
[1 0 0 1 0 0 1 0 0]
[1 1 0 0 1 0 1 0 1]
[1 0 1 0 0 1 0 0 1]
[1 0 1 1 0 0 1 0 1]
[0 1 0 0 1 0 0 1 0]
[1 1 1 1 1 1 0 0 1]
[1 0 1 0 0 0 1 0 0]
  Isomorphism mapping:
    0 → 1
    1 → 6
    2 → 2
    3 → 7
    4 → 5
    5 → 4
    6 → 0
    7 → 8
    8 → 3

   Switch to Tournament 20 using subset [1, 3, 5]:
[0 1 1 1 1 1 0 0 1]
[0 0 1 0 1 1 0 1 1]
[0 0 0 1 0 0 1 1 0]
[0 1 0 0 1 0 1 1 1]
[0 0 1 0 0 1 0 1 1]
[0 0 1 1 0 0 1 1 1]
[1 1 0 0 1 0 0 0 0]
[1 0 0 0 0 0 1 0 0]
[0 0 1 0 0 0 1 1 0]
  Isomorphism mapping:
    0 → 8
    1 → 6
    2 → 2
    3 → 7
    4 → 5
    5 → 4
    6 → 0
    7 → 1
    8 → 3

   Switch to Tournament 21 using subset [0, 2, 3, 8]:
[0 1 1 0 0 1 1 1 1]
[0 0 1 1 0 1 1 0 1]
[0 0 0 0 1 0 0 0 0]
[1 0 1 0 1 1 1 1 0]
[1 1 0 0 0 0 0 1 0]
[0 0 1 0 1 0 0 0 1]
[0 0 1 0 1 1 0 0 1]
[0 1 1 0 0 1 1 0 1]
[0 0 1 1 1 0 0 0 0]
  Isomorphism mapping:
    0 → 8
    1 → 5
    2 → 1
    3 → 7
    4 → 0
    5 → 3
    6 → 4
    7 → 6
    8 → 2

   Switch to Tournament 22 using subset [0, 1, 3, 6]:
[0 0 0 0 0 1 0 1 0]
[1 0 1 0 1 0 1 1 1]
[1 0 0 1 0 1 0 1 0]
[1 1 0 0 1 1 0 1 1]
[1 0 1 0 0 0 1 1 1]
[0 1 0 0 1 0 1 0 0]
[1 0 1 1 0 0 0 1 1]
[0 0 0 0 0 1 0 0 0]
[1 0 1 0 0 1 0 1 0]
  Isomorphism mapping:
    0 → 2
    1 → 8
    2 → 3
    3 → 7
    4 → 6
    5 → 0
    6 → 5
    7 → 1
    8 → 4

   Switch to Tournament 23 using subset [0, 1, 2, 7]:
[0 0 1 1 0 1 1 0 0]
[1 0 0 1 1 0 0 0 1]
[0 1 0 1 1 0 0 1 1]
[0 0 0 0 0 0 0 1 0]
[1 0 0 1 0 0 0 0 1]
[0 1 1 1 1 0 0 1 0]
[0 1 1 1 1 1 0 1 0]
[1 1 0 0 1 0 0 0 1]
[1 0 0 1 0 1 1 0 0]
  Isomorphism mapping:
    0 → 1
    1 → 4
    2 → 6
    3 → 0
    4 → 3
    5 → 7
    6 → 8
    7 → 5
    8 → 2

   Switch to Tournament 24 using subset [0, 1, 2, 4]:
[0 0 1 1 1 1 1 1 0]
[1 0 0 1 0 0 0 1 1]
[0 1 0 1 0 0 0 0 1]
[0 0 0 0 1 0 0 0 0]
[0 1 1 0 0 1 1 0 0]
[0 1 1 1 0 0 0 0 0]
[0 1 1 1 0 1 0 0 0]
[0 0 1 1 1 1 1 0 0]
[1 0 0 1 1 1 1 1 0]
  Isomorphism mapping:
    0 → 8
    1 → 1
    2 → 2
    3 → 0
    4 → 5
    5 → 3
    6 → 4
    7 → 6
    8 → 7

   Switch to Tournament 25 using subset [4, 5, 6, 8]:
[0 0 1 0 0 1 1 0 0]
[1 0 0 0 1 0 0 0 1]
[0 1 0 0 1 0 0 1 1]
[1 1 1 0 1 1 1 0 1]
[1 0 0 0 0 0 0 0 1]
[0 1 1 0 1 0 0 1 0]
[0 1 1 0 1 1 0 1 0]
[1 1 0 1 1 0 0 0 1]
[1 0 0 0 0 1 1 0 0]
  Isomorphism mapping:
    0 → 0
    1 → 3
    2 → 5
    3 → 8
    4 → 2
    5 → 6
    6 → 7
    7 → 4
    8 → 1

   Switch to Tournament 26 using subset [0, 2, 3, 6]:
[0 1 1 0 0 1 0 1 0]
[0 0 1 1 0 1 0 0 0]
[0 0 0 0 1 0 1 0 1]
[1 0 1 0 1 1 0 1 1]
[1 1 0 0 0 0 1 1 1]
[0 0 1 0 1 0 1 0 0]
[1 1 0 1 0 0 0 1 1]
[0 1 1 0 0 1 0 0 0]
[1 1 0 0 0 1 0 1 0]
  Isomorphism mapping:
    0 → 4
    1 → 2
    2 → 0
    3 → 8
    4 → 7
    5 → 1
    6 → 6
    7 → 3
    8 → 5

   Switch to Tournament 27 using subset [5, 7]:
[0 0 1 0 1 1 0 1 1]
[1 0 0 0 0 0 1 1 0]
[0 1 0 0 0 0 1 0 0]
[1 1 1 0 0 1 0 1 0]
[0 1 1 1 0 1 0 0 1]
[0 1 1 0 0 0 1 0 1]
[1 0 0 1 1 0 0 1 0]
[0 0 1 0 1 1 0 0 1]
[0 1 1 1 0 0 1 0 0]
  Isomorphism mapping:
    0 → 7
    1 → 1
    2 → 2
    3 → 8
    4 → 5
    5 → 4
    6 → 0
    7 → 6
    8 → 3

   Switch to Tournament 28 using subset [1, 3, 4]:
[0 1 1 1 0 0 0 0 1]
[0 0 1 0 0 0 0 1 1]
[0 0 0 1 1 1 1 1 0]
[0 1 0 0 0 1 1 1 1]
[1 1 0 1 0 1 1 0 0]
[1 1 0 0 0 0 0 0 0]
[1 1 0 0 0 1 0 0 0]
[1 0 0 0 1 1 1 0 0]
[0 0 1 0 1 1 1 1 0]
  Isomorphism mapping:
    0 → 1
    1 → 0
    2 → 6
    3 → 8
    4 → 4
    5 → 2
    6 → 3
    7 → 5
    8 → 7

   Switch to Tournament 29 using subset [0, 2, 3, 7]:
[0 1 1 0 0 1 1 0 0]
[0 0 1 1 0 1 1 1 0]
[0 0 0 0 1 0 0 1 1]
[1 0 1 0 1 1 1 0 1]
[1 1 0 0 0 0 0 0 1]
[0 0 1 0 1 0 0 1 0]
[0 0 1 0 1 1 0 1 0]
[1 0 0 1 1 0 0 0 1]
[1 1 0 0 0 1 1 0 0]
  Isomorphism mapping:
    0 → 6
    1 → 5
    2 → 2
    3 → 8
    4 → 0
    5 → 3
    6 → 4
    7 → 1
    8 → 7

   Switch to Tournament 30 using subset [5, 7, 8]:
[0 0 1 0 1 1 0 1 0]
[1 0 0 0 0 0 1 1 1]
[0 1 0 0 0 0 1 0 1]
[1 1 1 0 0 1 0 1 1]
[0 1 1 1 0 1 0 0 0]
[0 1 1 0 0 0 1 0 0]
[1 0 0 1 1 0 0 1 1]
[0 0 1 0 1 1 0 0 0]
[1 0 0 0 1 1 0 1 0]
  Isomorphism mapping:
    0 → 4
    1 → 7
    2 → 0
    3 → 8
    4 → 2
    5 → 1
    6 → 6
    7 → 3
    8 → 5

   Switch to Tournament 31 using subset [1, 4, 5, 8]:
[0 1 1 0 0 1 0 0 0]
[0 0 1 1 0 1 0 1 0]
[0 0 0 0 1 0 1 1 1]
[1 0 1 0 1 1 0 0 1]
[1 1 0 0 0 0 1 0 1]
[0 0 1 0 1 0 1 1 0]
[1 1 0 1 0 0 0 0 1]
[1 0 0 1 1 0 1 0 1]
[1 1 0 0 0 1 0 0 0]
  Isomorphism mapping:
    0 → 1
    1 → 0
    2 → 6
    3 → 8
    4 → 4
    5 → 7
    6 → 3
    7 → 5
    8 → 2

   Switch to Tournament 32 using subset [0, 5, 7, 8]:
[0 1 0 1 0 0 1 0 1]
[0 0 0 0 0 0 1 1 1]
[1 1 0 0 0 0 1 0 1]
[0 1 1 0 0 1 0 1 1]
[1 1 1 1 0 1 0 0 0]
[1 1 1 0 0 0 1 0 0]
[0 0 0 1 1 0 0 1 1]
[1 0 1 0 1 1 0 0 0]
[0 0 0 0 1 1 0 1 0]
  Isomorphism mapping:
    0 → 3
    1 → 2
    2 → 4
    3 → 8
    4 → 6
    5 → 5
    6 → 1
    7 → 7
    8 → 0

   Switch to Tournament 33 using subset [1, 4, 6, 8]:
[0 1 1 0 0 0 1 0 0]
[0 0 1 1 0 0 1 1 0]
[0 0 0 0 1 1 0 1 1]
[1 0 1 0 1 0 1 0 1]
[1 1 0 0 0 1 0 0 1]
[1 1 0 1 0 0 1 0 1]
[0 0 1 0 1 0 0 1 0]
[1 0 0 1 1 1 0 0 1]
[1 1 0 0 0 0 1 0 0]
  Isomorphism mapping:
    0 → 2
    1 → 1
    2 → 7
    3 → 8
    4 → 5
    5 → 4
    6 → 0
    7 → 6
    8 → 3

   Switch to Tournament 34 using subset [5, 8]:
[0 0 1 0 1 1 0 0 0]
[1 0 0 0 0 0 1 0 1]
[0 1 0 0 0 0 1 1 1]
[1 1 1 0 0 1 0 0 1]
[0 1 1 1 0 1 0 1 0]
[0 1 1 0 0 0 1 1 0]
[1 0 0 1 1 0 0 0 1]
[1 1 0 1 0 0 1 0 1]
[1 0 0 0 1 1 0 0 0]
  Isomorphism mapping:
    0 → 0
    1 → 3
    2 → 5
    3 → 8
    4 → 7
    5 → 6
    6 → 2
    7 → 4
    8 → 1

   Switch to Tournament 35 using subset [1, 5, 6]:
[0 1 1 0 1 1 1 0 1]
[0 0 1 1 1 1 1 1 1]
[0 0 0 0 0 0 0 1 0]
[1 0 1 0 0 1 1 0 0]
[0 0 1 1 0 1 1 1 1]
[0 0 1 0 0 0 0 1 1]
[0 0 1 0 0 1 0 1 1]
[1 0 0 1 0 0 0 0 0]
[0 0 1 1 0 0 0 1 0]
  Isomorphism mapping:
    0 → 5
    1 → 8
    2 → 1
    3 → 6
    4 → 7
    5 → 3
    6 → 4
    7 → 0
    8 → 2

   Switch to Tournament 36 using subset [1, 7, 8]:
[0 1 1 0 1 0 0 1 0]
[0 0 1 1 1 0 0 0 0]
[0 0 0 0 0 1 1 0 1]
[1 0 1 0 0 0 0 1 1]
[0 0 1 1 0 0 0 0 0]
[1 1 0 1 1 0 0 1 1]
[1 1 0 1 1 1 0 1 1]
[0 1 1 0 1 0 0 0 0]
[1 1 0 0 1 0 0 1 0]
  Isomorphism mapping:
    0 → 4
    1 → 2
    2 → 0
    3 → 6
    4 → 1
    5 → 7
    6 → 8
    7 → 3
    8 → 5

   Switch to Tournament 37 using subset [4]:
[0 0 1 0 0 0 0 0 1]
[1 0 0 0 1 1 1 0 0]
[0 1 0 0 1 1 1 1 0]
[1 1 1 0 1 0 0 0 0]
[1 0 0 0 0 1 1 0 0]
[1 0 0 1 0 0 0 0 0]
[1 0 0 1 0 1 0 0 0]
[1 1 0 1 1 1 1 0 0]
[0 1 1 1 1 1 1 1 0]
  Isomorphism mapping:
    0 → 0
    1 → 4
    2 → 5
    3 → 6
    4 → 3
    5 → 1
    6 → 2
    7 → 7
    8 → 8

   Switch to Tournament 38 using subset [1, 3, 4, 8]:
[0 1 1 1 0 0 0 0 0]
[0 0 1 0 0 0 0 1 0]
[0 0 0 1 1 1 1 1 1]
[0 1 0 0 0 1 1 1 0]
[1 1 0 1 0 1 1 0 1]
[1 1 0 0 0 0 0 0 1]
[1 1 0 0 0 1 0 0 1]
[1 0 0 0 1 1 1 0 1]
[1 1 0 1 0 0 0 0 0]
  Isomorphism mapping:
    0 → 1
    1 → 0
    2 → 7
    3 → 6
    4 → 8
    5 → 3
    6 → 4
    7 → 5
    8 → 2

   Switch to Tournament 39 using subset [0, 1]:
[0 0 0 1 0 1 1 1 0]
[1 0 1 1 1 0 0 1 1]
[1 0 0 0 0 1 1 1 0]
[0 0 1 0 0 0 0 0 0]
[1 0 1 1 0 0 0 1 1]
[0 1 0 1 1 0 0 0 0]
[0 1 0 1 1 1 0 0 0]
[0 0 0 1 0 1 1 0 0]
[1 0 1 1 0 1 1 1 0]
  Isomorphism mapping:
    0 → 4
    1 → 7
    2 → 5
    3 → 0
    4 → 6
    5 → 1
    6 → 2
    7 → 3
    8 → 8

   Switch to Tournament 40 using subset [2, 7, 8]:
[0 0 0 0 1 0 0 1 0]
[1 0 1 0 0 1 1 1 1]
[1 0 0 1 1 0 0 1 0]
[1 1 0 0 0 0 0 1 1]
[0 1 0 1 0 0 0 0 0]
[1 0 1 1 1 0 0 1 1]
[1 0 1 1 1 1 0 1 1]
[0 0 0 0 1 0 0 0 0]
[1 0 1 0 1 0 0 1 0]
  Isomorphism mapping:
    0 → 2
    1 → 5
    2 → 3
    3 → 6
    4 → 0
    5 → 7
    6 → 8
    7 → 1
    8 → 4

   Switch to Tournament 41 using subset [0, 3, 5, 7]:
[0 1 0 0 0 0 1 0 0]
[0 0 0 1 0 0 1 1 0]
[1 1 0 1 0 0 1 0 0]
[1 0 0 0 1 0 1 0 1]
[1 1 1 0 0 1 0 0 1]
[1 1 1 1 0 0 1 0 1]
[0 0 0 0 1 0 0 1 0]
[1 0 1 1 1 1 0 0 1]
[1 1 1 0 0 0 1 0 0]
  Isomorphism mapping:
    0 → 2
    1 → 1
    2 → 3
    3 → 6
    4 → 5
    5 → 8
    6 → 0
    7 → 7
    8 → 4

   Switch to Tournament 42 using subset [3, 5]:
[0 0 1 1 1 1 0 0 1]
[1 0 0 1 0 0 1 0 0]
[0 1 0 1 0 0 1 1 0]
[0 0 0 0 1 0 1 1 1]
[0 1 1 0 0 1 0 1 1]
[0 1 1 1 0 0 1 1 1]
[1 0 0 0 1 0 0 0 0]
[1 1 0 0 0 0 1 0 0]
[0 1 1 0 0 0 1 1 0]
  Isomorphism mapping:
    0 → 7
    1 → 1
    2 → 3
    3 → 6
    4 → 5
    5 → 8
    6 → 0
    7 → 2
    8 → 4

   Switch to Tournament 43 using subset [3, 6]:
[0 0 1 1 1 0 1 0 1]
[1 0 0 1 0 1 0 0 0]
[0 1 0 1 0 1 0 1 0]
[0 0 0 0 1 1 0 1 1]
[0 1 1 0 0 0 1 1 1]
[1 0 0 0 1 0 1 0 0]
[0 1 1 1 0 0 0 1 1]
[1 1 0 0 0 1 0 0 0]
[0 1 1 0 0 1 0 1 0]
  Isomorphism mapping:
    0 → 7
    1 → 1
    2 → 3
    3 → 6
    4 → 5
    5 → 0
    6 → 8
    7 → 2
    8 → 4

   Switch to Tournament 44 using subset [2, 3, 6, 7]:
[0 0 0 1 1 0 1 1 1]
[1 0 1 1 0 1 0 1 0]
[1 0 0 0 1 0 1 1 1]
[0 0 1 0 1 1 0 0 1]
[0 1 0 0 0 0 1 0 1]
[1 0 1 0 1 0 1 1 0]
[0 1 0 1 0 0 0 0 1]
[0 0 0 1 1 0 1 0 1]
[0 1 0 0 0 1 0 0 0]
  Isomorphism mapping:
    0 → 8
    1 → 7
    2 → 4
    3 → 6
    4 → 2
    5 → 5
    6 → 1
    7 → 3
    8 → 0

   Switch to Tournament 45 using subset [2, 4]:
[0 0 0 0 0 0 0 0 1]
[1 0 1 0 1 1 1 0 0]
[1 0 0 1 0 0 0 0 1]
[1 1 0 0 1 0 0 0 0]
[1 0 1 0 0 1 1 0 0]
[1 0 1 1 0 0 0 0 0]
[1 0 1 1 0 1 0 0 0]
[1 1 1 1 1 1 1 0 0]
[0 1 0 1 1 1 1 1 0]
  Isomorphism mapping:
    0 → 0
    1 → 6
    2 → 2
    3 → 1
    4 → 5
    5 → 3
    6 → 4
    7 → 8
    8 → 7

   Switch to Tournament 46 using subset [1, 7]:
[0 1 1 0 1 0 0 1 1]
[0 0 1 1 1 0 0 0 1]
[0 0 0 0 0 1 1 0 0]
[1 0 1 0 0 0 0 1 0]
[0 0 1 1 0 0 0 0 1]
[1 1 0 1 1 0 0 1 0]
[1 1 0 1 1 1 0 1 0]
[0 1 1 0 1 0 0 0 1]
[0 0 1 1 0 1 1 0 0]
  Isomorphism mapping:
    0 → 6
    1 → 4
    2 → 0
    3 → 1
    4 → 3
    5 → 7
    6 → 8
    7 → 5
    8 → 2

   Switch to Tournament 47 using subset [0, 2, 4, 7]:
[0 1 1 1 1 1 1 0 0]
[0 0 1 0 1 1 1 1 0]
[0 0 0 1 0 0 0 1 1]
[0 1 0 0 1 0 0 1 0]
[0 0 1 0 0 1 1 1 0]
[0 0 1 1 0 0 0 1 0]
[0 0 1 1 0 1 0 1 0]
[1 0 0 0 0 0 0 0 1]
[1 1 0 1 1 1 1 0 0]
  Isomorphism mapping:
    0 → 8
    1 → 6
    2 → 2
    3 → 1
    4 → 5
    5 → 3
    6 → 4
    7 → 0
    8 → 7

   Switch to Tournament 48 using subset [0, 1, 5, 8]:
[0 0 0 1 0 0 1 1 1]
[1 0 1 1 1 1 0 1 0]
[1 0 0 0 0 0 1 1 1]
[0 0 1 0 0 1 0 0 1]
[1 0 1 1 0 1 0 1 0]
[1 0 1 0 0 0 1 1 0]
[0 1 0 1 1 0 0 0 1]
[0 0 0 1 0 0 1 0 1]
[0 1 0 0 1 1 0 0 0]
  Isomorphism mapping:
    0 → 4
    1 → 8
    2 → 5
    3 → 1
    4 → 7
    5 → 6
    6 → 2
    7 → 3
    8 → 0

   Switch to Tournament 49 using subset [0, 1, 2, 5]:
[0 0 1 1 0 0 1 1 0]
[1 0 0 1 1 1 0 1 1]
[0 1 0 1 1 1 0 0 1]
[0 0 0 0 0 1 0 0 0]
[1 0 0 1 0 1 0 1 1]
[1 0 0 0 0 0 1 1 1]
[0 1 1 1 1 0 0 0 0]
[0 0 1 1 0 0 1 0 0]
[1 0 0 1 0 0 1 1 0]
  Isomorphism mapping:
    0 → 4
    1 → 8
    2 → 1
    3 → 0
    4 → 7
    5 → 6
    6 → 2
    7 → 3
    8 → 5

   Switch to Tournament 50 using subset [0, 1, 2]:
[0 0 1 1 0 1 1 1 0]
[1 0 0 1 1 0 0 1 1]
[0 1 0 1 1 0 0 0 1]
[0 0 0 0 0 0 0 0 0]
[1 0 0 1 0 0 0 1 1]
[0 1 1 1 1 0 0 0 0]
[0 1 1 1 1 1 0 0 0]
[0 0 1 1 0 1 1 0 0]
[1 0 0 1 0 1 1 1 0]
  Isomorphism mapping:
    0 → 8
    1 → 4
    2 → 5
    3 → 0
    4 → 3
    5 → 6
    6 → 7
    7 → 1
    8 → 2

   Switch to Tournament 51 using subset [0, 4, 5, 6]:
[0 1 0 1 1 0 0 1 0]
[0 0 0 0 1 0 0 0 0]
[1 1 0 0 1 0 0 1 0]
[0 1 1 0 1 1 1 0 0]
[0 0 0 0 0 0 0 0 0]
[1 1 1 0 1 0 0 1 1]
[1 1 1 0 1 1 0 1 1]
[0 1 0 1 1 0 0 0 0]
[1 1 1 1 1 0 0 1 0]
  Isomorphism mapping:
    0 → 4
    1 → 1
    2 → 5
    3 → 2
    4 → 0
    5 → 7
    6 → 8
    7 → 3
    8 → 6

   Switch to Tournament 52 using subset [0, 3, 4]:
[0 1 0 0 1 1 1 1 0]
[0 0 0 1 1 1 1 0 0]
[1 1 0 1 1 1 1 1 0]
[1 0 0 0 0 1 1 1 1]
[0 0 0 1 0 1 1 0 0]
[0 0 0 0 0 0 0 0 0]
[0 0 0 0 0 1 0 0 0]
[0 1 0 0 1 1 1 0 0]
[1 1 1 0 1 1 1 1 0]
  Isomorphism mapping:
    0 → 6
    1 → 4
    2 → 8
    3 → 2
    4 → 3
    5 → 0
    6 → 1
    7 → 5
    8 → 7

   Switch to Tournament 53 using subset [0, 1, 5]:
[0 0 0 1 0 0 1 1 0]
[1 0 1 1 1 1 0 1 1]
[1 0 0 0 0 0 1 1 0]
[0 0 1 0 0 1 0 0 0]
[1 0 1 1 0 1 0 1 1]
[1 0 1 0 0 0 1 1 1]
[0 1 0 1 1 0 0 0 0]
[0 0 0 1 0 0 1 0 0]
[1 0 1 1 0 0 1 1 0]
  Isomorphism mapping:
    0 → 3
    1 → 8
    2 → 4
    3 → 0
    4 → 7
    5 → 6
    6 → 1
    7 → 2
    8 → 5

   Switch to Tournament 54 using subset [1, 2, 7]:
[0 1 0 0 1 0 0 1 1]
[0 0 0 1 1 0 0 0 1]
[1 1 0 1 1 0 0 1 1]
[1 0 0 0 0 0 0 1 0]
[0 0 0 1 0 0 0 0 1]
[1 1 1 1 1 0 0 1 0]
[1 1 1 1 1 1 0 1 0]
[0 1 0 0 1 0 0 0 1]
[0 0 0 1 0 1 1 0 0]
  Isomorphism mapping:
    0 → 5
    1 → 3
    2 → 6
    3 → 0
    4 → 2
    5 → 7
    6 → 8
    7 → 4
    8 → 1

   Switch to Tournament 55 using subset [0, 2, 4]:
[0 1 1 1 1 1 1 1 0]
[0 0 1 0 1 1 1 0 0]
[0 0 0 1 0 0 0 0 1]
[0 1 0 0 1 0 0 0 0]
[0 0 1 0 0 1 1 0 0]
[0 0 1 1 0 0 0 0 0]
[0 0 1 1 0 1 0 0 0]
[0 1 1 1 1 1 1 0 0]
[1 1 0 1 1 1 1 1 0]
  Isomorphism mapping:
    0 → 8
    1 → 5
    2 → 1
    3 → 0
    4 → 4
    5 → 2
    6 → 3
    7 → 6
    8 → 7

   Switch to Tournament 56 using subset [0, 1, 3, 4]:
[0 0 0 0 1 1 1 1 0]
[1 0 1 0 0 0 0 1 1]
[1 0 0 1 1 1 1 1 0]
[1 1 0 0 0 1 1 1 1]
[0 1 0 1 0 1 1 0 0]
[0 1 0 0 0 0 0 0 0]
[0 1 0 0 0 1 0 0 0]
[0 0 0 0 1 1 1 0 0]
[1 0 1 0 1 1 1 1 0]
  Isomorphism mapping:
    0 → 5
    1 → 0
    2 → 6
    3 → 8
    4 → 3
    5 → 1
    6 → 2
    7 → 4
    8 → 7

   Switch to Tournament 57 using subset [0, 2, 3]:
[0 1 1 0 0 1 1 1 0]
[0 0 1 1 0 1 1 0 0]
[0 0 0 0 1 0 0 0 1]
[1 0 1 0 1 1 1 1 1]
[1 1 0 0 0 0 0 1 1]
[0 0 1 0 1 0 0 0 0]
[0 0 1 0 1 1 0 0 0]
[0 1 1 0 0 1 1 0 0]
[1 1 0 0 0 1 1 1 0]
  Isomorphism mapping:
    0 → 6
    1 → 4
    2 → 1
    3 → 8
    4 → 0
    5 → 2
    6 → 3
    7 → 5
    8 → 7

   Switch to Tournament 58 using subset [1, 2, 3, 4]:
[0 1 0 1 0 0 0 0 1]
[0 0 0 0 0 0 0 1 1]
[1 1 0 0 0 0 0 0 1]
[0 1 1 0 0 1 1 1 1]
[1 1 1 1 0 1 1 0 0]
[1 1 1 0 0 0 0 0 0]
[1 1 1 0 0 1 0 0 0]
[1 0 1 0 1 1 1 0 0]
[0 0 0 0 1 1 1 1 0]
  Isomorphism mapping:
    0 → 2
    1 → 1
    2 → 3
    3 → 8
    4 → 6
    5 → 4
    6 → 5
    7 → 7
    8 → 0

   Switch to Tournament 59 using subset [4, 6, 8]:
[0 0 1 0 0 0 1 0 0]
[1 0 0 0 1 1 0 0 1]
[0 1 0 0 1 1 0 1 1]
[1 1 1 0 1 0 1 0 1]
[1 0 0 0 0 1 0 0 1]
[1 0 0 1 0 0 1 0 1]
[0 1 1 0 1 0 0 1 0]
[1 1 0 1 1 1 0 0 1]
[1 0 0 0 0 0 1 0 0]
  Isomorphism mapping:
    0 → 1
    1 → 5
    2 → 7
    3 → 8
    4 → 4
    5 → 3
    6 → 0
    7 → 6
    8 → 2

   Switch to Tournament 60 using subset [0, 3, 8]:
[0 1 0 0 0 1 1 1 1]
[0 0 0 1 0 1 1 0 1]
[1 1 0 1 0 1 1 1 1]
[1 0 0 0 1 1 1 1 0]
[1 1 1 0 0 0 0 1 0]
[0 0 0 0 1 0 0 0 1]
[0 0 0 0 1 1 0 0 1]
[0 1 0 0 0 1 1 0 1]
[0 0 0 1 1 0 0 0 0]
  Isomorphism mapping:
    0 → 6
    1 → 4
    2 → 8
    3 → 7
    4 → 0
    5 → 2
    6 → 3
    7 → 5
    8 → 1

   Switch to Tournament 61 using subset [0, 4, 5, 7]:
[0 1 0 1 1 0 1 0 0]
[0 0 0 0 1 0 1 1 0]
[1 1 0 0 1 0 1 0 0]
[0 1 1 0 1 1 0 1 0]
[0 0 0 0 0 0 1 1 0]
[1 1 1 0 1 0 1 0 1]
[0 0 0 1 0 0 0 1 0]
[1 0 1 0 0 1 0 0 1]
[1 1 1 1 1 0 1 0 0]
  Isomorphism mapping:
    0 → 4
    1 → 3
    2 → 5
    3 → 7
    4 → 2
    5 → 6
    6 → 1
    7 → 0
    8 → 8

   Switch to Tournament 62 using subset [2, 4, 5, 8]:
[0 0 0 0 0 1 0 0 0]
[1 0 1 0 1 0 1 0 1]
[1 0 0 1 0 1 0 0 0]
[1 1 0 0 1 1 0 0 1]
[1 0 1 0 0 0 1 0 1]
[0 1 0 0 1 0 1 1 0]
[1 0 1 1 0 0 0 0 1]
[1 1 1 1 1 0 1 0 1]
[1 0 1 0 0 1 0 0 0]
  Isomorphism mapping:
    0 → 1
    1 → 6
    2 → 2
    3 → 7
    4 → 5
    5 → 0
    6 → 4
    7 → 8
    8 → 3

   Switch to Tournament 63 using subset [1, 3, 6]:
[0 1 1 1 1 0 1 0 1]
[0 0 1 0 1 0 1 1 1]
[0 0 0 1 0 1 0 1 0]
[0 1 0 0 1 1 0 1 1]
[0 0 1 0 0 0 1 1 1]
[1 1 0 0 1 0 1 0 0]
[0 0 1 1 0 0 0 1 1]
[1 0 0 0 0 1 0 0 0]
[0 0 1 0 0 1 0 1 0]
  Isomorphism mapping:
    0 → 8
    1 → 6
    2 → 2
    3 → 7
    4 → 5
    5 → 0
    6 → 4
    7 → 1
    8 → 3

   Switch to Tournament 64 using subset [1, 2, 3]:
[0 1 0 1 1 0 0 0 1]
[0 0 0 0 1 0 0 1 1]
[1 1 0 0 1 0 0 0 1]
[0 1 1 0 1 1 1 1 1]
[0 0 0 0 0 0 0 1 1]
[1 1 1 0 1 0 0 0 0]
[1 1 1 0 1 1 0 0 0]
[1 0 1 0 0 1 1 0 0]
[0 0 0 0 0 1 1 1 0]
  Isomorphism mapping:
    0 → 4
    1 → 3
    2 → 5
    3 → 8
    4 → 2
    5 → 6
    6 → 7
    7 → 0
    8 → 1

   Switch to Tournament 65 using subset [4, 6, 7, 8]:
[0 0 1 0 0 0 1 1 0]
[1 0 0 0 1 1 0 1 1]
[0 1 0 0 1 1 0 0 1]
[1 1 1 0 1 0 1 1 1]
[1 0 0 0 0 1 0 1 1]
[1 0 0 1 0 0 1 1 1]
[0 1 1 0 1 0 0 0 0]
[0 0 1 0 0 0 1 0 0]
[1 0 0 0 0 0 1 1 0]
  Isomorphism mapping:
    0 → 3
    1 → 7
    2 → 0
    3 → 8
    4 → 6
    5 → 5
    6 → 1
    7 → 2
    8 → 4

   Switch to Tournament 66 using subset [2, 3]:
[0 0 0 1 1 0 0 0 1]
[1 0 1 1 0 1 1 0 0]
[1 0 0 0 1 0 0 0 1]
[0 0 1 0 1 1 1 1 1]
[0 1 0 0 0 0 0 1 1]
[1 0 1 0 1 0 0 0 0]
[1 0 1 0 1 1 0 0 0]
[1 1 1 0 0 1 1 0 0]
[0 1 0 0 0 1 1 1 0]
  Isomorphism mapping:
    0 → 2
    1 → 6
    2 → 3
    3 → 8
    4 → 1
    5 → 4
    6 → 5
    7 → 7
    8 → 0

   Switch to Tournament 67 using subset [1, 2, 3, 5]:
[0 1 0 1 1 1 0 0 1]
[0 0 0 0 1 1 0 1 1]
[1 1 0 0 1 1 0 0 1]
[0 1 1 0 1 0 1 1 1]
[0 0 0 0 0 1 0 1 1]
[0 0 0 1 0 0 1 1 1]
[1 1 1 0 1 0 0 0 0]
[1 0 1 0 0 0 1 0 0]
[0 0 0 0 0 0 1 1 0]
  Isomorphism mapping:
    0 → 6
    1 → 5
    2 → 7
    3 → 8
    4 → 4
    5 → 3
    6 → 0
    7 → 1
    8 → 2

   Switch to Tournament 68 using subset [6, 7, 8]:
[0 0 1 0 1 0 1 1 0]
[1 0 0 0 0 1 0 1 1]
[0 1 0 0 0 1 0 0 1]
[1 1 1 0 0 0 1 1 1]
[0 1 1 1 0 0 1 0 0]
[1 0 0 1 1 0 1 1 1]
[0 1 1 0 0 0 0 0 0]
[0 0 1 0 1 0 1 0 0]
[1 0 0 0 1 0 1 1 0]
  Isomorphism mapping:
    0 → 5
    1 → 0
    2 → 1
    3 → 8
    4 → 3
    5 → 7
    6 → 2
    7 → 4
    8 → 6

   Switch to Tournament 69 using subset [6, 7]:
[0 0 1 0 1 0 1 1 1]
[1 0 0 0 0 1 0 1 0]
[0 1 0 0 0 1 0 0 0]
[1 1 1 0 0 0 1 1 0]
[0 1 1 1 0 0 1 0 1]
[1 0 0 1 1 0 1 1 0]
[0 1 1 0 0 0 0 0 1]
[0 0 1 0 1 0 1 0 1]
[0 1 1 1 0 1 0 0 0]
  Isomorphism mapping:
    0 → 7
    1 → 1
    2 → 2
    3 → 8
    4 → 5
    5 → 0
    6 → 4
    7 → 6
    8 → 3

   Switch to Tournament 70 using subset [3]:
[0 0 1 1 1 0 0 0 1]
[1 0 0 1 0 1 1 0 0]
[0 1 0 1 0 1 1 1 0]
[0 0 0 0 1 1 1 1 1]
[0 1 1 0 0 0 0 1 1]
[1 0 0 0 1 0 0 0 0]
[1 0 0 0 1 1 0 0 0]
[1 1 0 0 0 1 1 0 0]
[0 1 1 0 0 1 1 1 0]
  Isomorphism mapping:
    0 → 1
    1 → 4
    2 → 6
    3 → 8
    4 → 0
    5 → 2
    6 → 3
    7 → 5
    8 → 7

   Switch to Tournament 71 using subset [0, 4, 6, 7]:
[0 1 0 1 1 1 0 0 0]
[0 0 0 0 1 1 0 1 0]
[1 1 0 0 1 1 0 0 0]
[0 1 1 0 1 0 1 1 0]
[0 0 0 0 0 1 0 1 0]
[0 0 0 1 0 0 1 1 0]
[1 1 1 0 1 0 0 0 1]
[1 0 1 0 0 0 1 0 1]
[1 1 1 1 1 1 0 0 0]
  Isomorphism mapping:
    0 → 4
    1 → 3
    2 → 5
    3 → 7
    4 → 2
    5 → 1
    6 → 6
    7 → 0
    8 → 8

   Switch to Tournament 72 using subset [0, 1, 6, 8]:
[0 0 0 1 0 1 0 1 1]
[1 0 1 1 1 0 1 1 0]
[1 0 0 0 0 1 0 1 1]
[0 0 1 0 0 0 1 0 1]
[1 0 1 1 0 0 1 1 0]
[0 1 0 1 1 0 1 0 1]
[1 0 1 0 0 0 0 1 0]
[0 0 0 1 0 1 0 0 1]
[0 1 0 0 1 0 1 0 0]
  Isomorphism mapping:
    0 → 5
    1 → 8
    2 → 6
    3 → 2
    4 → 7
    5 → 3
    6 → 0
    7 → 4
    8 → 1

   Switch to Tournament 73 using subset [0, 1, 2, 6]:
[0 0 1 1 0 1 0 1 0]
[1 0 0 1 1 0 1 1 1]
[0 1 0 1 1 0 1 0 1]
[0 0 0 0 0 0 1 0 0]
[1 0 0 1 0 0 1 1 1]
[0 1 1 1 1 0 1 0 0]
[1 0 0 0 0 0 0 1 1]
[0 0 1 1 0 1 0 0 0]
[1 0 0 1 0 1 0 1 0]
  Isomorphism mapping:
    0 → 5
    1 → 8
    2 → 2
    3 → 1
    4 → 7
    5 → 3
    6 → 0
    7 → 4
    8 → 6

   Switch to Tournament 74 using subset [2, 3, 4, 7]:
[0 0 0 1 0 0 0 1 1]
[1 0 1 1 1 1 1 1 0]
[1 0 0 0 0 0 0 1 1]
[0 0 1 0 0 1 1 0 1]
[1 0 1 1 0 1 1 1 0]
[1 0 1 0 0 0 0 1 0]
[1 0 1 0 0 1 0 1 0]
[0 0 0 1 0 0 0 0 1]
[0 1 0 0 1 1 1 0 0]
  Isomorphism mapping:
    0 → 2
    1 → 8
    2 → 3
    3 → 6
    4 → 7
    5 → 4
    6 → 5
    7 → 1
    8 → 0

   Switch to Tournament 75 using subset [3, 4, 7, 8]:
[0 0 1 1 0 0 0 1 0]
[1 0 0 1 1 1 1 1 1]
[0 1 0 1 1 1 1 0 1]
[0 0 0 0 0 1 1 0 0]
[1 0 0 1 0 1 1 1 1]
[1 0 0 0 0 0 0 1 1]
[1 0 0 0 0 1 0 1 1]
[0 0 1 1 0 0 0 0 0]
[1 0 0 1 0 0 0 1 0]
  Isomorphism mapping:
    0 → 2
    1 → 8
    2 → 6
    3 → 0
    4 → 7
    5 → 4
    6 → 5
    7 → 1
    8 → 3

   Switch to Tournament 76 using subset [3, 7]:
[0 0 1 1 1 0 0 1 1]
[1 0 0 1 0 1 1 1 0]
[0 1 0 1 0 1 1 0 0]
[0 0 0 0 1 1 1 0 1]
[0 1 1 0 0 0 0 0 1]
[1 0 0 0 1 0 0 1 0]
[1 0 0 0 1 1 0 1 0]
[0 0 1 1 1 0 0 0 1]
[0 1 1 0 0 1 1 0 0]
  Isomorphism mapping:
    0 → 8
    1 → 4
    2 → 5
    3 → 3
    4 → 0
    5 → 1
    6 → 2
    7 → 7
    8 → 6

   Switch to Tournament 77 using subset [1, 3, 8]:
[0 1 1 1 1 0 0 0 0]
[0 0 1 0 1 0 0 1 0]
[0 0 0 1 0 1 1 1 1]
[0 1 0 0 1 1 1 1 0]
[0 0 1 0 0 0 0 1 0]
[1 1 0 0 1 0 0 0 1]
[1 1 0 0 1 1 0 0 1]
[1 0 0 0 0 1 1 0 1]
[1 1 0 1 1 0 0 0 0]
  Isomorphism mapping:
    0 → 4
    1 → 2
    2 → 7
    3 → 3
    4 → 1
    5 → 6
    6 → 8
    7 → 0
    8 → 5

   Switch to Tournament 78 using subset [2, 3, 5, 8]:
[0 0 0 1 1 1 0 0 0]
[1 0 1 1 0 0 1 0 1]
[1 0 0 0 1 1 0 0 0]
[0 0 1 0 1 0 1 1 0]
[0 1 0 0 0 1 0 1 0]
[0 1 0 1 0 0 1 1 0]
[1 0 1 0 1 0 0 0 1]
[1 1 1 0 0 0 1 0 1]
[1 0 1 1 1 1 0 0 0]
  Isomorphism mapping:
    0 → 1
    1 → 4
    2 → 2
    3 → 6
    4 → 0
    5 → 7
    6 → 3
    7 → 5
    8 → 8

   Switch to Tournament 79 using subset [2, 4, 5]:
[0 0 0 0 0 1 0 0 1]
[1 0 1 0 1 0 1 0 0]
[1 0 0 1 0 1 0 0 1]
[1 1 0 0 1 1 0 0 0]
[1 0 1 0 0 0 1 0 0]
[0 1 0 0 1 0 1 1 1]
[1 0 1 1 0 0 0 0 0]
[1 1 1 1 1 0 1 0 0]
[0 1 0 1 1 0 1 1 0]
  Isomorphism mapping:
    0 → 0
    1 → 3
    2 → 7
    3 → 6
    4 → 2
    5 → 5
    6 → 1
    7 → 8
    8 → 4

   Switch to Tournament 80 using subset [1, 3, 6, 8]:
[0 1 1 1 1 0 1 0 0]
[0 0 1 0 1 0 1 1 0]
[0 0 0 1 0 1 0 1 1]
[0 1 0 0 1 1 0 1 0]
[0 0 1 0 0 0 1 1 0]
[1 1 0 0 1 0 1 0 1]
[0 0 1 1 0 0 0 1 0]
[1 0 0 0 0 1 0 0 1]
[1 1 0 1 1 0 1 0 0]
  Isomorphism mapping:
    0 → 8
    1 → 3
    2 → 7
    3 → 6
    4 → 2
    5 → 5
    6 → 1
    7 → 0
    8 → 4

   Switch to Tournament 81 using subset [1, 4, 7]:
[0 1 1 0 0 0 0 1 1]
[0 0 1 1 0 0 0 0 1]
[0 0 0 0 1 1 1 0 0]
[1 0 1 0 1 0 0 1 0]
[1 1 0 0 0 1 1 1 0]
[1 1 0 1 0 0 0 1 0]
[1 1 0 1 0 1 0 1 0]
[0 1 1 0 0 0 0 0 1]
[0 0 1 1 1 1 1 0 0]
  Isomorphism mapping:
    0 → 3
    1 → 1
    2 → 0
    3 → 6
    4 → 5
    5 → 4
    6 → 8
    7 → 2
    8 → 7

   Switch to Tournament 82 using subset [0, 7, 8]:
[0 1 0 1 0 1 1 0 1]
[0 0 0 0 0 1 1 1 1]
[1 1 0 0 0 1 1 0 1]
[0 1 1 0 0 0 0 1 1]
[1 1 1 1 0 0 0 0 0]
[0 0 0 1 1 0 0 1 1]
[0 0 0 1 1 1 0 1 1]
[1 0 1 0 1 0 0 0 0]
[0 0 0 0 1 0 0 1 0]
  Isomorphism mapping:
    0 → 4
    1 → 3
    2 → 5
    3 → 6
    4 → 7
    5 → 2
    6 → 8
    7 → 0
    8 → 1

   Switch to Tournament 83 using subset [1, 4, 6, 7]:
[0 1 1 0 0 0 1 1 1]
[0 0 1 1 0 0 1 0 1]
[0 0 0 0 1 1 0 0 0]
[1 0 1 0 1 0 1 1 0]
[1 1 0 0 0 1 0 1 0]
[1 1 0 1 0 0 1 1 0]
[0 0 1 0 1 0 0 0 1]
[0 1 1 0 0 0 1 0 1]
[0 0 1 1 1 1 0 0 0]
  Isomorphism mapping:
    0 → 8
    1 → 4
    2 → 1
    3 → 6
    4 → 0
    5 → 7
    6 → 3
    7 → 5
    8 → 2

   Switch to Tournament 84 using subset [1, 4, 7, 8]:
[0 1 1 0 0 0 0 1 0]
[0 0 1 1 0 0 0 0 0]
[0 0 0 0 1 1 1 0 1]
[1 0 1 0 1 0 0 1 1]
[1 1 0 0 0 1 1 1 1]
[1 1 0 1 0 0 0 1 1]
[1 1 0 1 0 1 0 1 1]
[0 1 1 0 0 0 0 0 0]
[1 1 0 0 0 0 0 1 0]
  Isomorphism mapping:
    0 → 3
    1 → 1
    2 → 0
    3 → 5
    4 → 7
    5 → 6
    6 → 8
    7 → 2
    8 → 4

   Switch to Tournament 85 using subset [0, 1, 4]:
[0 0 0 1 1 1 1 1 0]
[1 0 1 1 0 0 0 1 1]
[1 0 0 0 1 1 1 1 0]
[0 0 1 0 1 0 0 0 0]
[0 1 0 0 0 1 1 0 0]
[0 1 0 1 0 0 0 0 0]
[0 1 0 1 0 1 0 0 0]
[0 0 0 1 1 1 1 0 0]
[1 0 1 1 1 1 1 1 0]
  Isomorphism mapping:
    0 → 6
    1 → 1
    2 → 7
    3 → 0
    4 → 4
    5 → 2
    6 → 3
    7 → 5
    8 → 8

   Switch to Tournament 86 using subset [3, 4, 6, 8]:
[0 0 1 1 0 0 1 0 0]
[1 0 0 1 1 1 0 0 1]
[0 1 0 1 1 1 0 1 1]
[0 0 0 0 0 1 0 1 0]
[1 0 0 1 0 1 0 0 1]
[1 0 0 0 0 0 1 0 1]
[0 1 1 1 1 0 0 1 0]
[1 1 0 0 1 1 0 0 1]
[1 0 0 1 0 0 1 0 0]
  Isomorphism mapping:
    0 → 2
    1 → 6
    2 → 8
    3 → 0
    4 → 5
    5 → 4
    6 → 1
    7 → 7
    8 → 3

   Switch to Tournament 87 using subset [2, 5, 6, 7]:
[0 0 0 0 1 1 1 1 1]
[1 0 1 0 0 0 0 1 0]
[1 0 0 1 1 1 1 1 1]
[1 1 0 0 0 1 1 1 0]
[0 1 0 1 0 1 1 0 1]
[0 1 0 0 0 0 0 0 1]
[0 1 0 0 0 1 0 0 1]
[0 0 0 0 1 1 1 0 1]
[0 1 0 1 0 0 0 0 0]
  Isomorphism mapping:
    0 → 7
    1 → 0
    2 → 8
    3 → 5
    4 → 6
    5 → 2
    6 → 3
    7 → 4
    8 → 1

   Switch to Tournament 88 using subset [4, 5]:
[0 0 1 0 0 1 0 0 1]
[1 0 0 0 1 0 1 0 0]
[0 1 0 0 1 0 1 1 0]
[1 1 1 0 1 1 0 0 0]
[1 0 0 0 0 0 1 0 0]
[0 1 1 0 1 0 1 1 1]
[1 0 0 1 0 0 0 0 0]
[1 1 0 1 1 0 1 0 0]
[0 1 1 1 1 0 1 1 0]
  Isomorphism mapping:
    0 → 0
    1 → 3
    2 → 4
    3 → 5
    4 → 2
    5 → 7
    6 → 1
    7 → 6
    8 → 8

   Switch to Tournament 89 using subset [3, 4, 5, 6]:
[0 0 1 1 0 1 1 0 1]
[1 0 0 1 1 0 0 0 0]
[0 1 0 1 1 0 0 1 0]
[0 0 0 0 0 0 0 1 1]
[1 0 0 1 0 0 0 0 0]
[0 1 1 1 1 0 0 1 1]
[0 1 1 1 1 1 0 1 1]
[1 1 0 0 1 0 0 0 0]
[0 1 1 0 1 0 0 1 0]
  Isomorphism mapping:
    0 → 1
    1 → 3
    2 → 5
    3 → 0
    4 → 2
    5 → 7
    6 → 8
    7 → 4
    8 → 6

   Switch to Tournament 90 using subset [1, 5, 8]:
[0 1 1 0 1 1 0 0 0]
[0 0 1 1 1 1 0 1 0]
[0 0 0 0 0 0 1 1 1]
[1 0 1 0 0 1 0 0 1]
[0 0 1 1 0 1 0 1 0]
[0 0 1 0 0 0 1 1 0]
[1 1 0 1 1 0 0 0 1]
[1 0 0 1 0 0 1 0 1]
[1 1 0 0 1 1 0 0 0]
  Isomorphism mapping:
    0 → 3
    1 → 8
    2 → 0
    3 → 5
    4 → 2
    5 → 1
    6 → 6
    7 → 7
    8 → 4

   Switch to Tournament 91 using subset [1, 5, 6, 8]:
[0 1 1 0 1 1 1 0 0]
[0 0 1 1 1 1 1 1 0]
[0 0 0 0 0 0 0 1 1]
[1 0 1 0 0 1 1 0 1]
[0 0 1 1 0 1 1 1 0]
[0 0 1 0 0 0 0 1 0]
[0 0 1 0 0 1 0 1 0]
[1 0 0 1 0 0 0 0 1]
[1 1 0 0 1 1 1 0 0]
  Isomorphism mapping:
    0 → 4
    1 → 8
    2 → 1
    3 → 6
    4 → 7
    5 → 2
    6 → 3
    7 → 0
    8 → 5

   Switch to Tournament 92 using subset [7, 8]:
[0 0 1 0 1 0 0 1 0]
[1 0 0 0 0 1 1 1 1]
[0 1 0 0 0 1 1 0 1]
[1 1 1 0 0 0 0 1 1]
[0 1 1 1 0 0 0 0 0]
[1 0 0 1 1 0 0 1 1]
[1 0 0 1 1 1 0 1 1]
[0 0 1 0 1 0 0 0 0]
[1 0 0 0 1 0 0 1 0]
  Isomorphism mapping:
    0 → 3
    1 → 5
    2 → 0
    3 → 6
    4 → 1
    5 → 7
    6 → 8
    7 → 2
    8 → 4

   Switch to Tournament 93 using subset [4, 6]:
[0 0 1 0 0 0 1 0 1]
[1 0 0 0 1 1 0 0 0]
[0 1 0 0 1 1 0 1 0]
[1 1 1 0 1 0 1 0 0]
[1 0 0 0 0 1 0 0 0]
[1 0 0 1 0 0 1 0 0]
[0 1 1 0 1 0 0 1 1]
[1 1 0 1 1 1 0 0 0]
[0 1 1 1 1 1 0 1 0]
  Isomorphism mapping:
    0 → 0
    1 → 3
    2 → 4
    3 → 6
    4 → 2
    5 → 1
    6 → 5
    7 → 7
    8 → 8

   Switch to Tournament 94 using subset [1, 2, 5, 6]:
[0 1 0 0 1 1 1 0 1]
[0 0 0 1 1 1 1 1 1]
[1 1 0 1 1 1 1 0 1]
[1 0 0 0 0 1 1 0 0]
[0 0 0 1 0 1 1 1 1]
[0 0 0 0 0 0 0 1 1]
[0 0 0 0 0 1 0 1 1]
[1 0 1 1 0 0 0 0 0]
[0 0 0 1 0 0 0 1 0]
  Isomorphism mapping:
    0 → 4
    1 → 7
    2 → 8
    3 → 5
    4 → 6
    5 → 2
    6 → 3
    7 → 0
    8 → 1

   Switch to Tournament 95 using subset [0, 1, 6]:
[0 0 0 1 0 1 0 1 0]
[1 0 1 1 1 0 1 1 1]
[1 0 0 0 0 1 0 1 0]
[0 0 1 0 0 0 1 0 0]
[1 0 1 1 0 0 1 1 1]
[0 1 0 1 1 0 1 0 0]
[1 0 1 0 0 0 0 1 1]
[0 0 0 1 0 1 0 0 0]
[1 0 1 1 0 1 0 1 0]
  Isomorphism mapping:
    0 → 3
    1 → 8
    2 → 4
    3 → 0
    4 → 7
    5 → 1
    6 → 5
    7 → 2
    8 → 6

   Switch to Tournament 96 using subset [4, 5, 7, 8]:
[0 0 1 0 0 1 0 1 0]
[1 0 0 0 1 0 1 1 1]
[0 1 0 0 1 0 1 0 1]
[1 1 1 0 1 1 0 1 1]
[1 0 0 0 0 0 1 1 1]
[0 1 1 0 1 0 1 0 0]
[1 0 0 1 0 0 0 1 1]
[0 0 1 0 0 1 0 0 0]
[1 0 0 0 0 1 0 1 0]
  Isomorphism mapping:
    0 → 3
    1 → 7
    2 → 0
    3 → 8
    4 → 6
    5 → 1
    6 → 5
    7 → 2
    8 → 4

   Switch to Tournament 97 using subset [5, 6, 8]:
[0 0 1 0 1 1 1 0 0]
[1 0 0 0 0 0 0 0 1]
[0 1 0 0 0 0 0 1 1]
[1 1 1 0 0 1 1 0 1]
[0 1 1 1 0 1 1 1 0]
[0 1 1 0 0 0 0 1 0]
[0 1 1 0 0 1 0 1 0]
[1 1 0 1 0 0 0 0 1]
[1 0 0 0 1 1 1 0 0]
  Isomorphism mapping:
    0 → 0
    1 → 2
    2 → 4
    3 → 8
    4 → 7
    5 → 5
    6 → 6
    7 → 3
    8 → 1

   Switch to Tournament 98 using subset [2, 4, 6, 7]:
[0 0 0 0 0 0 1 1 1]
[1 0 1 0 1 1 0 1 0]
[1 0 0 1 0 0 1 1 1]
[1 1 0 0 1 0 1 1 0]
[1 0 1 0 0 1 0 1 0]
[1 0 1 1 0 0 1 1 0]
[0 1 0 0 1 0 0 0 1]
[0 0 0 0 0 0 1 0 1]
[0 1 0 1 1 1 0 0 0]
  Isomorphism mapping:
    0 → 3
    1 → 6
    2 → 8
    3 → 7
    4 → 5
    5 → 4
    6 → 1
    7 → 2
    8 → 0

   Switch to Tournament 99 using subset [1, 2, 5]:
[0 1 0 0 1 1 0 0 1]
[0 0 0 1 1 1 0 1 1]
[1 1 0 1 1 1 0 0 1]
[1 0 0 0 0 1 0 0 0]
[0 0 0 1 0 1 0 1 1]
[0 0 0 0 0 0 1 1 1]
[1 1 1 1 1 0 0 0 0]
[1 0 1 1 0 0 1 0 0]
[0 0 0 1 0 0 1 1 0]
  Isomorphism mapping:
    0 → 0
    1 → 7
    2 → 8
    3 → 1
    4 → 6
    5 → 5
    6 → 2
    7 → 3
    8 → 4

   Switch to Tournament 100 using subset [0, 6, 7]:
[0 1 0 1 0 1 0 0 0]
[0 0 0 0 0 1 0 1 0]
[1 1 0 0 0 1 0 0 0]
[0 1 1 0 0 0 1 1 0]
[1 1 1 1 0 0 1 0 1]
[0 0 0 1 1 0 1 1 0]
[1 1 1 0 0 0 0 0 1]
[1 0 1 0 1 0 1 0 1]
[1 1 1 1 0 1 0 0 0]
  Isomorphism mapping:
    0 → 2
    1 → 1
    2 → 3
    3 → 6
    4 → 8
    5 → 0
    6 → 4
    7 → 5
    8 → 7

   Switch to Tournament 101 using subset [1, 6]:
[0 1 1 0 1 0 1 0 1]
[0 0 1 1 1 0 1 1 1]
[0 0 0 0 0 1 0 1 0]
[1 0 1 0 0 0 1 0 0]
[0 0 1 1 0 0 1 1 1]
[1 1 0 1 1 0 1 0 0]
[0 0 1 0 0 0 0 1 1]
[1 0 0 1 0 1 0 0 0]
[0 0 1 1 0 1 0 1 0]
  Isomorphism mapping:
    0 → 2
    1 → 8
    2 → 0
    3 → 3
    4 → 7
    5 → 4
    6 → 1
    7 → 5
    8 → 6

   Switch to Tournament 102 using subset [0, 2, 6, 8]:
[0 1 1 1 0 1 0 1 1]
[0 0 1 0 0 1 0 0 1]
[0 0 0 1 1 0 1 0 0]
[0 1 0 0 0 0 1 0 1]
[1 1 0 1 0 0 1 1 0]
[0 0 1 1 1 0 1 0 1]
[1 1 0 0 0 0 0 1 0]
[0 1 1 1 0 1 0 0 1]
[0 0 1 0 1 0 1 0 0]
  Isomorphism mapping:
    0 → 8
    1 → 0
    2 → 4
    3 → 2
    4 → 3
    5 → 6
    6 → 1
    7 → 7
    8 → 5

   Switch to Tournament 103 using subset [2, 8]:
[0 0 0 0 1 0 0 0 0]
[1 0 1 0 0 1 1 0 1]
[1 0 0 1 1 0 0 0 0]
[1 1 0 0 0 0 0 0 1]
[0 1 0 1 0 0 0 1 0]
[1 0 1 1 1 0 0 0 1]
[1 0 1 1 1 1 0 0 1]
[1 1 1 1 0 1 1 0 1]
[1 0 1 0 1 0 0 0 0]
  Isomorphism mapping:
    0 → 1
    1 → 4
    2 → 2
    3 → 5
    4 → 0
    5 → 6
    6 → 7
    7 → 8
    8 → 3

   Switch to Tournament 104 using subset [0, 2, 7, 8]:
[0 1 1 1 0 1 1 0 1]
[0 0 1 0 0 1 1 1 1]
[0 0 0 1 1 0 0 1 0]
[0 1 0 0 0 0 0 1 1]
[1 1 0 1 0 0 0 0 0]
[0 0 1 1 1 0 0 1 1]
[0 0 1 1 1 1 0 1 1]
[1 0 0 0 1 0 0 0 0]
[0 0 1 0 1 0 0 1 0]
  Isomorphism mapping:
    0 → 7
    1 → 4
    2 → 2
    3 → 5
    4 → 0
    5 → 6
    6 → 8
    7 → 1
    8 → 3

   Switch to Tournament 105 using subset [0, 2, 5, 8]:
[0 1 1 1 0 0 1 1 1]
[0 0 1 0 0 0 1 0 1]
[0 0 0 1 1 1 0 0 0]
[0 1 0 0 0 1 0 0 1]
[1 1 0 1 0 1 0 1 0]
[1 1 0 0 0 0 1 1 0]
[0 0 1 1 1 0 0 0 1]
[0 1 1 1 0 0 1 0 1]
[0 0 1 0 1 1 0 0 0]
  Isomorphism mapping:
    0 → 8
    1 → 0
    2 → 4
    3 → 2
    4 → 3
    5 → 1
    6 → 6
    7 → 7
    8 → 5

   Switch to Tournament 106 using subset [1, 5, 6, 7]:
[0 1 1 0 1 1 1 1 1]
[0 0 1 1 1 1 1 0 1]
[0 0 0 0 0 0 0 0 0]
[1 0 1 0 0 1 1 1 0]
[0 0 1 1 0 1 1 0 1]
[0 0 1 0 0 0 0 0 1]
[0 0 1 0 0 1 0 0 1]
[0 1 1 0 1 1 1 0 1]
[0 0 1 1 0 0 0 0 0]
  Isomorphism mapping:
    0 → 8
    1 → 6
    2 → 0
    3 → 4
    4 → 5
    5 → 2
    6 → 3
    7 → 7
    8 → 1

   Switch to Tournament 107 using subset [0, 5, 6]:
[0 1 0 1 0 0 0 1 0]
[0 0 0 0 0 0 0 0 0]
[1 1 0 0 0 0 0 1 0]
[0 1 1 0 0 1 1 0 0]
[1 1 1 1 0 1 1 1 1]
[1 1 1 0 0 0 0 1 1]
[1 1 1 0 0 1 0 1 1]
[0 1 0 1 0 0 0 0 0]
[1 1 1 1 0 0 0 1 0]
  Isomorphism mapping:
    0 → 3
    1 → 0
    2 → 4
    3 → 1
    4 → 8
    5 → 6
    6 → 7
    7 → 2
    8 → 5

   Switch to Tournament 108 using subset [2, 3, 7, 8]:
[0 0 0 1 1 0 0 1 0]
[1 0 1 1 0 1 1 1 1]
[1 0 0 0 1 0 0 1 0]
[0 0 1 0 1 1 1 0 0]
[0 1 0 0 0 0 0 0 0]
[1 0 1 0 1 0 0 1 1]
[1 0 1 0 1 1 0 1 1]
[0 0 0 1 1 0 0 0 0]
[1 0 1 1 1 0 0 1 0]
  Isomorphism mapping:
    0 → 3
    1 → 8
    2 → 4
    3 → 1
    4 → 0
    5 → 6
    6 → 7
    7 → 2
    8 → 5

   Switch to Tournament 109 using subset [3, 6, 7]:
[0 0 1 1 1 0 1 1 1]
[1 0 0 1 0 1 0 1 0]
[0 1 0 1 0 1 0 0 0]
[0 0 0 0 1 1 0 0 1]
[0 1 1 0 0 0 1 0 1]
[1 0 0 0 1 0 1 1 0]
[0 1 1 1 0 0 0 0 1]
[0 0 1 1 1 0 1 0 1]
[0 1 1 0 0 1 0 0 0]
  Isomorphism mapping:
    0 → 8
    1 → 2
    2 → 3
    3 → 1
    4 → 6
    5 → 0
    6 → 5
    7 → 7
    8 → 4

   Switch to Tournament 110 using subset [0, 7]:
[0 1 0 1 0 1 1 0 0]
[0 0 0 0 0 1 1 1 0]
[1 1 0 0 0 1 1 0 0]
[0 1 1 0 0 0 0 1 0]
[1 1 1 1 0 0 0 0 1]
[0 0 0 1 1 0 0 1 0]
[0 0 0 1 1 1 0 1 0]
[1 0 1 0 1 0 0 0 1]
[1 1 1 1 0 1 1 0 0]
  Isomorphism mapping:
    0 → 5
    1 → 4
    2 → 6
    3 → 1
    4 → 7
    5 → 2
    6 → 3
    7 → 0
    8 → 8

   Switch to Tournament 111 using subset [3, 5, 8]:
[0 0 1 1 1 1 0 0 0]
[1 0 0 1 0 0 1 0 1]
[0 1 0 1 0 0 1 1 1]
[0 0 0 0 1 0 1 1 0]
[0 1 1 0 0 1 0 1 0]
[0 1 1 1 0 0 1 1 0]
[1 0 0 0 1 0 0 0 1]
[1 1 0 0 0 0 1 0 1]
[1 0 0 1 1 1 0 0 0]
  Isomorphism mapping:
    0 → 2
    1 → 5
    2 → 8
    3 → 1
    4 → 0
    5 → 7
    6 → 4
    7 → 6
    8 → 3

   Switch to Tournament 112 using subset [3, 4, 6, 7]:
[0 0 1 1 0 0 1 1 1]
[1 0 0 1 1 1 0 1 0]
[0 1 0 1 1 1 0 0 0]
[0 0 0 0 0 1 0 0 1]
[1 0 0 1 0 1 0 1 0]
[1 0 0 0 0 0 1 1 0]
[0 1 1 1 1 0 0 0 1]
[0 0 1 1 0 0 1 0 1]
[0 1 1 0 1 1 0 0 0]
  Isomorphism mapping:
    0 → 7
    1 → 8
    2 → 3
    3 → 1
    4 → 2
    5 → 0
    6 → 5
    7 → 6
    8 → 4

   Switch to Tournament 113 using subset [0, 2, 5, 7]:
[0 1 1 1 0 0 1 0 0]
[0 0 1 0 0 0 1 1 0]
[0 0 0 1 1 1 0 1 1]
[0 1 0 0 0 1 0 1 0]
[1 1 0 1 0 1 0 0 1]
[1 1 0 0 0 0 1 0 1]
[0 0 1 1 1 0 0 1 0]
[1 0 0 0 1 1 0 0 1]
[1 1 0 1 0 0 1 0 0]
  Isomorphism mapping:
    0 → 5
    1 → 4
    2 → 2
    3 → 1
    4 → 8
    5 → 7
    6 → 3
    7 → 0
    8 → 6

   Switch to Tournament 114 using subset [0, 3, 4, 5]:
[0 1 0 0 1 0 1 1 0]
[0 0 0 1 1 0 1 0 0]
[1 1 0 1 1 0 1 1 0]
[1 0 0 0 0 0 1 1 1]
[0 0 0 1 0 0 1 0 0]
[1 1 1 1 1 0 1 1 1]
[0 0 0 0 0 0 0 0 0]
[0 1 0 0 1 0 1 0 0]
[1 1 1 0 1 0 1 1 0]
  Isomorphism mapping:
    0 → 5
    1 → 3
    2 → 6
    3 → 1
    4 → 2
    5 → 8
    6 → 0
    7 → 4
    8 → 7

   Switch to Tournament 115 using subset [0, 3, 4, 6]:
[0 1 0 0 1 1 0 1 0]
[0 0 0 1 1 1 0 0 0]
[1 1 0 1 1 1 0 1 0]
[1 0 0 0 0 1 0 1 1]
[0 0 0 1 0 1 0 0 0]
[0 0 0 0 0 0 1 0 0]
[1 1 1 1 1 0 0 1 1]
[0 1 0 0 1 1 0 0 0]
[1 1 1 0 1 1 0 1 0]
  Isomorphism mapping:
    0 → 5
    1 → 3
    2 → 6
    3 → 1
    4 → 2
    5 → 0
    6 → 8
    7 → 4
    8 → 7

   Switch to Tournament 116 using subset [0, 4, 8]:
[0 1 0 1 1 1 1 1 1]
[0 0 0 0 1 1 1 0 1]
[1 1 0 0 1 1 1 1 1]
[0 1 1 0 1 0 0 0 1]
[0 0 0 0 0 1 1 0 1]
[0 0 0 1 0 0 0 0 1]
[0 0 0 1 0 1 0 0 1]
[0 1 0 1 1 1 1 0 1]
[0 0 0 0 0 0 0 0 0]
  Isomorphism mapping:
    0 → 8
    1 → 5
    2 → 7
    3 → 1
    4 → 4
    5 → 2
    6 → 3
    7 → 6
    8 → 0

   Switch to Tournament 117 using subset [0, 4, 7]:
[0 1 0 1 1 1 1 0 0]
[0 0 0 0 1 1 1 1 0]
[1 1 0 0 1 1 1 0 0]
[0 1 1 0 1 0 0 1 0]
[0 0 0 0 0 1 1 1 0]
[0 0 0 1 0 0 0 1 0]
[0 0 0 1 0 1 0 1 0]
[1 0 1 0 0 0 0 0 1]
[1 1 1 1 1 1 1 0 0]
  Isomorphism mapping:
    0 → 6
    1 → 5
    2 → 7
    3 → 1
    4 → 4
    5 → 2
    6 → 3
    7 → 0
    8 → 8

   Switch to Tournament 118 using subset [3, 8]:
[0 0 1 1 1 0 0 0 0]
[1 0 0 1 0 1 1 0 1]
[0 1 0 1 0 1 1 1 1]
[0 0 0 0 1 1 1 1 0]
[0 1 1 0 0 0 0 1 0]
[1 0 0 0 1 0 0 0 1]
[1 0 0 0 1 1 0 0 1]
[1 1 0 0 0 1 1 0 1]
[1 0 0 1 1 0 0 0 0]
  Isomorphism mapping:
    0 → 2
    1 → 6
    2 → 8
    3 → 1
    4 → 0
    5 → 4
    6 → 5
    7 → 7
    8 → 3

   Switch to Tournament 119 using subset [0, 1, 2, 8]:
[0 0 1 1 0 1 1 1 1]
[1 0 0 1 1 0 0 1 0]
[0 1 0 1 1 0 0 0 0]
[0 0 0 0 0 0 0 0 1]
[1 0 0 1 0 0 0 1 0]
[0 1 1 1 1 0 0 0 1]
[0 1 1 1 1 1 0 0 1]
[0 0 1 1 0 1 1 0 1]
[0 1 1 0 1 0 0 0 0]
  Isomorphism mapping:
    0 → 7
    1 → 3
    2 → 4
    3 → 0
    4 → 2
    5 → 6
    6 → 8
    7 → 1
    8 → 5

   Switch to Tournament 120 using subset [3, 5, 7]:
[0 0 1 1 1 1 0 1 1]
[1 0 0 1 0 0 1 1 0]
[0 1 0 1 0 0 1 0 0]
[0 0 0 0 1 0 1 0 1]
[0 1 1 0 0 1 0 0 1]
[0 1 1 1 0 0 1 0 1]
[1 0 0 0 1 0 0 1 0]
[0 0 1 1 1 1 0 0 1]
[0 1 1 0 0 0 1 0 0]
  Isomorphism mapping:
    0 → 8
    1 → 2
    2 → 3
    3 → 1
    4 → 5
    5 → 6
    6 → 0
    7 → 7
    8 → 4

   Switch to Tournament 121 using subset [2, 4, 7, 8]:
[0 0 0 0 0 0 0 1 0]
[1 0 1 0 1 1 1 1 1]
[1 0 0 1 0 0 0 1 0]
[1 1 0 0 1 0 0 1 1]
[1 0 1 0 0 1 1 1 1]
[1 0 1 1 0 0 0 1 1]
[1 0 1 1 0 1 0 1 1]
[0 0 0 0 0 0 0 0 0]
[1 0 1 0 0 0 0 1 0]
  Isomorphism mapping:
    0 → 1
    1 → 8
    2 → 3
    3 → 2
    4 → 7
    5 → 5
    6 → 6
    7 → 0
    8 → 4

   Switch to Tournament 122 using subset [3, 4, 7]:
[0 0 1 1 0 0 0 1 1]
[1 0 0 1 1 1 1 1 0]
[0 1 0 1 1 1 1 0 0]
[0 0 0 0 0 1 1 0 1]
[1 0 0 1 0 1 1 1 0]
[1 0 0 0 0 0 0 1 0]
[1 0 0 0 0 1 0 1 0]
[0 0 1 1 0 0 0 0 1]
[0 1 1 0 1 1 1 0 0]
  Isomorphism mapping:
    0 → 6
    1 → 8
    2 → 2
    3 → 4
    4 → 7
    5 → 0
    6 → 1
    7 → 5
    8 → 3

   Switch to Tournament 123 using subset [3, 5, 6, 7]:
[0 0 1 1 1 1 1 1 1]
[1 0 0 1 0 0 0 1 0]
[0 1 0 1 0 0 0 0 0]
[0 0 0 0 1 0 0 0 1]
[0 1 1 0 0 1 1 0 1]
[0 1 1 1 0 0 0 0 1]
[0 1 1 1 0 1 0 0 1]
[0 0 1 1 1 1 1 0 1]
[0 1 1 0 0 0 0 0 0]
  Isomorphism mapping:
    0 → 8
    1 → 1
    2 → 2
    3 → 0
    4 → 6
    5 → 4
    6 → 5
    7 → 7
    8 → 3

   Switch to Tournament 124 using subset [0]:
[0 1 0 1 0 1 1 1 0]
[0 0 0 0 0 1 1 0 0]
[1 1 0 0 0 1 1 1 0]
[0 1 1 0 0 0 0 0 0]
[1 1 1 1 0 0 0 1 1]
[0 0 0 1 1 0 0 0 0]
[0 0 0 1 1 1 0 0 0]
[0 1 0 1 0 1 1 0 0]
[1 1 1 1 0 1 1 1 0]
  Isomorphism mapping:
    0 → 5
    1 → 3
    2 → 6
    3 → 0
    4 → 7
    5 → 1
    6 → 2
    7 → 4
    8 → 8

   Switch to Tournament 125 using subset [3, 4, 5, 8]:
[0 0 1 1 0 1 0 0 0]
[1 0 0 1 1 0 1 0 1]
[0 1 0 1 1 0 1 1 1]
[0 0 0 0 0 0 1 1 0]
[1 0 0 1 0 0 1 0 1]
[0 1 1 1 1 0 1 1 0]
[1 0 0 0 0 0 0 0 1]
[1 1 0 0 1 0 1 0 1]
[1 0 0 1 0 1 0 0 0]
  Isomorphism mapping:
    0 → 1
    1 → 5
    2 → 8
    3 → 0
    4 → 4
    5 → 7
    6 → 3
    7 → 6
    8 → 2

   Switch to Tournament 126 using subset [1, 3, 7, 8]:
[0 1 1 1 1 0 0 1 0]
[0 0 1 0 1 0 0 0 0]
[0 0 0 1 0 1 1 0 1]
[0 1 0 0 1 1 1 0 0]
[0 0 1 0 0 0 0 0 0]
[1 1 0 0 1 0 0 1 1]
[1 1 0 0 1 1 0 1 1]
[0 1 1 1 1 0 0 0 0]
[1 1 0 1 1 0 0 1 0]
  Isomorphism mapping:
    0 → 5
    1 → 2
    2 → 0
    3 → 3
    4 → 1
    5 → 7
    6 → 8
    7 → 4
    8 → 6

   Switch to Tournament 127 using subset [0, 2, 5]:
[0 1 1 1 0 0 1 1 0]
[0 0 1 0 0 0 1 0 0]
[0 0 0 1 1 1 0 0 1]
[0 1 0 0 0 1 0 0 0]
[1 1 0 1 0 1 0 1 1]
[1 1 0 0 0 0 1 1 1]
[0 0 1 1 1 0 0 0 0]
[0 1 1 1 0 0 1 0 0]
[1 1 0 1 0 0 1 1 0]
  Isomorphism mapping:
    0 → 5
    1 → 3
    2 → 1
    3 → 0
    4 → 8
    5 → 7
    6 → 2
    7 → 4
    8 → 6

   Switch to Tournament 128 using subset [0, 3, 4, 8]:
[0 1 0 0 1 1 1 1 1]
[0 0 0 1 1 1 1 0 1]
[1 1 0 1 1 1 1 1 1]
[1 0 0 0 0 1 1 1 0]
[0 0 0 1 0 1 1 0 1]
[0 0 0 0 0 0 0 0 1]
[0 0 0 0 0 1 0 0 1]
[0 1 0 0 1 1 1 0 1]
[0 0 0 1 0 0 0 0 0]
  Isomorphism mapping:
    0 → 7
    1 → 5
    2 → 8
    3 → 3
    4 → 4
    5 → 1
    6 → 2
    7 → 6
    8 → 0

   Switch to Tournament 129 using subset [0, 4, 5]:
[0 1 0 1 1 0 1 1 0]
[0 0 0 0 1 0 1 0 0]
[1 1 0 0 1 0 1 1 0]
[0 1 1 0 1 1 0 0 0]
[0 0 0 0 0 0 1 0 0]
[1 1 1 0 1 0 1 1 1]
[0 0 0 1 0 0 0 0 0]
[0 1 0 1 1 0 1 0 0]
[1 1 1 1 1 0 1 1 0]
  Isomorphism mapping:
    0 → 5
    1 → 2
    2 → 6
    3 → 3
    4 → 1
    5 → 7
    6 → 0
    7 → 4
    8 → 8

   Switch to Tournament 130 using subset [0, 4, 6]:
[0 1 0 1 1 1 0 1 0]
[0 0 0 0 1 1 0 0 0]
[1 1 0 0 1 1 0 1 0]
[0 1 1 0 1 0 1 0 0]
[0 0 0 0 0 1 0 0 0]
[0 0 0 1 0 0 1 0 0]
[1 1 1 0 1 0 0 1 1]
[0 1 0 1 1 1 0 0 0]
[1 1 1 1 1 1 0 1 0]
  Isomorphism mapping:
    0 → 5
    1 → 2
    2 → 6
    3 → 3
    4 → 1
    5 → 0
    6 → 7
    7 → 4
    8 → 8

   Switch to Tournament 131 using subset [3, 4]:
[0 0 1 1 0 0 0 0 1]
[1 0 0 1 1 1 1 0 0]
[0 1 0 1 1 1 1 1 0]
[0 0 0 0 0 1 1 1 1]
[1 0 0 1 0 1 1 0 0]
[1 0 0 0 0 0 0 0 0]
[1 0 0 0 0 1 0 0 0]
[1 1 0 0 1 1 1 0 0]
[0 1 1 0 1 1 1 1 0]
  Isomorphism mapping:
    0 → 0
    1 → 5
    2 → 8
    3 → 3
    4 → 4
    5 → 1
    6 → 2
    7 → 6
    8 → 7

   Switch to Tournament 132 using subset [0, 1, 5, 6]:
[0 0 0 1 0 0 0 1 0]
[1 0 1 1 1 1 1 1 1]
[1 0 0 0 0 0 0 1 0]
[0 0 1 0 0 1 1 0 0]
[1 0 1 1 0 1 1 1 1]
[1 0 1 0 0 0 0 1 1]
[1 0 1 0 0 1 0 1 1]
[0 0 0 1 0 0 0 0 0]
[1 0 1 1 0 0 0 1 0]
  Isomorphism mapping:
    0 → 2
    1 → 8
    2 → 3
    3 → 0
    4 → 7
    5 → 5
    6 → 6
    7 → 1
    8 → 4

   Switch to Tournament 133 using subset [2, 4, 7]:
[0 0 0 0 0 0 0 1 1]
[1 0 1 0 1 1 1 1 0]
[1 0 0 1 0 0 0 1 1]
[1 1 0 0 1 0 0 1 0]
[1 0 1 0 0 1 1 1 0]
[1 0 1 1 0 0 0 1 0]
[1 0 1 1 0 1 0 1 0]
[0 0 0 0 0 0 0 0 1]
[0 1 0 1 1 1 1 0 0]
  Isomorphism mapping:
    0 → 2
    1 → 8
    2 → 4
    3 → 3
    4 → 7
    5 → 5
    6 → 6
    7 → 1
    8 → 0

   Switch to Tournament 134 using subset [4, 7, 8]:
[0 0 1 0 0 0 0 1 0]
[1 0 0 0 1 1 1 1 1]
[0 1 0 0 1 1 1 0 1]
[1 1 1 0 1 0 0 1 1]
[1 0 0 0 0 1 1 1 1]
[1 0 0 1 0 0 0 1 1]
[1 0 0 1 0 1 0 1 1]
[0 0 1 0 0 0 0 0 0]
[1 0 0 0 0 0 0 1 0]
  Isomorphism mapping:
    0 → 2
    1 → 8
    2 → 0
    3 → 4
    4 → 7
    5 → 5
    6 → 6
    7 → 1
    8 → 3

   Switch to Tournament 135 using subset [0, 1, 5, 7]:
[0 0 0 1 0 0 1 0 0]
[1 0 1 1 1 1 0 0 1]
[1 0 0 0 0 0 1 0 0]
[0 0 1 0 0 1 0 1 0]
[1 0 1 1 0 1 0 0 1]
[1 0 1 0 0 0 1 0 1]
[0 1 0 1 1 0 0 1 0]
[1 1 1 0 1 1 0 0 1]
[1 0 1 1 0 0 1 0 0]
  Isomorphism mapping:
    0 → 2
    1 → 8
    2 → 3
    3 → 0
    4 → 6
    5 → 5
    6 → 1
    7 → 7
    8 → 4

   Switch to Tournament 136 using subset [1, 2, 8]:
[0 1 0 0 1 0 0 0 0]
[0 0 0 1 1 0 0 1 0]
[1 1 0 1 1 0 0 0 0]
[1 0 0 0 0 0 0 0 1]
[0 0 0 1 0 0 0 1 0]
[1 1 1 1 1 0 0 0 1]
[1 1 1 1 1 1 0 0 1]
[1 0 1 1 0 1 1 0 1]
[1 1 1 0 1 0 0 0 0]
  Isomorphism mapping:
    0 → 3
    1 → 2
    2 → 4
    3 → 0
    4 → 1
    5 → 7
    6 → 8
    7 → 6
    8 → 5

   Switch to Tournament 137 using subset [1, 2, 4]:
[0 1 0 0 0 0 0 0 1]
[0 0 0 1 0 0 0 1 1]
[1 1 0 1 0 0 0 0 1]
[1 0 0 0 1 0 0 0 0]
[1 1 1 0 0 1 1 0 0]
[1 1 1 1 0 0 0 0 0]
[1 1 1 1 0 1 0 0 0]
[1 0 1 1 1 1 1 0 0]
[0 0 0 1 1 1 1 1 0]
  Isomorphism mapping:
    0 → 3
    1 → 2
    2 → 4
    3 → 0
    4 → 7
    5 → 5
    6 → 6
    7 → 8
    8 → 1

   Switch to Tournament 138 using subset [0, 3, 5, 6]:
[0 1 0 0 0 0 0 1 0]
[0 0 0 1 0 0 0 0 0]
[1 1 0 1 0 0 0 1 0]
[1 0 0 0 1 0 0 1 1]
[1 1 1 0 0 1 1 1 1]
[1 1 1 1 0 0 0 1 1]
[1 1 1 1 0 1 0 1 1]
[0 1 0 0 0 0 0 0 0]
[1 1 1 0 0 0 0 1 0]
  Isomorphism mapping:
    0 → 2
    1 → 0
    2 → 4
    3 → 3
    4 → 7
    5 → 6
    6 → 8
    7 → 1
    8 → 5

   Switch to Tournament 139 using subset [4, 5, 6]:
[0 0 1 0 0 1 1 0 1]
[1 0 0 0 1 0 0 0 0]
[0 1 0 0 1 0 0 1 0]
[1 1 1 0 1 1 1 0 0]
[1 0 0 0 0 0 0 0 0]
[0 1 1 0 1 0 0 1 1]
[0 1 1 0 1 1 0 1 1]
[1 1 0 1 1 0 0 0 0]
[0 1 1 1 1 0 0 1 0]
  Isomorphism mapping:
    0 → 0
    1 → 2
    2 → 3
    3 → 4
    4 → 1
    5 → 7
    6 → 8
    7 → 5
    8 → 6

   Switch to Tournament 140 using subset [1, 4, 5, 7]:
[0 1 1 0 0 1 0 1 1]
[0 0 1 1 0 1 0 0 1]
[0 0 0 0 1 0 1 0 0]
[1 0 1 0 1 1 0 1 0]
[1 1 0 0 0 0 1 1 0]
[0 0 1 0 1 0 1 0 1]
[1 1 0 1 0 0 0 1 0]
[0 1 1 0 0 1 0 0 1]
[0 0 1 1 1 0 1 0 0]
  Isomorphism mapping:
    0 → 8
    1 → 6
    2 → 2
    3 → 3
    4 → 1
    5 → 5
    6 → 0
    7 → 7
    8 → 4

   Switch to Tournament 141 using subset [2, 3, 5, 6]:
[0 0 0 1 1 1 1 0 1]
[1 0 1 1 0 0 0 0 0]
[1 0 0 0 1 1 1 0 1]
[0 0 1 0 1 0 0 1 1]
[0 1 0 0 0 1 1 1 1]
[0 1 0 1 0 0 0 1 1]
[0 1 0 1 0 1 0 1 1]
[1 1 1 0 0 0 0 0 0]
[0 1 0 0 0 0 0 1 0]
  Isomorphism mapping:
    0 → 6
    1 → 0
    2 → 7
    3 → 3
    4 → 5
    5 → 4
    6 → 8
    7 → 1
    8 → 2

   Switch to Tournament 142 using subset [0, 4]:
[0 1 0 1 1 1 1 1 0]
[0 0 0 0 1 1 1 0 0]
[1 1 0 0 1 1 1 1 0]
[0 1 1 0 1 0 0 0 0]
[0 0 0 0 0 1 1 0 0]
[0 0 0 1 0 0 0 0 0]
[0 0 0 1 0 1 0 0 0]
[0 1 0 1 1 1 1 0 0]
[1 1 1 1 1 1 1 1 0]
  Isomorphism mapping:
    0 → 6
    1 → 4
    2 → 7
    3 → 0
    4 → 3
    5 → 1
    6 → 2
    7 → 5
    8 → 8

   Switch to Tournament 143 using subset [3, 4, 8]:
[0 0 1 1 0 0 0 0 0]
[1 0 0 1 1 1 1 0 1]
[0 1 0 1 1 1 1 1 1]
[0 0 0 0 0 1 1 1 0]
[1 0 0 1 0 1 1 0 1]
[1 0 0 0 0 0 0 0 1]
[1 0 0 0 0 1 0 0 1]
[1 1 0 0 1 1 1 0 1]
[1 0 0 1 0 0 0 0 0]
  Isomorphism mapping:
    0 → 1
    1 → 6
    2 → 8
    3 → 0
    4 → 5
    5 → 3
    6 → 4
    7 → 7
    8 → 2

   Switch to Tournament 144 using subset [1, 2, 7, 8]:
[0 1 0 0 1 0 0 1 0]
[0 0 0 1 1 0 0 0 0]
[1 1 0 1 1 0 0 1 0]
[1 0 0 0 0 0 0 1 1]
[0 0 0 1 0 0 0 0 0]
[1 1 1 1 1 0 0 1 1]
[1 1 1 1 1 1 0 1 1]
[0 1 0 0 1 0 0 0 0]
[1 1 1 0 1 0 0 1 0]
  Isomorphism mapping:
    0 → 4
    1 → 2
    2 → 5
    3 → 0
    4 → 1
    5 → 7
    6 → 8
    7 → 3
    8 → 6

   Switch to Tournament 145 using subset [1, 2, 4, 7]:
[0 1 0 0 0 0 0 1 1]
[0 0 0 1 0 0 0 0 1]
[1 1 0 1 0 0 0 1 1]
[1 0 0 0 1 0 0 1 0]
[1 1 1 0 0 1 1 1 0]
[1 1 1 1 0 0 0 1 0]
[1 1 1 1 0 1 0 1 0]
[0 1 0 0 0 0 0 0 1]
[0 0 0 1 1 1 1 0 0]
  Isomorphism mapping:
    0 → 4
    1 → 2
    2 → 5
    3 → 0
    4 → 7
    5 → 6
    6 → 8
    7 → 3
    8 → 1

   Switch to Tournament 146 using subset [0, 2, 4, 5]:
[0 1 1 1 1 0 1 1 0]
[0 0 1 0 1 0 1 0 0]
[0 0 0 1 0 1 0 0 1]
[0 1 0 0 1 1 0 0 0]
[0 0 1 0 0 0 1 0 0]
[1 1 0 0 1 0 1 1 1]
[0 0 1 1 0 0 0 0 0]
[0 1 1 1 1 0 1 0 0]
[1 1 0 1 1 0 1 1 0]
  Isomorphism mapping:
    0 → 8
    1 → 4
    2 → 1
    3 → 0
    4 → 3
    5 → 7
    6 → 2
    7 → 5
    8 → 6

   Switch to Tournament 147 using subset [4, 5, 6, 7]:
[0 0 1 0 0 1 1 1 1]
[1 0 0 0 1 0 0 1 0]
[0 1 0 0 1 0 0 0 0]
[1 1 1 0 1 1 1 1 0]
[1 0 0 0 0 0 0 1 0]
[0 1 1 0 1 0 0 0 1]
[0 1 1 0 1 1 0 0 1]
[0 0 1 0 0 1 1 0 1]
[0 1 1 1 1 0 0 0 0]
  Isomorphism mapping:
    0 → 7
    1 → 2
    2 → 3
    3 → 8
    4 → 1
    5 → 5
    6 → 6
    7 → 0
    8 → 4

   Switch to Tournament 148 using subset [0, 1, 3]:
[0 0 0 0 0 1 1 1 0]
[1 0 1 0 1 0 0 1 1]
[1 0 0 1 0 1 1 1 0]
[1 1 0 0 1 1 1 1 1]
[1 0 1 0 0 0 0 1 1]
[0 1 0 0 1 0 0 0 0]
[0 1 0 0 1 1 0 0 0]
[0 0 0 0 0 1 1 0 0]
[1 0 1 0 0 1 1 1 0]
  Isomorphism mapping:
    0 → 4
    1 → 7
    2 → 5
    3 → 8
    4 → 0
    5 → 1
    6 → 2
    7 → 3
    8 → 6

   Switch to Tournament 149 using subset [5, 6]:
[0 0 1 0 1 1 1 0 1]
[1 0 0 0 0 0 0 0 0]
[0 1 0 0 0 0 0 1 0]
[1 1 1 0 0 1 1 0 0]
[0 1 1 1 0 1 1 1 1]
[0 1 1 0 0 0 0 1 1]
[0 1 1 0 0 1 0 1 1]
[1 1 0 1 0 0 0 0 0]
[0 1 1 1 0 0 0 1 0]
  Isomorphism mapping:
    0 → 0
    1 → 1
    2 → 3
    3 → 7
    4 → 8
    5 → 5
    6 → 6
    7 → 2
    8 → 4

   Switch to Tournament 150 using subset [1, 4, 5, 6]:
[0 1 1 0 0 1 1 0 1]
[0 0 1 1 0 1 1 1 1]
[0 0 0 0 1 0 0 1 0]
[1 0 1 0 1 1 1 0 0]
[1 1 0 0 0 0 0 0 0]
[0 0 1 0 1 0 0 1 1]
[0 0 1 0 1 1 0 1 1]
[1 0 0 1 1 0 0 0 0]
[0 0 1 1 1 0 0 1 0]
  Isomorphism mapping:
    0 → 0
    1 → 8
    2 → 3
    3 → 7
    4 → 1
    5 → 5
    6 → 6
    7 → 2
    8 → 4

   Switch to Tournament 151 using subset [4, 7]:
[0 0 1 0 0 0 0 1 1]
[1 0 0 0 1 1 1 1 0]
[0 1 0 0 1 1 1 0 0]
[1 1 1 0 1 0 0 1 0]
[1 0 0 0 0 1 1 1 0]
[1 0 0 1 0 0 0 1 0]
[1 0 0 1 0 1 0 1 0]
[0 0 1 0 0 0 0 0 1]
[0 1 1 1 1 1 1 0 0]
  Isomorphism mapping:
    0 → 2
    1 → 6
    2 → 0
    3 → 7
    4 → 5
    5 → 3
    6 → 4
    7 → 1
    8 → 8

   Switch to Tournament 152 using subset [1, 2]:
[0 1 0 0 1 0 0 0 1]
[0 0 0 1 1 0 0 1 1]
[1 1 0 1 1 0 0 0 1]
[1 0 0 0 0 0 0 0 0]
[0 0 0 1 0 0 0 1 1]
[1 1 1 1 1 0 0 0 0]
[1 1 1 1 1 1 0 0 0]
[1 0 1 1 0 1 1 0 0]
[0 0 0 1 0 1 1 1 0]
  Isomorphism mapping:
    0 → 0
    1 → 5
    2 → 6
    3 → 1
    4 → 4
    5 → 7
    6 → 8
    7 → 2
    8 → 3

   Switch to Tournament 153 using subset [0, 2]:
[0 1 1 1 0 1 1 1 0]
[0 0 1 0 0 1 1 0 0]
[0 0 0 1 1 0 0 0 1]
[0 1 0 0 0 0 0 0 0]
[1 1 0 1 0 0 0 1 1]
[0 0 1 1 1 0 0 0 0]
[0 0 1 1 1 1 0 0 0]
[0 1 1 1 0 1 1 0 0]
[1 1 0 1 0 1 1 1 0]
  Isomorphism mapping:
    0 → 8
    1 → 0
    2 → 3
    3 → 1
    4 → 2
    5 → 4
    6 → 5
    7 → 6
    8 → 7

   Switch to Tournament 154 using subset [0, 3]:
[0 1 0 0 0 1 1 1 0]
[0 0 0 1 0 1 1 0 0]
[1 1 0 1 0 1 1 1 0]
[1 0 0 0 1 1 1 1 1]
[1 1 1 0 0 0 0 1 1]
[0 0 0 0 1 0 0 0 0]
[0 0 0 0 1 1 0 0 0]
[0 1 0 0 0 1 1 0 0]
[1 1 1 0 0 1 1 1 0]
  Isomorphism mapping:
    0 → 5
    1 → 3
    2 → 7
    3 → 6
    4 → 0
    5 → 1
    6 → 2
    7 → 4
    8 → 8

   Switch to Tournament 155 using subset [4, 5, 7]:
[0 0 1 0 0 1 0 1 1]
[1 0 0 0 1 0 1 1 0]
[0 1 0 0 1 0 1 0 0]
[1 1 1 0 1 1 0 1 0]
[1 0 0 0 0 0 1 1 0]
[0 1 1 0 1 0 1 0 1]
[1 0 0 1 0 0 0 1 0]
[0 0 1 0 0 1 0 0 1]
[0 1 1 1 1 0 1 0 0]
  Isomorphism mapping:
    0 → 2
    1 → 5
    2 → 0
    3 → 8
    4 → 4
    5 → 7
    6 → 3
    7 → 1
    8 → 6

   Switch to Tournament 156 using subset [0, 1, 3, 8]:
[0 0 0 0 0 1 1 1 1]
[1 0 1 0 1 0 0 1 0]
[1 0 0 1 0 1 1 1 1]
[1 1 0 0 1 1 1 1 0]
[1 0 1 0 0 0 0 1 0]
[0 1 0 0 1 0 0 0 1]
[0 1 0 0 1 1 0 0 1]
[0 0 0 0 0 1 1 0 1]
[0 1 0 1 1 0 0 0 0]
  Isomorphism mapping:
    0 → 6
    1 → 2
    2 → 7
    3 → 8
    4 → 1
    5 → 4
    6 → 5
    7 → 0
    8 → 3

   Switch to Tournament 157 using subset [0, 1, 3, 7]:
[0 0 0 0 0 1 1 0 0]
[1 0 1 0 1 0 0 0 1]
[1 0 0 1 0 1 1 0 0]
[1 1 0 0 1 1 1 0 1]
[1 0 1 0 0 0 0 0 1]
[0 1 0 0 1 0 0 1 0]
[0 1 0 0 1 1 0 1 0]
[1 1 1 1 1 0 0 0 1]
[1 0 1 0 0 1 1 0 0]
  Isomorphism mapping:
    0 → 3
    1 → 6
    2 → 4
    3 → 8
    4 → 0
    5 → 1
    6 → 2
    7 → 7
    8 → 5

   Switch to Tournament 158 using subset [2, 4, 5, 7]:
[0 0 0 0 0 1 0 1 1]
[1 0 1 0 1 0 1 1 0]
[1 0 0 1 0 1 0 1 1]
[1 1 0 0 1 1 0 1 0]
[1 0 1 0 0 0 1 1 0]
[0 1 0 0 1 0 1 0 1]
[1 0 1 1 0 0 0 1 0]
[0 0 0 0 0 1 0 0 1]
[0 1 0 1 1 0 1 0 0]
  Isomorphism mapping:
    0 → 4
    1 → 7
    2 → 5
    3 → 8
    4 → 6
    5 → 2
    6 → 0
    7 → 3
    8 → 1

   Switch to Tournament 159 using subset [2, 5, 6, 8]:
[0 0 0 0 1 1 1 0 0]
[1 0 1 0 0 0 0 0 1]
[1 0 0 1 1 1 1 0 0]
[1 1 0 0 0 1 1 0 1]
[0 1 0 1 0 1 1 1 0]
[0 1 0 0 0 0 0 1 0]
[0 1 0 0 0 1 0 1 0]
[1 1 1 1 0 0 0 0 1]
[1 0 1 0 1 1 1 0 0]
  Isomorphism mapping:
    0 → 0
    1 → 1
    2 → 6
    3 → 8
    4 → 5
    5 → 3
    6 → 4
    7 → 2
    8 → 7

   Switch to Tournament 160 using subset [0, 3, 6, 8]:
[0 1 0 0 0 1 0 1 1]
[0 0 0 1 0 1 0 0 1]
[1 1 0 1 0 1 0 1 1]
[1 0 0 0 1 1 0 1 0]
[1 1 1 0 0 0 1 1 0]
[0 0 0 0 1 0 1 0 1]
[1 1 1 1 0 0 0 1 0]
[0 1 0 0 0 1 0 0 1]
[0 0 0 1 1 0 1 0 0]
  Isomorphism mapping:
    0 → 5
    1 → 3
    2 → 8
    3 → 7
    4 → 6
    5 → 2
    6 → 0
    7 → 4
    8 → 1

   Switch to Tournament 161 using subset [2, 3, 6, 8]:
[0 0 0 1 1 0 1 0 0]
[1 0 1 1 0 1 0 0 1]
[1 0 0 0 1 0 1 0 0]
[0 0 1 0 1 1 0 1 0]
[0 1 0 0 0 0 1 1 0]
[1 0 1 0 1 0 1 0 1]
[0 1 0 1 0 0 0 1 0]
[1 1 1 0 0 1 0 0 1]
[1 0 1 1 1 0 1 0 0]
  Isomorphism mapping:
    0 → 3
    1 → 0
    2 → 4
    3 → 7
    4 → 2
    5 → 5
    6 → 1
    7 → 6
    8 → 8

   Switch to Tournament 162 using subset [0, 1, 2, 3]:
[0 0 1 0 0 1 1 1 0]
[1 0 0 0 1 0 0 1 1]
[0 1 0 0 1 0 0 0 1]
[1 1 1 0 1 1 1 1 1]
[1 0 0 0 0 0 0 1 1]
[0 1 1 0 1 0 0 0 0]
[0 1 1 0 1 1 0 0 0]
[0 0 1 0 0 1 1 0 0]
[1 0 0 0 0 1 1 1 0]
  Isomorphism mapping:
    0 → 6
    1 → 2
    2 → 3
    3 → 8
    4 → 1
    5 → 4
    6 → 5
    7 → 0
    8 → 7

   Switch to Tournament 163 using subset [4, 6, 7]:
[0 0 1 0 0 0 1 1 1]
[1 0 0 0 1 1 0 1 0]
[0 1 0 0 1 1 0 0 0]
[1 1 1 0 1 0 1 1 0]
[1 0 0 0 0 1 0 1 0]
[1 0 0 1 0 0 1 1 0]
[0 1 1 0 1 0 0 0 1]
[0 0 1 0 0 0 1 0 1]
[0 1 1 1 1 1 0 0 0]
  Isomorphism mapping:
    0 → 2
    1 → 5
    2 → 0
    3 → 8
    4 → 4
    5 → 3
    6 → 7
    7 → 1
    8 → 6

   Switch to Tournament 164 using subset [1, 3]:
[0 1 1 1 1 0 0 0 1]
[0 0 1 0 1 0 0 1 1]
[0 0 0 1 0 1 1 1 0]
[0 1 0 0 1 1 1 1 1]
[0 0 1 0 0 0 0 1 1]
[1 1 0 0 1 0 0 0 0]
[1 1 0 0 1 1 0 0 0]
[1 0 0 0 0 1 1 0 0]
[0 0 1 0 0 1 1 1 0]
  Isomorphism mapping:
    0 → 7
    1 → 6
    2 → 4
    3 → 8
    4 → 0
    5 → 1
    6 → 2
    7 → 3
    8 → 5

   Switch to Tournament 165 using subset [2, 3, 6]:
[0 0 0 1 1 0 1 0 1]
[1 0 1 1 0 1 0 0 0]
[1 0 0 0 1 0 1 0 1]
[0 0 1 0 1 1 0 1 1]
[0 1 0 0 0 0 1 1 1]
[1 0 1 0 1 0 1 0 0]
[0 1 0 1 0 0 0 1 1]
[1 1 1 0 0 1 0 0 0]
[0 1 0 0 0 1 0 1 0]
  Isomorphism mapping:
    0 → 0
    1 → 1
    2 → 6
    3 → 8
    4 → 5
    5 → 7
    6 → 4
    7 → 2
    8 → 3

   Switch to Tournament 166 using subset [2, 3, 5]:
[0 0 0 1 1 1 0 0 1]
[1 0 1 1 0 0 1 0 0]
[1 0 0 0 1 1 0 0 1]
[0 0 1 0 1 0 1 1 1]
[0 1 0 0 0 1 0 1 1]
[0 1 0 1 0 0 1 1 1]
[1 0 1 0 1 0 0 0 0]
[1 1 1 0 0 0 1 0 0]
[0 1 0 0 0 0 1 1 0]
  Isomorphism mapping:
    0 → 1
    1 → 4
    2 → 2
    3 → 8
    4 → 7
    5 → 6
    6 → 3
    7 → 5
    8 → 0

   Switch to Tournament 167 using subset [0, 6, 7, 8]:
[0 1 0 1 0 1 0 0 1]
[0 0 0 0 0 1 0 1 1]
[1 1 0 0 0 1 0 0 1]
[0 1 1 0 0 0 1 1 1]
[1 1 1 1 0 0 1 0 0]
[0 0 0 1 1 0 1 1 1]
[1 1 1 0 0 0 0 0 0]
[1 0 1 0 1 0 1 0 0]
[0 0 0 0 1 0 1 1 0]
  Isomorphism mapping:
    0 → 4
    1 → 3
    2 → 5
    3 → 8
    4 → 6
    5 → 2
    6 → 0
    7 → 7
    8 → 1

   Switch to Tournament 168 using subset [6, 8]:
[0 0 1 0 1 0 1 0 0]
[1 0 0 0 0 1 0 0 1]
[0 1 0 0 0 1 0 1 1]
[1 1 1 0 0 0 1 0 1]
[0 1 1 1 0 0 1 1 0]
[1 0 0 1 1 0 1 0 1]
[0 1 1 0 0 0 0 1 0]
[1 1 0 1 0 1 0 0 1]
[1 0 0 0 1 0 1 0 0]
  Isomorphism mapping:
    0 → 3
    1 → 0
    2 → 7
    3 → 8
    4 → 2
    5 → 5
    6 → 1
    7 → 6
    8 → 4

   Switch to Tournament 169 using subset [1, 3, 6, 7]:
[0 1 1 1 1 0 1 1 1]
[0 0 1 0 1 0 1 0 1]
[0 0 0 1 0 1 0 0 0]
[0 1 0 0 1 1 0 0 1]
[0 0 1 0 0 0 1 0 1]
[1 1 0 0 1 0 1 1 0]
[0 0 1 1 0 0 0 0 1]
[0 1 1 1 1 0 1 0 1]
[0 0 1 0 0 1 0 0 0]
  Isomorphism mapping:
    0 → 8
    1 → 5
    2 → 1
    3 → 6
    4 → 4
    5 → 0
    6 → 3
    7 → 7
    8 → 2

   Switch to Tournament 170 using subset [0, 3, 5, 8]:
[0 1 0 0 0 0 1 1 1]
[0 0 0 1 0 0 1 0 1]
[1 1 0 1 0 0 1 1 1]
[1 0 0 0 1 0 1 1 0]
[1 1 1 0 0 1 0 1 0]
[1 1 1 1 0 0 1 1 0]
[0 0 0 0 1 0 0 0 1]
[0 1 0 0 0 0 1 0 1]
[0 0 0 1 1 1 0 0 0]
  Isomorphism mapping:
    0 → 5
    1 → 3
    2 → 8
    3 → 6
    4 → 0
    5 → 7
    6 → 2
    7 → 4
    8 → 1

   Switch to Tournament 171 using subset [0, 2, 7]:
[0 1 1 1 0 1 1 0 0]
[0 0 1 0 0 1 1 1 0]
[0 0 0 1 1 0 0 1 1]
[0 1 0 0 0 0 0 1 0]
[1 1 0 1 0 0 0 0 1]
[0 0 1 1 1 0 0 1 0]
[0 0 1 1 1 1 0 1 0]
[1 0 0 0 1 0 0 0 1]
[1 1 0 1 0 1 1 0 0]
  Isomorphism mapping:
    0 → 3
    1 → 1
    2 → 6
    3 → 2
    4 → 5
    5 → 7
    6 → 8
    7 → 0
    8 → 4

   Switch to Tournament 172 using subset [3, 5, 7, 8]:
[0 0 1 1 1 1 0 1 0]
[1 0 0 1 0 0 1 1 1]
[0 1 0 1 0 0 1 0 1]
[0 0 0 0 1 0 1 0 0]
[0 1 1 0 0 1 0 0 0]
[0 1 1 1 0 0 1 0 0]
[1 0 0 0 1 0 0 1 1]
[0 0 1 1 1 1 0 0 0]
[1 0 0 1 1 1 0 1 0]
  Isomorphism mapping:
    0 → 8
    1 → 3
    2 → 4
    3 → 2
    4 → 0
    5 → 5
    6 → 1
    7 → 6
    8 → 7

   Switch to Tournament 173 using subset [0, 3, 7, 8]:
[0 1 0 0 0 1 1 0 1]
[0 0 0 1 0 1 1 1 1]
[1 1 0 1 0 1 1 0 1]
[1 0 0 0 1 1 1 0 0]
[1 1 1 0 0 0 0 0 0]
[0 0 0 0 1 0 0 1 1]
[0 0 0 0 1 1 0 1 1]
[1 0 1 1 1 0 0 0 0]
[0 0 0 1 1 0 0 1 0]
  Isomorphism mapping:
    0 → 0
    1 → 7
    2 → 8
    3 → 6
    4 → 1
    5 → 4
    6 → 5
    7 → 2
    8 → 3

   Switch to Tournament 174 using subset [2, 5, 6]:
[0 0 0 0 1 1 1 0 1]
[1 0 1 0 0 0 0 0 0]
[1 0 0 1 1 1 1 0 1]
[1 1 0 0 0 1 1 0 0]
[0 1 0 1 0 1 1 1 1]
[0 1 0 0 0 0 0 1 1]
[0 1 0 0 0 1 0 1 1]
[1 1 1 1 0 0 0 0 0]
[0 1 0 1 0 0 0 1 0]
  Isomorphism mapping:
    0 → 0
    1 → 1
    2 → 7
    3 → 6
    4 → 8
    5 → 4
    6 → 5
    7 → 2
    8 → 3

   Switch to Tournament 175 using subset [2, 3, 4]:
[0 0 0 1 0 0 0 0 1]
[1 0 1 1 1 1 1 0 0]
[1 0 0 0 0 0 0 0 1]
[0 0 1 0 0 1 1 1 1]
[1 0 1 1 0 1 1 0 0]
[1 0 1 0 0 0 0 0 0]
[1 0 1 0 0 1 0 0 0]
[1 1 1 0 1 1 1 0 0]
[0 1 0 0 1 1 1 1 0]
  Isomorphism mapping:
    0 → 1
    1 → 8
    2 → 2
    3 → 5
    4 → 6
    5 → 3
    6 → 4
    7 → 7
    8 → 0

   Switch to Tournament 176 using subset [0, 2, 6]:
[0 1 1 1 0 1 0 1 0]
[0 0 1 0 0 1 0 0 0]
[0 0 0 1 1 0 1 0 1]
[0 1 0 0 0 0 1 0 0]
[1 1 0 1 0 0 1 1 1]
[0 0 1 1 1 0 1 0 0]
[1 1 0 0 0 0 0 1 1]
[0 1 1 1 0 1 0 0 0]
[1 1 0 1 0 1 0 1 0]
  Isomorphism mapping:
    0 → 6
    1 → 0
    2 → 3
    3 → 2
    4 → 8
    5 → 4
    6 → 1
    7 → 5
    8 → 7

   Switch to Tournament 177 using subset [1, 5]:
[0 1 1 0 1 1 0 0 1]
[0 0 1 1 1 1 0 1 1]
[0 0 0 0 0 0 1 1 0]
[1 0 1 0 0 1 0 0 0]
[0 0 1 1 0 1 0 1 1]
[0 0 1 0 0 0 1 1 1]
[1 1 0 1 1 0 0 0 0]
[1 0 0 1 0 0 1 0 0]
[0 0 1 1 0 0 1 1 0]
  Isomorphism mapping:
    0 → 1
    1 → 8
    2 → 0
    3 → 2
    4 → 7
    5 → 6
    6 → 3
    7 → 4
    8 → 5

   Switch to Tournament 178 using subset [2]:
[0 0 0 0 1 0 0 0 1]
[1 0 1 0 0 1 1 0 0]
[1 0 0 1 1 0 0 0 1]
[1 1 0 0 0 0 0 0 0]
[0 1 0 1 0 0 0 1 1]
[1 0 1 1 1 0 0 0 0]
[1 0 1 1 1 1 0 0 0]
[1 1 1 1 0 1 1 0 0]
[0 1 0 1 0 1 1 1 0]
  Isomorphism mapping:
    0 → 0
    1 → 1
    2 → 5
    3 → 2
    4 → 4
    5 → 6
    6 → 7
    7 → 8
    8 → 3

   Switch to Tournament 179 using subset [2, 6, 7, 8]:
[0 0 0 0 1 0 1 1 0]
[1 0 1 0 0 1 0 1 1]
[1 0 0 1 1 0 1 1 0]
[1 1 0 0 0 0 1 1 1]
[0 1 0 1 0 0 1 0 0]
[1 0 1 1 1 0 1 1 1]
[0 1 0 0 0 0 0 0 0]
[0 0 0 0 1 0 1 0 0]
[1 0 1 0 1 0 1 1 0]
  Isomorphism mapping:
    0 → 4
    1 → 0
    2 → 6
    3 → 5
    4 → 2
    5 → 8
    6 → 1
    7 → 3
    8 → 7

   Switch to Tournament 180 using subset [2, 5, 7, 8]:
[0 0 0 0 1 1 0 1 0]
[1 0 1 0 0 0 1 1 1]
[1 0 0 1 1 1 0 1 0]
[1 1 0 0 0 1 0 1 1]
[0 1 0 1 0 1 0 0 0]
[0 1 0 0 0 0 1 0 0]
[1 0 1 1 1 0 0 1 1]
[0 0 0 0 1 1 0 0 0]
[1 0 1 0 1 1 0 1 0]
  Isomorphism mapping:
    0 → 4
    1 → 0
    2 → 6
    3 → 5
    4 → 2
    5 → 1
    6 → 8
    7 → 3
    8 → 7

   Switch to Tournament 181 using subset [0, 4, 6, 8]:
[0 1 0 1 1 1 0 1 1]
[0 0 0 0 1 1 0 0 1]
[1 1 0 0 1 1 0 1 1]
[0 1 1 0 1 0 1 0 1]
[0 0 0 0 0 1 0 0 1]
[0 0 0 1 0 0 1 0 1]
[1 1 1 0 1 0 0 1 0]
[0 1 0 1 1 1 0 0 1]
[0 0 0 0 0 0 1 0 0]
  Isomorphism mapping:
    0 → 8
    1 → 4
    2 → 7
    3 → 5
    4 → 3
    5 → 2
    6 → 0
    7 → 6
    8 → 1

   Switch to Tournament 182 using subset [0, 3, 7]:
[0 1 0 0 0 1 1 0 0]
[0 0 0 1 0 1 1 1 0]
[1 1 0 1 0 1 1 0 0]
[1 0 0 0 1 1 1 0 1]
[1 1 1 0 0 0 0 0 1]
[0 0 0 0 1 0 0 1 0]
[0 0 0 0 1 1 0 1 0]
[1 0 1 1 1 0 0 0 1]
[1 1 1 0 0 1 1 0 0]
  Isomorphism mapping:
    0 → 0
    1 → 6
    2 → 7
    3 → 5
    4 → 1
    5 → 3
    6 → 4
    7 → 2
    8 → 8

   Switch to Tournament 183 using subset [1, 4, 6]:
[0 1 1 0 0 0 1 0 1]
[0 0 1 1 0 0 1 1 1]
[0 0 0 0 1 1 0 1 0]
[1 0 1 0 1 0 1 0 0]
[1 1 0 0 0 1 0 0 0]
[1 1 0 1 0 0 1 0 0]
[0 0 1 0 1 0 0 1 1]
[1 0 0 1 1 1 0 0 0]
[0 0 1 1 1 1 0 1 0]
  Isomorphism mapping:
    0 → 0
    1 → 6
    2 → 3
    3 → 5
    4 → 1
    5 → 7
    6 → 4
    7 → 2
    8 → 8

   Switch to Tournament 184 using subset [1, 2, 3, 8]:
[0 1 0 1 1 0 0 0 0]
[0 0 0 0 1 0 0 1 0]
[1 1 0 0 1 0 0 0 0]
[0 1 1 0 1 1 1 1 0]
[0 0 0 0 0 0 0 1 0]
[1 1 1 0 1 0 0 0 1]
[1 1 1 0 1 1 0 0 1]
[1 0 1 0 0 1 1 0 1]
[1 1 1 1 1 0 0 0 0]
  Isomorphism mapping:
    0 → 3
    1 → 2
    2 → 4
    3 → 5
    4 → 1
    5 → 7
    6 → 8
    7 → 0
    8 → 6

   Switch to Tournament 185 using subset [0, 3, 4, 7]:
[0 1 0 0 1 1 1 0 0]
[0 0 0 1 1 1 1 1 0]
[1 1 0 1 1 1 1 0 0]
[1 0 0 0 0 1 1 0 1]
[0 0 0 1 0 1 1 1 0]
[0 0 0 0 0 0 0 1 0]
[0 0 0 0 0 1 0 1 0]
[1 0 1 1 0 0 0 0 1]
[1 1 1 0 1 1 1 0 0]
  Isomorphism mapping:
    0 → 3
    1 → 6
    2 → 8
    3 → 4
    4 → 5
    5 → 1
    6 → 2
    7 → 0
    8 → 7

   Switch to Tournament 186 using subset [1, 3, 4, 7]:
[0 1 1 1 0 0 0 1 1]
[0 0 1 0 0 0 0 0 1]
[0 0 0 1 1 1 1 0 0]
[0 1 0 0 0 1 1 0 1]
[1 1 0 1 0 1 1 1 0]
[1 1 0 0 0 0 0 1 0]
[1 1 0 0 0 1 0 1 0]
[0 1 1 1 0 0 0 0 1]
[0 0 1 0 1 1 1 0 0]
  Isomorphism mapping:
    0 → 7
    1 → 0
    2 → 3
    3 → 5
    4 → 8
    5 → 1
    6 → 2
    7 → 6
    8 → 4

   Switch to Tournament 187 using subset [2, 4, 5, 6]:
[0 0 0 0 0 1 1 0 1]
[1 0 1 0 1 0 0 0 0]
[1 0 0 1 0 1 1 0 1]
[1 1 0 0 1 1 1 0 0]
[1 0 1 0 0 0 0 0 0]
[0 1 0 0 1 0 0 1 1]
[0 1 0 0 1 1 0 1 1]
[1 1 1 1 1 0 0 0 0]
[0 1 0 1 1 0 0 1 0]
  Isomorphism mapping:
    0 → 0
    1 → 2
    2 → 6
    3 → 5
    4 → 1
    5 → 4
    6 → 8
    7 → 7
    8 → 3

   Switch to Tournament 188 using subset [2, 7]:
[0 0 0 0 1 0 0 1 1]
[1 0 1 0 0 1 1 1 0]
[1 0 0 1 1 0 0 1 1]
[1 1 0 0 0 0 0 1 0]
[0 1 0 1 0 0 0 0 1]
[1 0 1 1 1 0 0 1 0]
[1 0 1 1 1 1 0 1 0]
[0 0 0 0 1 0 0 0 1]
[0 1 0 1 0 1 1 0 0]
  Isomorphism mapping:
    0 → 4
    1 → 0
    2 → 6
    3 → 5
    4 → 2
    5 → 7
    6 → 8
    7 → 3
    8 → 1

   Switch to Tournament 189 using subset [0, 2, 4, 6]:
[0 1 1 1 1 1 0 1 0]
[0 0 1 0 1 1 0 0 0]
[0 0 0 1 0 0 1 0 1]
[0 1 0 0 1 0 1 0 0]
[0 0 1 0 0 1 0 0 0]
[0 0 1 1 0 0 1 0 0]
[1 1 0 0 1 0 0 1 1]
[0 1 1 1 1 1 0 0 0]
[1 1 0 1 1 1 0 1 0]
  Isomorphism mapping:
    0 → 8
    1 → 4
    2 → 1
    3 → 5
    4 → 3
    5 → 2
    6 → 0
    7 → 6
    8 → 7

   Switch to Tournament 190 using subset [1, 3, 7]:
[0 1 1 1 1 0 0 1 1]
[0 0 1 0 1 0 0 0 1]
[0 0 0 1 0 1 1 0 0]
[0 1 0 0 1 1 1 0 1]
[0 0 1 0 0 0 0 0 1]
[1 1 0 0 1 0 0 1 0]
[1 1 0 0 1 1 0 1 0]
[0 1 1 1 1 0 0 0 1]
[0 0 1 0 0 1 1 0 0]
  Isomorphism mapping:
    0 → 8
    1 → 2
    2 → 0
    3 → 6
    4 → 1
    5 → 3
    6 → 4
    7 → 7
    8 → 5

   Switch to Tournament 191 using subset [0, 5, 7]:
[0 1 0 1 0 0 1 0 0]
[0 0 0 0 0 0 1 1 0]
[1 1 0 0 0 0 1 0 0]
[0 1 1 0 0 1 0 1 0]
[1 1 1 1 0 1 0 0 1]
[1 1 1 0 0 0 1 0 1]
[0 0 0 1 1 0 0 1 0]
[1 0 1 0 1 1 0 0 1]
[1 1 1 1 0 0 1 0 0]
  Isomorphism mapping:
    0 → 3
    1 → 2
    2 → 4
    3 → 5
    4 → 8
    5 → 7
    6 → 1
    7 → 0
    8 → 6

   Switch to Tournament 192 using subset [2, 5]:
[0 0 0 0 1 1 0 0 1]
[1 0 1 0 0 0 1 0 0]
[1 0 0 1 1 1 0 0 1]
[1 1 0 0 0 1 0 0 0]
[0 1 0 1 0 1 0 1 1]
[0 1 0 0 0 0 1 1 1]
[1 0 1 1 1 0 0 0 0]
[1 1 1 1 0 0 1 0 0]
[0 1 0 1 0 0 1 1 0]
  Isomorphism mapping:
    0 → 0
    1 → 2
    2 → 6
    3 → 5
    4 → 8
    5 → 4
    6 → 1
    7 → 7
    8 → 3

   Switch to Tournament 193 using subset [1, 4, 8]:
[0 1 1 0 0 0 0 0 0]
[0 0 1 1 0 0 0 1 0]
[0 0 0 0 1 1 1 1 1]
[1 0 1 0 1 0 0 0 1]
[1 1 0 0 0 1 1 0 1]
[1 1 0 1 0 0 0 0 1]
[1 1 0 1 0 1 0 0 1]
[1 0 0 1 1 1 1 0 1]
[1 1 0 0 0 0 0 0 0]
  Isomorphism mapping:
    0 → 2
    1 → 1
    2 → 0
    3 → 4
    4 → 7
    5 → 5
    6 → 6
    7 → 8
    8 → 3

   Switch to Tournament 194 using subset [2, 3, 4, 5]:
[0 0 0 1 0 1 0 0 1]
[1 0 1 1 1 0 1 0 0]
[1 0 0 0 0 1 0 0 1]
[0 0 1 0 0 0 1 1 1]
[1 0 1 1 0 0 1 0 0]
[0 1 0 1 1 0 1 1 1]
[1 0 1 0 0 0 0 0 0]
[1 1 1 0 1 0 1 0 0]
[0 1 0 0 1 0 1 1 0]
  Isomorphism mapping:
    0 → 1
    1 → 6
    2 → 2
    3 → 4
    4 → 5
    5 → 8
    6 → 3
    7 → 7
    8 → 0

   Switch to Tournament 195 using subset [2, 6]:
[0 0 0 0 1 0 1 0 1]
[1 0 1 0 0 1 0 0 0]
[1 0 0 1 1 0 1 0 1]
[1 1 0 0 0 0 1 0 0]
[0 1 0 1 0 0 1 1 1]
[1 0 1 1 1 0 1 0 0]
[0 1 0 0 0 0 0 1 1]
[1 1 1 1 0 1 0 0 0]
[0 1 0 1 0 1 0 1 0]
  Isomorphism mapping:
    0 → 3
    1 → 0
    2 → 5
    3 → 4
    4 → 8
    5 → 6
    6 → 2
    7 → 7
    8 → 1

   Switch to Tournament 196 using subset [2, 3, 4, 6]:
[0 0 0 1 0 0 1 0 1]
[1 0 1 1 1 1 0 0 0]
[1 0 0 0 0 0 1 0 1]
[0 0 1 0 0 1 0 1 1]
[1 0 1 1 0 1 0 0 0]
[1 0 1 0 0 0 1 0 0]
[0 1 0 1 1 0 0 1 1]
[1 1 1 0 1 1 0 0 0]
[0 1 0 0 1 1 0 1 0]
  Isomorphism mapping:
    0 → 1
    1 → 8
    2 → 2
    3 → 4
    4 → 5
    5 → 3
    6 → 7
    7 → 6
    8 → 0

   Switch to Tournament 197 using subset [1, 2, 6, 8]:
[0 1 0 0 1 0 1 0 0]
[0 0 0 1 1 0 1 1 0]
[1 1 0 1 1 0 1 0 0]
[1 0 0 0 0 0 1 0 1]
[0 0 0 1 0 0 1 1 0]
[1 1 1 1 1 0 1 0 1]
[0 0 0 0 0 0 0 1 0]
[1 0 1 1 0 1 0 0 1]
[1 1 1 0 1 0 1 0 0]
  Isomorphism mapping:
    0 → 1
    1 → 5
    2 → 6
    3 → 2
    4 → 4
    5 → 8
    6 → 0
    7 → 3
    8 → 7

   Switch to Tournament 198 using subset [1, 2, 5, 8]:
[0 1 0 0 1 1 0 0 0]
[0 0 0 1 1 1 0 1 0]
[1 1 0 1 1 1 0 0 0]
[1 0 0 0 0 1 0 0 1]
[0 0 0 1 0 1 0 1 0]
[0 0 0 0 0 0 1 1 0]
[1 1 1 1 1 0 0 0 1]
[1 0 1 1 0 0 1 0 1]
[1 1 1 0 1 1 0 0 0]
  Isomorphism mapping:
    0 → 1
    1 → 5
    2 → 6
    3 → 2
    4 → 4
    5 → 0
    6 → 8
    7 → 3
    8 → 7

   Switch to Tournament 199 using subset [0, 8]:
[0 1 0 1 0 1 1 1 1]
[0 0 0 0 0 1 1 0 1]
[1 1 0 0 0 1 1 1 1]
[0 1 1 0 0 0 0 0 1]
[1 1 1 1 0 0 0 1 0]
[0 0 0 1 1 0 0 0 1]
[0 0 0 1 1 1 0 0 1]
[0 1 0 1 0 1 1 0 1]
[0 0 0 0 1 0 0 0 0]
  Isomorphism mapping:
    0 → 8
    1 → 1
    2 → 7
    3 → 2
    4 → 3
    5 → 4
    6 → 5
    7 → 6
    8 → 0

   Switch to Tournament 200 using subset [1]:
[0 1 1 0 1 0 0 0 1]
[0 0 1 1 1 0 0 1 1]
[0 0 0 0 0 1 1 1 0]
[1 0 1 0 0 0 0 0 0]
[0 0 1 1 0 0 0 1 1]
[1 1 0 1 1 0 0 0 0]
[1 1 0 1 1 1 0 0 0]
[1 0 0 1 0 1 1 0 0]
[0 0 1 1 0 1 1 1 0]
  Isomorphism mapping:
    0 → 1
    1 → 5
    2 → 0
    3 → 2
    4 → 4
    5 → 6
    6 → 7
    7 → 3
    8 → 8

   Switch to Tournament 201 using subset [5]:
[0 0 1 0 1 1 0 0 1]
[1 0 0 0 0 0 1 0 0]
[0 1 0 0 0 0 1 1 0]
[1 1 1 0 0 1 0 0 0]
[0 1 1 1 0 1 0 1 1]
[0 1 1 0 0 0 1 1 1]
[1 0 0 1 1 0 0 0 0]
[1 1 0 1 0 0 1 0 0]
[0 1 1 1 0 0 1 1 0]
  Isomorphism mapping:
    0 → 0
    1 → 2
    2 → 3
    3 → 4
    4 → 8
    5 → 7
    6 → 1
    7 → 5
    8 → 6

   Switch to Tournament 202 using subset [1, 3, 5, 7]:
[0 1 1 1 1 1 0 1 1]
[0 0 1 0 1 1 0 0 1]
[0 0 0 1 0 0 1 0 0]
[0 1 0 0 1 0 1 0 1]
[0 0 1 0 0 1 0 0 1]
[0 0 1 1 0 0 1 0 1]
[1 1 0 0 1 0 0 1 0]
[0 1 1 1 1 1 0 0 1]
[0 0 1 0 0 0 1 0 0]
  Isomorphism mapping:
    0 → 8
    1 → 6
    2 → 1
    3 → 4
    4 → 3
    5 → 5
    6 → 0
    7 → 7
    8 → 2

   Switch to Tournament 203 using subset [2, 6, 7]:
[0 0 0 0 1 0 1 1 1]
[1 0 1 0 0 1 0 1 0]
[1 0 0 1 1 0 1 1 1]
[1 1 0 0 0 0 1 1 0]
[0 1 0 1 0 0 1 0 1]
[1 0 1 1 1 0 1 1 0]
[0 1 0 0 0 0 0 0 1]
[0 0 0 0 1 0 1 0 1]
[0 1 0 1 0 1 0 0 0]
  Isomorphism mapping:
    0 → 6
    1 → 0
    2 → 8
    3 → 4
    4 → 5
    5 → 7
    6 → 2
    7 → 3
    8 → 1

   Switch to Tournament 204 using subset [2, 5, 7]:
[0 0 0 0 1 1 0 1 1]
[1 0 1 0 0 0 1 1 0]
[1 0 0 1 1 1 0 1 1]
[1 1 0 0 0 1 0 1 0]
[0 1 0 1 0 1 0 0 1]
[0 1 0 0 0 0 1 0 1]
[1 0 1 1 1 0 0 1 0]
[0 0 0 0 1 1 0 0 1]
[0 1 0 1 0 0 1 0 0]
  Isomorphism mapping:
    0 → 6
    1 → 0
    2 → 8
    3 → 4
    4 → 5
    5 → 2
    6 → 7
    7 → 3
    8 → 1

   Switch to Tournament 205 using subset [1, 4, 5]:
[0 1 1 0 0 1 0 0 1]
[0 0 1 1 0 1 0 1 1]
[0 0 0 0 1 0 1 1 0]
[1 0 1 0 1 1 0 0 0]
[1 1 0 0 0 0 1 0 0]
[0 0 1 0 1 0 1 1 1]
[1 1 0 1 0 0 0 0 0]
[1 0 0 1 1 0 1 0 0]
[0 0 1 1 1 0 1 1 0]
  Isomorphism mapping:
    0 → 0
    1 → 7
    2 → 3
    3 → 4
    4 → 2
    5 → 6
    6 → 1
    7 → 5
    8 → 8

   Switch to Tournament 206 using subset [0, 2, 8]:
[0 1 1 1 0 1 1 1 1]
[0 0 1 0 0 1 1 0 1]
[0 0 0 1 1 0 0 0 0]
[0 1 0 0 0 0 0 0 1]
[1 1 0 1 0 0 0 1 0]
[0 0 1 1 1 0 0 0 1]
[0 0 1 1 1 1 0 0 1]
[0 1 1 1 0 1 1 0 1]
[0 0 1 0 1 0 0 0 0]
  Isomorphism mapping:
    0 → 8
    1 → 0
    2 → 3
    3 → 1
    4 → 2
    5 → 5
    6 → 6
    7 → 7
    8 → 4

   Switch to Tournament 207 using subset [1, 2, 6]:
[0 1 0 0 1 0 1 0 1]
[0 0 0 1 1 0 1 1 1]
[1 1 0 1 1 0 1 0 1]
[1 0 0 0 0 0 1 0 0]
[0 0 0 1 0 0 1 1 1]
[1 1 1 1 1 0 1 0 0]
[0 0 0 0 0 0 0 1 1]
[1 0 1 1 0 1 0 0 0]
[0 0 0 1 0 1 0 1 0]
  Isomorphism mapping:
    0 → 0
    1 → 6
    2 → 8
    3 → 1
    4 → 5
    5 → 7
    6 → 4
    7 → 2
    8 → 3

   Switch to Tournament 208 using subset [0, 1, 6, 7]:
[0 0 0 1 0 1 0 0 0]
[1 0 1 1 1 0 1 0 1]
[1 0 0 0 0 1 0 0 0]
[0 0 1 0 0 0 1 1 0]
[1 0 1 1 0 0 1 0 1]
[0 1 0 1 1 0 1 1 0]
[1 0 1 0 0 0 0 0 1]
[1 1 1 0 1 0 1 0 1]
[1 0 1 1 0 1 0 0 0]
  Isomorphism mapping:
    0 → 3
    1 → 8
    2 → 4
    3 → 1
    4 → 6
    5 → 2
    6 → 0
    7 → 7
    8 → 5

   Switch to Tournament 209 using subset [6]:
[0 0 1 0 1 0 1 0 1]
[1 0 0 0 0 1 0 0 0]
[0 1 0 0 0 1 0 1 0]
[1 1 1 0 0 0 1 0 0]
[0 1 1 1 0 0 1 1 1]
[1 0 0 1 1 0 1 0 0]
[0 1 1 0 0 0 0 1 1]
[1 1 0 1 0 1 0 0 0]
[0 1 1 1 0 1 0 1 0]
  Isomorphism mapping:
    0 → 4
    1 → 1
    2 → 2
    3 → 5
    4 → 8
    5 → 0
    6 → 3
    7 → 6
    8 → 7

   Switch to Tournament 210 using subset [1, 6, 8]:
[0 1 1 0 1 0 1 0 0]
[0 0 1 1 1 0 1 1 0]
[0 0 0 0 0 1 0 1 1]
[1 0 1 0 0 0 1 0 1]
[0 0 1 1 0 0 1 1 0]
[1 1 0 1 1 0 1 0 1]
[0 0 1 0 0 0 0 1 0]
[1 0 0 1 0 1 0 0 1]
[1 1 0 0 1 0 1 0 0]
  Isomorphism mapping:
    0 → 3
    1 → 7
    2 → 1
    3 → 5
    4 → 6
    5 → 8
    6 → 2
    7 → 0
    8 → 4

   Switch to Tournament 211 using subset [8]:
[0 0 1 0 1 0 0 0 0]
[1 0 0 0 0 1 1 0 1]
[0 1 0 0 0 1 1 1 1]
[1 1 1 0 0 0 0 0 1]
[0 1 1 1 0 0 0 1 0]
[1 0 0 1 1 0 0 0 1]
[1 0 0 1 1 1 0 0 1]
[1 1 0 1 0 1 1 0 1]
[1 0 0 0 1 0 0 0 0]
  Isomorphism mapping:
    0 → 1
    1 → 3
    2 → 4
    3 → 5
    4 → 0
    5 → 6
    6 → 7
    7 → 8
    8 → 2

   Switch to Tournament 212 using subset [2, 4, 8]:
[0 0 0 0 0 0 0 0 0]
[1 0 1 0 1 1 1 0 1]
[1 0 0 1 0 0 0 0 0]
[1 1 0 0 1 0 0 0 1]
[1 0 1 0 0 1 1 0 1]
[1 0 1 1 0 0 0 0 1]
[1 0 1 1 0 1 0 0 1]
[1 1 1 1 1 1 1 0 1]
[1 0 1 0 0 0 0 0 0]
  Isomorphism mapping:
    0 → 0
    1 → 7
    2 → 2
    3 → 1
    4 → 6
    5 → 4
    6 → 5
    7 → 8
    8 → 3

   Switch to Tournament 213 using subset [1, 3, 5, 6]:
[0 1 1 1 1 1 1 0 1]
[0 0 1 0 1 1 1 1 1]
[0 0 0 1 0 0 0 1 0]
[0 1 0 0 1 0 0 1 1]
[0 0 1 0 0 1 1 1 1]
[0 0 1 1 0 0 0 1 1]
[0 0 1 1 0 1 0 1 1]
[1 0 0 0 0 0 0 0 0]
[0 0 1 0 0 0 0 1 0]
  Isomorphism mapping:
    0 → 8
    1 → 7
    2 → 2
    3 → 1
    4 → 6
    5 → 4
    6 → 5
    7 → 0
    8 → 3

   Switch to Tournament 214 using subset [0, 5, 8]:
[0 1 0 1 0 0 1 1 1]
[0 0 0 0 0 0 1 0 1]
[1 1 0 0 0 0 1 1 1]
[0 1 1 0 0 1 0 0 1]
[1 1 1 1 0 1 0 1 0]
[1 1 1 0 0 0 1 1 0]
[0 0 0 1 1 0 0 0 1]
[0 1 0 1 0 0 1 0 1]
[0 0 0 0 1 1 0 0 0]
  Isomorphism mapping:
    0 → 5
    1 → 3
    2 → 6
    3 → 1
    4 → 8
    5 → 7
    6 → 2
    7 → 4
    8 → 0

   Switch to Tournament 215 using subset [1, 6, 7]:
[0 1 1 0 1 0 1 1 1]
[0 0 1 1 1 0 1 0 1]
[0 0 0 0 0 1 0 0 0]
[1 0 1 0 0 0 1 1 0]
[0 0 1 1 0 0 1 0 1]
[1 1 0 1 1 0 1 1 0]
[0 0 1 0 0 0 0 0 1]
[0 1 1 0 1 0 1 0 1]
[0 0 1 1 0 1 0 0 0]
  Isomorphism mapping:
    0 → 8
    1 → 5
    2 → 0
    3 → 1
    4 → 4
    5 → 7
    6 → 3
    7 → 6
    8 → 2

   Switch to Tournament 216 using subset [1, 2, 4, 5]:
[0 1 0 0 0 1 0 0 1]
[0 0 0 1 0 1 0 1 1]
[1 1 0 1 0 1 0 0 1]
[1 0 0 0 1 1 0 0 0]
[1 1 1 0 0 0 1 0 0]
[0 0 0 0 1 0 1 1 1]
[1 1 1 1 0 0 0 0 0]
[1 0 1 1 1 0 1 0 0]
[0 0 0 1 1 0 1 1 0]
  Isomorphism mapping:
    0 → 0
    1 → 7
    2 → 8
    3 → 1
    4 → 3
    5 → 6
    6 → 2
    7 → 4
    8 → 5

   Switch to Tournament 217 using subset [0, 3, 6, 7]:
[0 1 0 0 0 1 0 0 0]
[0 0 0 1 0 1 0 1 0]
[1 1 0 1 0 1 0 0 0]
[1 0 0 0 1 1 0 0 1]
[1 1 1 0 0 0 1 0 1]
[0 0 0 0 1 0 1 1 0]
[1 1 1 1 0 0 0 0 1]
[1 0 1 1 1 0 1 0 1]
[1 1 1 0 0 1 0 0 0]
  Isomorphism mapping:
    0 → 3
    1 → 2
    2 → 4
    3 → 1
    4 → 7
    5 → 0
    6 → 6
    7 → 8
    8 → 5

   Switch to Tournament 218 using subset [1, 4]:
[0 1 1 0 0 0 0 0 1]
[0 0 1 1 0 0 0 1 1]
[0 0 0 0 1 1 1 1 0]
[1 0 1 0 1 0 0 0 0]
[1 1 0 0 0 1 1 0 0]
[1 1 0 1 0 0 0 0 0]
[1 1 0 1 0 1 0 0 0]
[1 0 0 1 1 1 1 0 0]
[0 0 1 1 1 1 1 1 0]
  Isomorphism mapping:
    0 → 3
    1 → 2
    2 → 0
    3 → 1
    4 → 6
    5 → 4
    6 → 5
    7 → 7
    8 → 8

   Switch to Tournament 219 using subset [0, 1, 7, 8]:
[0 0 0 1 0 1 1 0 1]
[1 0 1 1 1 0 0 0 0]
[1 0 0 0 0 1 1 0 1]
[0 0 1 0 0 0 0 1 1]
[1 0 1 1 0 0 0 0 0]
[0 1 0 1 1 0 0 1 1]
[0 1 0 1 1 1 0 1 1]
[1 1 1 0 1 0 0 0 0]
[0 1 0 0 1 0 0 1 0]
  Isomorphism mapping:
    0 → 2
    1 → 5
    2 → 3
    3 → 1
    4 → 4
    5 → 7
    6 → 8
    7 → 6
    8 → 0

   Switch to Tournament 220 using subset [3, 4, 5, 7]:
[0 0 1 1 0 1 0 1 1]
[1 0 0 1 1 0 1 1 0]
[0 1 0 1 1 0 1 0 0]
[0 0 0 0 0 0 1 0 1]
[1 0 0 1 0 0 1 1 0]
[0 1 1 1 1 0 1 0 1]
[1 0 0 0 0 0 0 1 0]
[0 0 1 1 0 1 0 0 1]
[0 1 1 0 1 0 1 0 0]
  Isomorphism mapping:
    0 → 5
    1 → 7
    2 → 1
    3 → 3
    4 → 6
    5 → 8
    6 → 0
    7 → 4
    8 → 2

   Switch to Tournament 221 using subset [0, 1, 8]:
[0 0 0 1 0 1 1 1 1]
[1 0 1 1 1 0 0 1 0]
[1 0 0 0 0 1 1 1 1]
[0 0 1 0 0 0 0 0 1]
[1 0 1 1 0 0 0 1 0]
[0 1 0 1 1 0 0 0 1]
[0 1 0 1 1 1 0 0 1]
[0 0 0 1 0 1 1 0 1]
[0 1 0 0 1 0 0 0 0]
  Isomorphism mapping:
    0 → 8
    1 → 5
    2 → 2
    3 → 3
    4 → 4
    5 → 6
    6 → 7
    7 → 1
    8 → 0

   Switch to Tournament 222 using subset [0, 5]:
[0 1 0 1 0 0 1 1 0]
[0 0 0 0 0 0 1 0 0]
[1 1 0 0 0 0 1 1 0]
[0 1 1 0 0 1 0 0 0]
[1 1 1 1 0 1 0 1 1]
[1 1 1 0 0 0 1 1 1]
[0 0 0 1 1 0 0 0 0]
[0 1 0 1 0 0 1 0 0]
[1 1 1 1 0 0 1 1 0]
  Isomorphism mapping:
    0 → 4
    1 → 2
    2 → 5
    3 → 0
    4 → 8
    5 → 7
    6 → 1
    7 → 3
    8 → 6

   Switch to Tournament 223 using subset [0, 2, 4, 8]:
[0 1 1 1 1 1 1 1 1]
[0 0 1 0 1 1 1 0 1]
[0 0 0 1 0 0 0 0 0]
[0 1 0 0 1 0 0 0 1]
[0 0 1 0 0 1 1 0 1]
[0 0 1 1 0 0 0 0 1]
[0 0 1 1 0 1 0 0 1]
[0 1 1 1 1 1 1 0 1]
[0 0 1 0 0 0 0 0 0]
  Isomorphism mapping:
    0 → 8
    1 → 6
    2 → 1
    3 → 0
    4 → 5
    5 → 3
    6 → 4
    7 → 7
    8 → 2

   Switch to Tournament 224 using subset [1, 2, 6, 7]:
[0 1 0 0 1 0 1 1 1]
[0 0 0 1 1 0 1 0 1]
[1 1 0 1 1 0 1 1 1]
[1 0 0 0 0 0 1 1 0]
[0 0 0 1 0 0 1 0 1]
[1 1 1 1 1 0 1 1 0]
[0 0 0 0 0 0 0 0 1]
[0 1 0 0 1 0 1 0 1]
[0 0 0 1 0 1 0 0 0]
  Isomorphism mapping:
    0 → 6
    1 → 4
    2 → 8
    3 → 0
    4 → 3
    5 → 7
    6 → 2
    7 → 5
    8 → 1

   Switch to Tournament 225 using subset [1, 2, 5, 7]:
[0 1 0 0 1 1 0 1 1]
[0 0 0 1 1 1 0 0 1]
[1 1 0 1 1 1 0 1 1]
[1 0 0 0 0 1 0 1 0]
[0 0 0 1 0 1 0 0 1]
[0 0 0 0 0 0 1 0 1]
[1 1 1 1 1 0 0 1 0]
[0 1 0 0 1 1 0 0 1]
[0 0 0 1 0 0 1 0 0]
  Isomorphism mapping:
    0 → 6
    1 → 4
    2 → 8
    3 → 0
    4 → 3
    5 → 2
    6 → 7
    7 → 5
    8 → 1

   Switch to Tournament 226 using subset [0, 1, 4, 5]:
[0 0 0 1 1 0 1 1 0]
[1 0 1 1 0 1 0 1 1]
[1 0 0 0 1 0 1 1 0]
[0 0 1 0 1 1 0 0 0]
[0 1 0 0 0 0 1 0 0]
[1 0 1 0 1 0 1 1 1]
[0 1 0 1 0 0 0 0 0]
[0 0 0 1 1 0 1 0 0]
[1 0 1 1 1 0 1 1 0]
  Isomorphism mapping:
    0 → 4
    1 → 7
    2 → 5
    3 → 0
    4 → 2
    5 → 6
    6 → 1
    7 → 3
    8 → 8

   Switch to Tournament 227 using subset [3, 4, 5]:
[0 0 1 1 0 1 0 0 1]
[1 0 0 1 1 0 1 0 0]
[0 1 0 1 1 0 1 1 0]
[0 0 0 0 0 0 1 1 1]
[1 0 0 1 0 0 1 0 0]
[0 1 1 1 1 0 1 1 1]
[1 0 0 0 0 0 0 0 0]
[1 1 0 0 1 0 1 0 0]
[0 1 1 0 1 0 1 1 0]
  Isomorphism mapping:
    0 → 1
    1 → 4
    2 → 6
    3 → 0
    4 → 3
    5 → 8
    6 → 2
    7 → 5
    8 → 7

   Switch to Tournament 228 using subset [3, 4, 6]:
[0 0 1 1 0 0 1 0 1]
[1 0 0 1 1 1 0 0 0]
[0 1 0 1 1 1 0 1 0]
[0 0 0 0 0 1 0 1 1]
[1 0 0 1 0 1 0 0 0]
[1 0 0 0 0 0 1 0 0]
[0 1 1 1 1 0 0 1 1]
[1 1 0 0 1 1 0 0 0]
[0 1 1 0 1 1 0 1 0]
  Isomorphism mapping:
    0 → 1
    1 → 4
    2 → 6
    3 → 0
    4 → 3
    5 → 2
    6 → 8
    7 → 5
    8 → 7

   Switch to Tournament 229 using subset [0, 1, 4, 8]:
[0 0 0 1 1 1 1 1 1]
[1 0 1 1 0 0 0 1 0]
[1 0 0 0 1 1 1 1 1]
[0 0 1 0 1 0 0 0 1]
[0 1 0 0 0 1 1 0 1]
[0 1 0 1 0 0 0 0 1]
[0 1 0 1 0 1 0 0 1]
[0 0 0 1 1 1 1 0 1]
[0 1 0 0 0 0 0 0 0]
  Isomorphism mapping:
    0 → 8
    1 → 1
    2 → 7
    3 → 0
    4 → 5
    5 → 3
    6 → 4
    7 → 6
    8 → 2

   Switch to Tournament 230 using subset [0, 6]:
[0 1 0 1 0 1 0 1 0]
[0 0 0 0 0 1 0 0 0]
[1 1 0 0 0 1 0 1 0]
[0 1 1 0 0 0 1 0 0]
[1 1 1 1 0 0 1 1 1]
[0 0 0 1 1 0 1 0 0]
[1 1 1 0 0 0 0 1 1]
[0 1 0 1 0 1 0 0 0]
[1 1 1 1 0 1 0 1 0]
  Isomorphism mapping:
    0 → 4
    1 → 2
    2 → 5
    3 → 0
    4 → 8
    5 → 1
    6 → 6
    7 → 3
    8 → 7

   Switch to Tournament 231 using subset [0, 1, 4, 6]:
[0 0 0 1 1 1 0 1 0]
[1 0 1 1 0 0 1 1 1]
[1 0 0 0 1 1 0 1 0]
[0 0 1 0 1 0 1 0 0]
[0 1 0 0 0 1 0 0 0]
[0 1 0 1 0 0 1 0 0]
[1 0 1 0 1 0 0 1 1]
[0 0 0 1 1 1 0 0 0]
[1 0 1 1 1 1 0 1 0]
  Isomorphism mapping:
    0 → 4
    1 → 7
    2 → 5
    3 → 0
    4 → 2
    5 → 1
    6 → 6
    7 → 3
    8 → 8

   Switch to Tournament 232 using subset [0, 2, 5, 6]:
[0 1 1 1 0 0 0 1 0]
[0 0 1 0 0 0 0 0 0]
[0 0 0 1 1 1 1 0 1]
[0 1 0 0 0 1 1 0 0]
[1 1 0 1 0 1 1 1 1]
[1 1 0 0 0 0 0 1 1]
[1 1 0 0 0 1 0 1 1]
[0 1 1 1 0 0 0 0 0]
[1 1 0 1 0 0 0 1 0]
  Isomorphism mapping:
    0 → 4
    1 → 1
    2 → 0
    3 → 2
    4 → 8
    5 → 6
    6 → 7
    7 → 3
    8 → 5

   Switch to Tournament 233 using subset [3, 7, 8]:
[0 0 1 1 1 0 0 1 0]
[1 0 0 1 0 1 1 1 1]
[0 1 0 1 0 1 1 0 1]
[0 0 0 0 1 1 1 0 0]
[0 1 1 0 0 0 0 0 0]
[1 0 0 0 1 0 0 1 1]
[1 0 0 0 1 1 0 1 1]
[0 0 1 1 1 0 0 0 0]
[1 0 0 1 1 0 0 1 0]
  Isomorphism mapping:
    0 → 4
    1 → 8
    2 → 0
    3 → 2
    4 → 1
    5 → 6
    6 → 7
    7 → 3
    8 → 5

   Switch to Tournament 234 using subset [0, 1, 4, 7]:
[0 0 0 1 1 1 1 0 0]
[1 0 1 1 0 0 0 0 1]
[1 0 0 0 1 1 1 0 0]
[0 0 1 0 1 0 0 1 0]
[0 1 0 0 0 1 1 1 0]
[0 1 0 1 0 0 0 1 0]
[0 1 0 1 0 1 0 1 0]
[1 1 1 0 0 0 0 0 1]
[1 0 1 1 1 1 1 0 0]
  Isomorphism mapping:
    0 → 6
    1 → 1
    2 → 7
    3 → 0
    4 → 5
    5 → 3
    6 → 4
    7 → 2
    8 → 8

   Switch to Tournament 235 using subset [3, 6, 8]:
[0 0 1 1 1 0 1 0 0]
[1 0 0 1 0 1 0 0 1]
[0 1 0 1 0 1 0 1 1]
[0 0 0 0 1 1 0 1 0]
[0 1 1 0 0 0 1 1 0]
[1 0 0 0 1 0 1 0 1]
[0 1 1 1 0 0 0 1 0]
[1 1 0 0 0 1 0 0 1]
[1 0 0 1 1 0 1 0 0]
  Isomorphism mapping:
    0 → 3
    1 → 6
    2 → 8
    3 → 0
    4 → 2
    5 → 5
    6 → 1
    7 → 7
    8 → 4

   Switch to Tournament 236 using subset [3, 6, 7, 8]:
[0 0 1 1 1 0 1 1 0]
[1 0 0 1 0 1 0 1 1]
[0 1 0 1 0 1 0 0 1]
[0 0 0 0 1 1 0 0 0]
[0 1 1 0 0 0 1 0 0]
[1 0 0 0 1 0 1 1 1]
[0 1 1 1 0 0 0 0 0]
[0 0 1 1 1 0 1 0 0]
[1 0 0 1 1 0 1 1 0]
  Isomorphism mapping:
    0 → 8
    1 → 6
    2 → 7
    3 → 0
    4 → 2
    5 → 5
    6 → 1
    7 → 3
    8 → 4

   Switch to Tournament 237 using subset [3, 5, 6, 8]:
[0 0 1 1 1 1 1 0 0]
[1 0 0 1 0 0 0 0 1]
[0 1 0 1 0 0 0 1 1]
[0 0 0 0 1 0 0 1 0]
[0 1 1 0 0 1 1 1 0]
[0 1 1 1 0 0 0 1 0]
[0 1 1 1 0 1 0 1 0]
[1 1 0 0 0 0 0 0 1]
[1 0 0 1 1 1 1 0 0]
  Isomorphism mapping:
    0 → 6
    1 → 1
    2 → 3
    3 → 0
    4 → 5
    5 → 4
    6 → 8
    7 → 2
    8 → 7

   Switch to Tournament 238 using subset [1, 2, 4, 8]:
[0 1 0 0 0 0 0 0 0]
[0 0 0 1 0 0 0 1 0]
[1 1 0 1 0 0 0 0 0]
[1 0 0 0 1 0 0 0 1]
[1 1 1 0 0 1 1 0 1]
[1 1 1 1 0 0 0 0 1]
[1 1 1 1 0 1 0 0 1]
[1 0 1 1 1 1 1 0 1]
[1 1 1 0 0 0 0 0 0]
  Isomorphism mapping:
    0 → 2
    1 → 1
    2 → 3
    3 → 0
    4 → 7
    5 → 5
    6 → 6
    7 → 8
    8 → 4

   Switch to Tournament 239 using subset [3, 5, 6]:
[0 0 1 1 1 1 1 0 1]
[1 0 0 1 0 0 0 0 0]
[0 1 0 1 0 0 0 1 0]
[0 0 0 0 1 0 0 1 1]
[0 1 1 0 0 1 1 1 1]
[0 1 1 1 0 0 0 1 1]
[0 1 1 1 0 1 0 1 1]
[1 1 0 0 0 0 0 0 0]
[0 1 1 0 0 0 0 1 0]
  Isomorphism mapping:
    0 → 7
    1 → 1
    2 → 3
    3 → 0
    4 → 6
    5 → 5
    6 → 8
    7 → 2
    8 → 4

   Switch to Tournament 240 using subset [2, 3, 4, 8]:
[0 0 0 1 0 0 0 0 0]
[1 0 1 1 1 1 1 0 1]
[1 0 0 0 0 0 0 0 0]
[0 0 1 0 0 1 1 1 0]
[1 0 1 1 0 1 1 0 1]
[1 0 1 0 0 0 0 0 1]
[1 0 1 0 0 1 0 0 1]
[1 1 1 0 1 1 1 0 1]
[1 0 1 1 0 0 0 0 0]
  Isomorphism mapping:
    0 → 1
    1 → 8
    2 → 2
    3 → 0
    4 → 6
    5 → 4
    6 → 5
    7 → 7
    8 → 3

   Switch to Tournament 241 using subset [0, 2, 6, 7]:
[0 1 1 1 0 1 0 0 0]
[0 0 1 0 0 1 0 1 0]
[0 0 0 1 1 0 1 1 1]
[0 1 0 0 0 0 1 1 0]
[1 1 0 1 0 0 1 0 1]
[0 0 1 1 1 0 1 1 0]
[1 1 0 0 0 0 0 0 1]
[1 0 0 0 1 0 1 0 1]
[1 1 0 1 0 1 0 0 0]
  Isomorphism mapping:
    0 → 6
    1 → 0
    2 → 4
    3 → 3
    4 → 8
    5 → 5
    6 → 1
    7 → 2
    8 → 7

   Switch to Tournament 242 using subset [2, 4, 6]:
[0 0 0 0 0 0 1 0 1]
[1 0 1 0 1 1 0 0 0]
[1 0 0 1 0 0 1 0 1]
[1 1 0 0 1 0 1 0 0]
[1 0 1 0 0 1 0 0 0]
[1 0 1 1 0 0 1 0 0]
[0 1 0 0 1 0 0 1 1]
[1 1 1 1 1 1 0 0 0]
[0 1 0 1 1 1 0 1 0]
  Isomorphism mapping:
    0 → 2
    1 → 6
    2 → 4
    3 → 3
    4 → 0
    5 → 5
    6 → 1
    7 → 8
    8 → 7

   Switch to Tournament 243 using subset [7]:
[0 0 1 0 1 0 0 1 1]
[1 0 0 0 0 1 1 1 0]
[0 1 0 0 0 1 1 0 0]
[1 1 1 0 0 0 0 1 0]
[0 1 1 1 0 0 0 0 1]
[1 0 0 1 1 0 0 1 0]
[1 0 0 1 1 1 0 1 0]
[0 0 1 0 1 0 0 0 1]
[0 1 1 1 0 1 1 0 0]
  Isomorphism mapping:
    0 → 6
    1 → 1
    2 → 2
    3 → 3
    4 → 5
    5 → 7
    6 → 8
    7 → 0
    8 → 4

   Switch to Tournament 244 using subset [1, 3, 5, 8]:
[0 1 1 1 1 1 0 0 0]
[0 0 1 0 1 1 0 1 0]
[0 0 0 1 0 0 1 1 1]
[0 1 0 0 1 0 1 1 0]
[0 0 1 0 0 1 0 1 0]
[0 0 1 1 0 0 1 1 0]
[1 1 0 0 1 0 0 0 1]
[1 0 0 0 0 0 1 0 1]
[1 1 0 1 1 1 0 0 0]
  Isomorphism mapping:
    0 → 8
    1 → 6
    2 → 4
    3 → 3
    4 → 0
    5 → 5
    6 → 1
    7 → 2
    8 → 7

   Switch to Tournament 245 using subset [1, 5, 7]:
[0 1 1 0 1 1 0 1 1]
[0 0 1 1 1 1 0 0 1]
[0 0 0 0 0 0 1 0 0]
[1 0 1 0 0 1 0 1 0]
[0 0 1 1 0 1 0 0 1]
[0 0 1 0 0 0 1 0 1]
[1 1 0 1 1 0 0 1 0]
[0 1 1 0 1 1 0 0 1]
[0 0 1 1 0 0 1 0 0]
  Isomorphism mapping:
    0 → 8
    1 → 6
    2 → 2
    3 → 0
    4 → 5
    5 → 4
    6 → 1
    7 → 7
    8 → 3

   Switch to Tournament 246 using subset [0, 6, 8]:
[0 1 0 1 0 1 0 1 1]
[0 0 0 0 0 1 0 0 1]
[1 1 0 0 0 1 0 1 1]
[0 1 1 0 0 0 1 0 1]
[1 1 1 1 0 0 1 1 0]
[0 0 0 1 1 0 1 0 1]
[1 1 1 0 0 0 0 1 0]
[0 1 0 1 0 1 0 0 1]
[0 0 0 0 1 0 1 0 0]
  Isomorphism mapping:
    0 → 6
    1 → 0
    2 → 7
    3 → 3
    4 → 8
    5 → 4
    6 → 1
    7 → 5
    8 → 2

   Switch to Tournament 247 using subset [1, 2, 4, 6]:
[0 1 0 0 0 0 1 0 1]
[0 0 0 1 0 0 1 1 1]
[1 1 0 1 0 0 1 0 1]
[1 0 0 0 1 0 1 0 0]
[1 1 1 0 0 1 0 0 0]
[1 1 1 1 0 0 1 0 0]
[0 0 0 0 1 0 0 1 1]
[1 0 1 1 1 1 0 0 0]
[0 0 0 1 1 1 0 1 0]
  Isomorphism mapping:
    0 → 2
    1 → 7
    2 → 8
    3 → 3
    4 → 0
    5 → 4
    6 → 1
    7 → 5
    8 → 6

   Switch to Tournament 248 using subset [2, 5, 8]:
[0 0 0 0 1 1 0 0 0]
[1 0 1 0 0 0 1 0 1]
[1 0 0 1 1 1 0 0 0]
[1 1 0 0 0 1 0 0 1]
[0 1 0 1 0 1 0 1 0]
[0 1 0 0 0 0 1 1 0]
[1 0 1 1 1 0 0 0 1]
[1 1 1 1 0 0 1 0 1]
[1 0 1 0 1 1 0 0 0]
  Isomorphism mapping:
    0 → 0
    1 → 1
    2 → 5
    3 → 3
    4 → 4
    5 → 2
    6 → 7
    7 → 8
    8 → 6

   Switch to Tournament 249 using subset [2, 6, 8]:
[0 0 0 0 1 0 1 0 0]
[1 0 1 0 0 1 0 0 1]
[1 0 0 1 1 0 1 0 0]
[1 1 0 0 0 0 1 0 1]
[0 1 0 1 0 0 1 1 0]
[1 0 1 1 1 0 1 0 1]
[0 1 0 0 0 0 0 1 0]
[1 1 1 1 0 1 0 0 1]
[1 0 1 0 1 0 1 0 0]
  Isomorphism mapping:
    0 → 0
    1 → 1
    2 → 5
    3 → 3
    4 → 4
    5 → 8
    6 → 2
    7 → 7
    8 → 6

   Switch to Tournament 250 using subset [1, 3, 4, 5]:
[0 1 1 1 0 1 0 0 1]
[0 0 1 0 0 1 0 1 1]
[0 0 0 1 1 0 1 1 0]
[0 1 0 0 0 0 1 1 1]
[1 1 0 1 0 0 1 0 0]
[0 0 1 1 1 0 1 1 1]
[1 1 0 0 0 0 0 0 0]
[1 0 0 0 1 0 1 0 0]
[0 0 1 0 1 0 1 1 0]
  Isomorphism mapping:
    0 → 7
    1 → 1
    2 → 5
    3 → 3
    4 → 4
    5 → 8
    6 → 2
    7 → 0
    8 → 6

   Switch to Tournament 251 using subset [1, 3, 4, 6]:
[0 1 1 1 0 0 1 0 1]
[0 0 1 0 0 0 1 1 1]
[0 0 0 1 1 1 0 1 0]
[0 1 0 0 0 1 0 1 1]
[1 1 0 1 0 1 0 0 0]
[1 1 0 0 0 0 1 0 0]
[0 0 1 1 1 0 0 1 1]
[1 0 0 0 1 1 0 0 0]
[0 0 1 0 1 1 0 1 0]
  Isomorphism mapping:
    0 → 7
    1 → 1
    2 → 5
    3 → 3
    4 → 4
    5 → 2
    6 → 8
    7 → 0
    8 → 6

   Switch to Tournament 252 using subset [2, 3, 5, 7]:
[0 0 0 1 1 1 0 1 1]
[1 0 1 1 0 0 1 1 0]
[1 0 0 0 1 1 0 1 1]
[0 0 1 0 1 0 1 0 1]
[0 1 0 0 0 1 0 0 1]
[0 1 0 1 0 0 1 0 1]
[1 0 1 0 1 0 0 1 0]
[0 0 0 1 1 1 0 0 1]
[0 1 0 0 0 0 1 0 0]
  Isomorphism mapping:
    0 → 8
    1 → 7
    2 → 6
    3 → 3
    4 → 0
    5 → 4
    6 → 1
    7 → 5
    8 → 2

   Switch to Tournament 253 using subset [1, 8]:
[0 1 1 0 1 0 0 0 0]
[0 0 1 1 1 0 0 1 0]
[0 0 0 0 0 1 1 1 1]
[1 0 1 0 0 0 0 0 1]
[0 0 1 1 0 0 0 1 0]
[1 1 0 1 1 0 0 0 1]
[1 1 0 1 1 1 0 0 1]
[1 0 0 1 0 1 1 0 1]
[1 1 0 0 1 0 0 0 0]
  Isomorphism mapping:
    0 → 1
    1 → 6
    2 → 0
    3 → 3
    4 → 5
    5 → 7
    6 → 8
    7 → 4
    8 → 2

   Switch to Tournament 255 using subset [0, 1, 7]:
[0 0 0 1 0 1 1 0 0]
[1 0 1 1 1 0 0 0 1]
[1 0 0 0 0 1 1 0 0]
[0 0 1 0 0 0 0 1 0]
[1 0 1 1 0 0 0 0 1]
[0 1 0 1 1 0 0 1 0]
[0 1 0 1 1 1 0 1 0]
[1 1 1 0 1 0 0 0 1]
[1 0 1 1 0 1 1 0 0]
  Isomorphism mapping:
    0 → 1
    1 → 8
    2 → 2
    3 → 0
    4 → 3
    5 → 5
    6 → 6
    7 → 4
    8 → 7

--- Tournament 255 ---
[0 0 1 0 1 0 0 0 0]
[1 0 0 0 0 1 1 0 0]
[0 1 0 0 0 1 1 0 0]
[1 1 1 0 0 0 0 1 0]
[0 1 1 1 0 0 0 1 1]
[1 0 0 1 1 0 0 0 1]
[1 0 0 1 1 1 0 0 1]
[1 1 1 0 0 1 1 0 0]
[1 1 1 1 0 0 0 1 0]

   Switch to Tournament 0 using subset [1, 5, 6, 8]:
[0 1 1 0 1 1 1 0 1]
[0 0 1 1 1 1 1 1 0]
[0 0 0 0 0 0 0 0 1]
[1 0 1 0 0 1 1 1 1]
[0 0 1 1 0 1 1 1 0]
[0 0 1 0 0 0 0 1 1]
[0 0 1 0 0 1 0 1 1]
[1 0 1 0 0 0 0 0 1]
[0 1 0 0 1 0 0 0 0]
  Isomorphism mapping:
    0 → 8
    1 → 7
    2 → 1
    3 → 5
    4 → 6
    5 → 3
    6 → 4
    7 → 2
    8 → 0

   Switch to Tournament 1 using subset [0, 4, 5]:
[0 1 0 1 1 0 1 1 1]
[0 0 0 0 1 0 1 0 0]
[1 1 0 0 1 0 1 0 0]
[0 1 1 0 1 1 0 1 0]
[0 0 0 0 0 0 1 0 0]
[1 1 1 0 1 0 1 1 0]
[0 0 0 1 0 0 0 0 1]
[0 1 1 0 1 0 1 0 0]
[0 1 1 1 1 1 0 1 0]
  Isomorphism mapping:
    0 → 8
    1 → 2
    2 → 3
    3 → 6
    4 → 1
    5 → 5
    6 → 0
    7 → 4
    8 → 7

   Switch to Tournament 2 using subset [0, 2, 6]:
[0 1 1 1 0 1 0 1 1]
[0 0 1 0 0 1 0 0 0]
[0 0 0 1 1 0 1 1 1]
[0 1 0 0 0 0 1 1 0]
[1 1 0 1 0 0 1 1 1]
[0 0 1 1 1 0 1 0 1]
[1 1 0 0 0 0 0 1 0]
[0 1 0 0 0 1 0 0 0]
[0 1 0 1 0 0 1 1 0]
  Isomorphism mapping:
    0 → 8
    1 → 0
    2 → 6
    3 → 3
    4 → 5
    5 → 7
    6 → 2
    7 → 1
    8 → 4

   Switch to Tournament 3 using subset [5, 6, 8]:
[0 0 1 0 1 1 1 0 1]
[1 0 0 0 0 0 0 0 1]
[0 1 0 0 0 0 0 0 1]
[1 1 1 0 0 1 1 1 1]
[0 1 1 1 0 1 1 1 0]
[0 1 1 0 0 0 0 1 1]
[0 1 1 0 0 1 0 1 1]
[1 1 1 0 0 0 0 0 1]
[0 0 0 0 1 0 0 0 0]
  Isomorphism mapping:
    0 → 7
    1 → 1
    2 → 2
    3 → 8
    4 → 6
    5 → 4
    6 → 5
    7 → 3
    8 → 0

   Switch to Tournament 4 using subset [3, 5, 6]:
[0 0 1 1 1 1 1 0 0]
[1 0 0 1 0 0 0 0 0]
[0 1 0 1 0 0 0 0 0]
[0 0 0 0 1 0 0 0 1]
[0 1 1 0 0 1 1 1 1]
[0 1 1 1 0 0 0 1 0]
[0 1 1 1 0 1 0 1 0]
[1 1 1 1 0 0 0 0 0]
[1 1 1 0 0 1 1 1 0]
  Isomorphism mapping:
    0 → 7
    1 → 1
    2 → 2
    3 → 0
    4 → 6
    5 → 4
    6 → 5
    7 → 3
    8 → 8

   Switch to Tournament 5 using subset [1, 6, 7]:
[0 1 1 0 1 0 1 1 0]
[0 0 1 1 1 0 1 0 1]
[0 0 0 0 0 1 0 1 0]
[1 0 1 0 0 0 1 0 0]
[0 0 1 1 0 0 1 0 1]
[1 1 0 1 1 0 1 1 1]
[0 0 1 0 0 0 0 0 0]
[0 1 0 1 1 0 1 0 1]
[1 0 1 1 0 0 1 0 0]
  Isomorphism mapping:
    0 → 7
    1 → 5
    2 → 0
    3 → 2
    4 → 4
    5 → 8
    6 → 1
    7 → 6
    8 → 3

   Switch to Tournament 6 using subset [0, 2, 5, 6]:
[0 1 1 1 0 0 0 1 1]
[0 0 1 0 0 0 0 0 0]
[0 0 0 1 1 1 1 1 1]
[0 1 0 0 0 1 1 1 0]
[1 1 0 1 0 1 1 1 1]
[1 1 0 0 0 0 0 1 0]
[1 1 0 0 0 1 0 1 0]
[0 1 0 0 0 0 0 0 0]
[0 1 0 1 0 1 1 1 0]
  Isomorphism mapping:
    0 → 7
    1 → 0
    2 → 6
    3 → 4
    4 → 8
    5 → 2
    6 → 3
    7 → 1
    8 → 5

   Switch to Tournament 7 using subset [1, 5, 7]:
[0 1 1 0 1 1 0 1 0]
[0 0 1 1 1 1 0 0 1]
[0 0 0 0 0 0 1 1 0]
[1 0 1 0 0 1 0 0 0]
[0 0 1 1 0 1 0 0 1]
[0 0 1 0 0 0 1 0 0]
[1 1 0 1 1 0 0 1 1]
[0 1 0 1 1 1 0 0 1]
[1 0 1 1 0 1 0 0 0]
  Isomorphism mapping:
    0 → 7
    1 → 5
    2 → 0
    3 → 2
    4 → 4
    5 → 1
    6 → 8
    7 → 6
    8 → 3

   Switch to Tournament 8 using subset [3, 7, 8]:
[0 0 1 1 1 0 0 1 1]
[1 0 0 1 0 1 1 1 1]
[0 1 0 1 0 1 1 1 1]
[0 0 0 0 1 1 1 1 0]
[0 1 1 0 0 0 0 0 0]
[1 0 0 0 1 0 0 1 0]
[1 0 0 0 1 1 0 1 0]
[0 0 0 0 1 0 0 0 0]
[0 0 0 1 1 1 1 1 0]
  Isomorphism mapping:
    0 → 7
    1 → 8
    2 → 6
    3 → 4
    4 → 0
    5 → 2
    6 → 3
    7 → 1
    8 → 5

   Switch to Tournament 9 using subset [0, 4, 5, 8]:
[0 1 0 1 1 0 1 1 0]
[0 0 0 0 1 0 1 0 1]
[1 1 0 0 1 0 1 0 1]
[0 1 1 0 1 1 0 1 1]
[0 0 0 0 0 0 1 0 1]
[1 1 1 0 1 0 1 1 1]
[0 0 0 1 0 0 0 0 0]
[0 1 1 0 1 0 1 0 1]
[1 0 0 0 0 0 1 0 0]
  Isomorphism mapping:
    0 → 7
    1 → 3
    2 → 4
    3 → 6
    4 → 2
    5 → 8
    6 → 0
    7 → 5
    8 → 1

   Switch to Tournament 10 using subset [0, 4, 6, 8]:
[0 1 0 1 1 1 0 1 0]
[0 0 0 0 1 1 0 0 1]
[1 1 0 0 1 1 0 0 1]
[0 1 1 0 1 0 1 1 1]
[0 0 0 0 0 1 0 0 1]
[0 0 0 1 0 0 1 0 0]
[1 1 1 0 1 0 0 1 1]
[0 1 1 0 1 1 0 0 1]
[1 0 0 0 0 1 0 0 0]
  Isomorphism mapping:
    0 → 7
    1 → 3
    2 → 4
    3 → 6
    4 → 2
    5 → 0
    6 → 8
    7 → 5
    8 → 1

   Switch to Tournament 11 using subset [0, 1, 2, 6]:
[0 0 1 1 0 1 0 1 1]
[1 0 0 1 1 0 1 1 1]
[0 1 0 1 1 0 1 1 1]
[0 0 0 0 0 0 1 1 0]
[1 0 0 1 0 0 1 1 1]
[0 1 1 1 1 0 1 0 1]
[1 0 0 0 0 0 0 1 0]
[0 0 0 0 0 1 0 0 0]
[0 0 0 1 0 0 1 1 0]
  Isomorphism mapping:
    0 → 7
    1 → 8
    2 → 5
    3 → 2
    4 → 4
    5 → 6
    6 → 1
    7 → 0
    8 → 3

   Switch to Tournament 12 using subset [0, 1, 2]:
[0 0 1 1 0 1 1 1 1]
[1 0 0 1 1 0 0 1 1]
[0 1 0 1 1 0 0 1 1]
[0 0 0 0 0 0 0 1 0]
[1 0 0 1 0 0 0 1 1]
[0 1 1 1 1 0 0 0 1]
[0 1 1 1 1 1 0 0 1]
[0 0 0 0 0 1 1 0 0]
[0 0 0 1 0 0 0 1 0]
  Isomorphism mapping:
    0 → 3
    1 → 5
    2 → 6
    3 → 1
    4 → 4
    5 → 7
    6 → 8
    7 → 0
    8 → 2

   Switch to Tournament 13 using subset [1, 5, 6, 7]:
[0 1 1 0 1 1 1 1 0]
[0 0 1 1 1 1 1 0 1]
[0 0 0 0 0 0 0 1 0]
[1 0 1 0 0 1 1 0 0]
[0 0 1 1 0 1 1 0 1]
[0 0 1 0 0 0 0 0 0]
[0 0 1 0 0 1 0 0 0]
[0 1 0 1 1 1 1 0 1]
[1 0 1 1 0 1 1 0 0]
  Isomorphism mapping:
    0 → 3
    1 → 8
    2 → 0
    3 → 4
    4 → 6
    5 → 1
    6 → 2
    7 → 7
    8 → 5

   Switch to Tournament 14 using subset [0, 2, 3, 4]:
[0 1 1 0 1 1 1 1 1]
[0 0 1 1 1 1 1 0 0]
[0 0 0 0 0 0 0 1 1]
[1 0 1 0 0 1 1 0 1]
[0 0 1 1 0 1 1 0 0]
[0 0 1 0 0 0 0 0 1]
[0 0 1 0 0 1 0 0 1]
[0 1 0 1 1 1 1 0 0]
[0 1 0 0 1 0 0 1 0]
  Isomorphism mapping:
    0 → 8
    1 → 6
    2 → 1
    3 → 4
    4 → 5
    5 → 2
    6 → 3
    7 → 7
    8 → 0

   Switch to Tournament 15 using subset [3, 5, 7, 8]:
[0 0 1 1 1 1 0 1 1]
[1 0 0 1 0 0 1 1 1]
[0 1 0 1 0 0 1 1 1]
[0 0 0 0 1 0 1 1 0]
[0 1 1 0 0 1 0 0 0]
[0 1 1 1 0 0 1 0 1]
[1 0 0 0 1 0 0 1 0]
[0 0 0 0 1 1 0 0 0]
[0 0 0 1 1 0 1 1 0]
  Isomorphism mapping:
    0 → 8
    1 → 5
    2 → 6
    3 → 3
    4 → 0
    5 → 7
    6 → 2
    7 → 1
    8 → 4

   Switch to Tournament 16 using subset [1, 3, 6, 7]:
[0 1 1 1 1 0 1 1 0]
[0 0 1 0 1 0 1 0 1]
[0 0 0 1 0 1 0 1 0]
[0 1 0 0 1 1 0 1 1]
[0 0 1 0 0 0 1 0 1]
[1 1 0 0 1 0 1 1 1]
[0 0 1 1 0 0 0 0 0]
[0 1 0 0 1 0 1 0 1]
[1 0 1 0 0 0 1 0 0]
  Isomorphism mapping:
    0 → 8
    1 → 4
    2 → 0
    3 → 7
    4 → 3
    5 → 6
    6 → 1
    7 → 5
    8 → 2

   Switch to Tournament 17 using subset [0, 1, 2, 3]:
[0 0 1 0 0 1 1 1 1]
[1 0 0 0 1 0 0 1 1]
[0 1 0 0 1 0 0 1 1]
[1 1 1 0 1 1 1 0 1]
[1 0 0 0 0 0 0 1 1]
[0 1 1 0 1 0 0 0 1]
[0 1 1 0 1 1 0 0 1]
[0 0 0 1 0 1 1 0 0]
[0 0 0 0 0 0 0 1 0]
  Isomorphism mapping:
    0 → 7
    1 → 3
    2 → 4
    3 → 8
    4 → 2
    5 → 5
    6 → 6
    7 → 0
    8 → 1

   Switch to Tournament 18 using subset [0, 1, 2, 8]:
[0 0 1 1 0 1 1 1 0]
[1 0 0 1 1 0 0 1 0]
[0 1 0 1 1 0 0 1 0]
[0 0 0 0 0 0 0 1 1]
[1 0 0 1 0 0 0 1 0]
[0 1 1 1 1 0 0 0 0]
[0 1 1 1 1 1 0 0 0]
[0 0 0 0 0 1 1 0 1]
[1 1 1 0 1 1 1 0 0]
  Isomorphism mapping:
    0 → 7
    1 → 3
    2 → 4
    3 → 1
    4 → 2
    5 → 5
    6 → 6
    7 → 0
    8 → 8

   Switch to Tournament 19 using subset [0, 5]:
[0 1 0 1 0 0 1 1 1]
[0 0 0 0 0 0 1 0 0]
[1 1 0 0 0 0 1 0 0]
[0 1 1 0 0 1 0 1 0]
[1 1 1 1 0 1 0 1 1]
[1 1 1 0 0 0 1 1 0]
[0 0 0 1 1 0 0 0 1]
[0 1 1 0 0 0 1 0 0]
[0 1 1 1 0 1 0 1 0]
  Isomorphism mapping:
    0 → 7
    1 → 1
    2 → 2
    3 → 5
    4 → 8
    5 → 4
    6 → 0
    7 → 3
    8 → 6

   Switch to Tournament 20 using subset [0, 1, 4, 5]:
[0 0 0 1 1 0 1 1 1]
[1 0 1 1 0 1 0 1 1]
[1 0 0 0 1 0 1 0 0]
[0 0 1 0 1 1 0 1 0]
[0 1 0 0 0 0 1 0 0]
[1 0 1 0 1 0 1 1 0]
[0 1 0 1 0 0 0 0 1]
[0 0 1 0 1 0 1 0 0]
[0 0 1 1 1 1 0 1 0]
  Isomorphism mapping:
    0 → 7
    1 → 8
    2 → 2
    3 → 5
    4 → 1
    5 → 4
    6 → 0
    7 → 3
    8 → 6

   Switch to Tournament 21 using subset [1, 3, 5, 6]:
[0 1 1 1 1 1 1 0 0]
[0 0 1 0 1 1 1 1 1]
[0 0 0 1 0 0 0 0 0]
[0 1 0 0 1 0 0 0 1]
[0 0 1 0 0 1 1 1 1]
[0 0 1 1 0 0 0 1 0]
[0 0 1 1 0 1 0 1 0]
[1 0 1 1 0 0 0 0 0]
[1 0 1 0 0 1 1 1 0]
  Isomorphism mapping:
    0 → 7
    1 → 8
    2 → 1
    3 → 0
    4 → 6
    5 → 3
    6 → 4
    7 → 2
    8 → 5

   Switch to Tournament 22 using subset [0, 4, 6]:
[0 1 0 1 1 1 0 1 1]
[0 0 0 0 1 1 0 0 0]
[1 1 0 0 1 1 0 0 0]
[0 1 1 0 1 0 1 1 0]
[0 0 0 0 0 1 0 0 0]
[0 0 0 1 0 0 1 0 1]
[1 1 1 0 1 0 0 1 0]
[0 1 1 0 1 1 0 0 0]
[0 1 1 1 1 0 1 1 0]
  Isomorphism mapping:
    0 → 7
    1 → 2
    2 → 3
    3 → 6
    4 → 1
    5 → 0
    6 → 5
    7 → 4
    8 → 8

   Switch to Tournament 23 using subset [2]:
[0 0 0 0 1 0 0 0 0]
[1 0 1 0 0 1 1 0 0]
[1 0 0 1 1 0 0 1 1]
[1 1 0 0 0 0 0 1 0]
[0 1 0 1 0 0 0 1 1]
[1 0 1 1 1 0 0 0 1]
[1 0 1 1 1 1 0 0 1]
[1 1 0 0 0 1 1 0 0]
[1 1 0 1 0 0 0 1 0]
  Isomorphism mapping:
    0 → 0
    1 → 1
    2 → 6
    3 → 3
    4 → 5
    5 → 7
    6 → 8
    7 → 2
    8 → 4

   Switch to Tournament 24 using subset [2, 3, 4]:
[0 0 0 1 0 0 0 0 0]
[1 0 1 1 1 1 1 0 0]
[1 0 0 0 0 0 0 1 1]
[0 0 1 0 0 1 1 0 1]
[1 0 1 1 0 1 1 0 0]
[1 0 1 0 0 0 0 0 1]
[1 0 1 0 0 1 0 0 1]
[1 1 0 1 1 1 1 0 0]
[1 1 0 0 1 0 0 1 0]
  Isomorphism mapping:
    0 → 0
    1 → 8
    2 → 2
    3 → 5
    4 → 6
    5 → 3
    6 → 4
    7 → 7
    8 → 1

   Switch to Tournament 25 using subset [0, 2]:
[0 1 1 1 0 1 1 1 1]
[0 0 1 0 0 1 1 0 0]
[0 0 0 1 1 0 0 1 1]
[0 1 0 0 0 0 0 1 0]
[1 1 0 1 0 0 0 1 1]
[0 0 1 1 1 0 0 0 1]
[0 0 1 1 1 1 0 0 1]
[0 1 0 0 0 1 1 0 0]
[0 1 0 1 0 0 0 1 0]
  Isomorphism mapping:
    0 → 8
    1 → 0
    2 → 5
    3 → 2
    4 → 4
    5 → 6
    6 → 7
    7 → 1
    8 → 3

   Switch to Tournament 26 using subset [1, 3, 5, 7]:
[0 1 1 1 1 1 0 1 0]
[0 0 1 0 1 1 0 0 1]
[0 0 0 1 0 0 1 1 0]
[0 1 0 0 1 0 1 1 1]
[0 0 1 0 0 1 0 0 1]
[0 0 1 1 0 0 1 0 0]
[1 1 0 0 1 0 0 1 1]
[0 1 0 0 1 1 0 0 1]
[1 0 1 0 0 1 0 0 0]
  Isomorphism mapping:
    0 → 8
    1 → 4
    2 → 0
    3 → 7
    4 → 3
    5 → 1
    6 → 6
    7 → 5
    8 → 2

   Switch to Tournament 27 using subset [1, 5, 8]:
[0 1 1 0 1 1 0 0 1]
[0 0 1 1 1 1 0 1 0]
[0 0 0 0 0 0 1 0 1]
[1 0 1 0 0 1 0 1 1]
[0 0 1 1 0 1 0 1 0]
[0 0 1 0 0 0 1 1 1]
[1 1 0 1 1 0 0 0 0]
[1 0 1 0 0 0 1 0 1]
[0 1 0 0 1 0 1 0 0]
  Isomorphism mapping:
    0 → 8
    1 → 7
    2 → 2
    3 → 5
    4 → 6
    5 → 4
    6 → 0
    7 → 3
    8 → 1

   Switch to Tournament 28 using subset [0, 1, 3, 4]:
[0 0 0 0 1 1 1 1 1]
[1 0 1 0 0 0 0 1 1]
[1 0 0 1 1 1 1 0 0]
[1 1 0 0 0 1 1 0 1]
[0 1 0 1 0 1 1 0 0]
[0 1 0 0 0 0 0 0 1]
[0 1 0 0 0 1 0 0 1]
[0 0 1 1 1 1 1 0 0]
[0 0 1 0 1 0 0 1 0]
  Isomorphism mapping:
    0 → 8
    1 → 1
    2 → 6
    3 → 4
    4 → 5
    5 → 2
    6 → 3
    7 → 7
    8 → 0

   Switch to Tournament 29 using subset [0, 2, 8]:
[0 1 1 1 0 1 1 1 0]
[0 0 1 0 0 1 1 0 1]
[0 0 0 1 1 0 0 1 0]
[0 1 0 0 0 0 0 1 1]
[1 1 0 1 0 0 0 1 0]
[0 0 1 1 1 0 0 0 0]
[0 0 1 1 1 1 0 0 0]
[0 1 0 0 0 1 1 0 1]
[1 0 1 0 1 1 1 0 0]
  Isomorphism mapping:
    0 → 8
    1 → 6
    2 → 2
    3 → 0
    4 → 1
    5 → 3
    6 → 4
    7 → 7
    8 → 5

   Switch to Tournament 30 using subset [1, 5, 7, 8]:
[0 1 1 0 1 1 0 1 1]
[0 0 1 1 1 1 0 0 0]
[0 0 0 0 0 0 1 1 1]
[1 0 1 0 0 1 0 0 1]
[0 0 1 1 0 1 0 0 0]
[0 0 1 0 0 0 1 0 1]
[1 1 0 1 1 0 0 1 0]
[0 1 0 1 1 1 0 0 0]
[0 1 0 0 1 0 1 1 0]
  Isomorphism mapping:
    0 → 8
    1 → 4
    2 → 0
    3 → 2
    4 → 3
    5 → 1
    6 → 6
    7 → 5
    8 → 7

   Switch to Tournament 31 using subset [0, 2, 6, 8]:
[0 1 1 1 0 1 0 1 0]
[0 0 1 0 0 1 0 0 1]
[0 0 0 1 1 0 1 1 0]
[0 1 0 0 0 0 1 1 1]
[1 1 0 1 0 0 1 1 0]
[0 0 1 1 1 0 1 0 0]
[1 1 0 0 0 0 0 1 1]
[0 1 0 0 0 1 0 0 1]
[1 0 1 0 1 1 0 0 0]
  Isomorphism mapping:
    0 → 8
    1 → 1
    2 → 6
    3 → 4
    4 → 5
    5 → 7
    6 → 3
    7 → 2
    8 → 0

   Switch to Tournament 32 using subset [5, 7, 8]:
[0 0 1 0 1 1 0 1 1]
[1 0 0 0 0 0 1 1 1]
[0 1 0 0 0 0 1 1 1]
[1 1 1 0 0 1 0 0 1]
[0 1 1 1 0 1 0 0 0]
[0 1 1 0 0 0 1 0 1]
[1 0 0 1 1 0 0 1 0]
[0 0 0 1 1 1 0 0 0]
[0 0 0 0 1 0 1 1 0]
  Isomorphism mapping:
    0 → 8
    1 → 3
    2 → 4
    3 → 6
    4 → 7
    5 → 5
    6 → 1
    7 → 0
    8 → 2

   Switch to Tournament 33 using subset [0, 2, 5, 8]:
[0 1 1 1 0 0 1 1 0]
[0 0 1 0 0 0 1 0 1]
[0 0 0 1 1 1 0 1 0]
[0 1 0 0 0 1 0 1 1]
[1 1 0 1 0 1 0 1 0]
[1 1 0 0 0 0 1 1 1]
[0 0 1 1 1 0 0 0 0]
[0 1 0 0 0 0 1 0 1]
[1 0 1 0 1 0 1 0 0]
  Isomorphism mapping:
    0 → 8
    1 → 2
    2 → 7
    3 → 5
    4 → 6
    5 → 4
    6 → 0
    7 → 3
    8 → 1

   Switch to Tournament 34 using subset [0, 2, 3, 6]:
[0 1 1 0 0 1 0 1 1]
[0 0 1 1 0 1 0 0 0]
[0 0 0 0 1 0 1 1 1]
[1 0 1 0 1 1 0 0 1]
[1 1 0 0 0 0 1 1 1]
[0 0 1 0 1 0 1 0 1]
[1 1 0 1 0 0 0 1 0]
[0 1 0 1 0 1 0 0 0]
[0 1 0 0 0 0 1 1 0]
  Isomorphism mapping:
    0 → 8
    1 → 0
    2 → 5
    3 → 7
    4 → 4
    5 → 6
    6 → 2
    7 → 1
    8 → 3

   Switch to Tournament 35 using subset [1, 4, 5, 6]:
[0 1 1 0 0 1 1 0 0]
[0 0 1 1 0 1 1 1 1]
[0 0 0 0 1 0 0 0 0]
[1 0 1 0 1 1 1 1 0]
[1 1 0 0 0 0 0 0 0]
[0 0 1 0 1 0 0 1 0]
[0 0 1 0 1 1 0 1 0]
[1 0 1 0 1 0 0 0 0]
[1 0 1 1 1 1 1 1 0]
  Isomorphism mapping:
    0 → 6
    1 → 5
    2 → 1
    3 → 7
    4 → 0
    5 → 3
    6 → 4
    7 → 2
    8 → 8

   Switch to Tournament 36 using subset [1, 7]:
[0 1 1 0 1 0 0 1 0]
[0 0 1 1 1 0 0 0 1]
[0 0 0 0 0 1 1 1 0]
[1 0 1 0 0 0 0 0 0]
[0 0 1 1 0 0 0 0 1]
[1 1 0 1 1 0 0 1 1]
[1 1 0 1 1 1 0 1 1]
[0 1 0 1 1 0 0 0 1]
[1 0 1 1 0 0 0 0 0]
  Isomorphism mapping:
    0 → 6
    1 → 4
    2 → 0
    3 → 1
    4 → 3
    5 → 7
    6 → 8
    7 → 5
    8 → 2

   Switch to Tournament 37 using subset [1, 3, 4, 8]:
[0 1 1 1 0 0 0 0 1]
[0 0 1 0 0 0 0 1 0]
[0 0 0 1 1 1 1 0 1]
[0 1 0 0 0 1 1 0 0]
[1 1 0 1 0 1 1 0 1]
[1 1 0 0 0 0 0 0 0]
[1 1 0 0 0 1 0 0 0]
[1 0 1 1 1 1 1 0 1]
[0 1 0 1 0 1 1 0 0]
  Isomorphism mapping:
    0 → 6
    1 → 0
    2 → 5
    3 → 3
    4 → 7
    5 → 1
    6 → 2
    7 → 8
    8 → 4

   Switch to Tournament 38 using subset [2, 5, 6, 8]:
[0 0 0 0 1 1 1 0 1]
[1 0 1 0 0 0 0 0 1]
[1 0 0 1 1 1 1 1 0]
[1 1 0 0 0 1 1 1 1]
[0 1 0 1 0 1 1 1 0]
[0 1 0 0 0 0 0 1 1]
[0 1 0 0 0 1 0 1 1]
[1 1 0 0 0 0 0 0 1]
[0 0 1 0 1 0 0 0 0]
  Isomorphism mapping:
    0 → 6
    1 → 1
    2 → 7
    3 → 8
    4 → 5
    5 → 3
    6 → 4
    7 → 2
    8 → 0

   Switch to Tournament 39 using subset [4]:
[0 0 1 0 0 0 0 0 0]
[1 0 0 0 1 1 1 0 0]
[0 1 0 0 1 1 1 0 0]
[1 1 1 0 1 0 0 1 0]
[1 0 0 0 0 1 1 0 0]
[1 0 0 1 0 0 0 0 1]
[1 0 0 1 0 1 0 0 1]
[1 1 1 0 1 1 1 0 0]
[1 1 1 1 1 0 0 1 0]
  Isomorphism mapping:
    0 → 0
    1 → 4
    2 → 5
    3 → 6
    4 → 3
    5 → 1
    6 → 2
    7 → 8
    8 → 7

   Switch to Tournament 40 using subset [1, 2, 7, 8]:
[0 1 0 0 1 0 0 1 1]
[0 0 0 1 1 0 0 0 0]
[1 1 0 1 1 0 0 0 0]
[1 0 0 0 0 0 0 0 1]
[0 0 0 1 0 0 0 0 0]
[1 1 1 1 1 0 0 1 0]
[1 1 1 1 1 1 0 1 0]
[0 1 1 1 1 0 0 0 0]
[0 1 1 0 1 1 1 1 0]
  Isomorphism mapping:
    0 → 6
    1 → 2
    2 → 3
    3 → 0
    4 → 1
    5 → 7
    6 → 8
    7 → 4
    8 → 5

   Switch to Tournament 41 using subset [0, 5, 8]:
[0 1 0 1 0 0 1 1 0]
[0 0 0 0 0 0 1 0 1]
[1 1 0 0 0 0 1 0 1]
[0 1 1 0 0 1 0 1 1]
[1 1 1 1 0 1 0 1 0]
[1 1 1 0 0 0 1 1 1]
[0 0 0 1 1 0 0 0 0]
[0 1 1 0 0 0 1 0 1]
[1 0 0 0 1 0 1 0 0]
  Isomorphism mapping:
    0 → 6
    1 → 2
    2 → 3
    3 → 5
    4 → 7
    5 → 8
    6 → 0
    7 → 4
    8 → 1

   Switch to Tournament 42 using subset [2, 3, 6, 7]:
[0 0 0 1 1 0 1 1 0]
[1 0 1 1 0 1 0 1 0]
[1 0 0 0 1 0 1 0 1]
[0 0 1 0 1 1 0 1 1]
[0 1 0 0 0 0 1 0 1]
[1 0 1 0 1 0 1 1 1]
[0 1 0 1 0 0 0 0 0]
[0 0 1 0 1 0 1 0 1]
[1 1 0 0 0 0 1 0 0]
  Isomorphism mapping:
    0 → 6
    1 → 7
    2 → 3
    3 → 5
    4 → 2
    5 → 8
    6 → 0
    7 → 4
    8 → 1

   Switch to Tournament 43 using subset [2, 3, 5, 7]:
[0 0 0 1 1 1 0 1 0]
[1 0 1 1 0 0 1 1 0]
[1 0 0 0 1 1 0 0 1]
[0 0 1 0 1 0 1 1 1]
[0 1 0 0 0 1 0 0 1]
[0 1 0 1 0 0 1 0 0]
[1 0 1 0 1 0 0 1 1]
[0 0 1 0 1 1 0 0 1]
[1 1 0 0 0 1 0 0 0]
  Isomorphism mapping:
    0 → 6
    1 → 7
    2 → 3
    3 → 5
    4 → 2
    5 → 0
    6 → 8
    7 → 4
    8 → 1

   Switch to Tournament 44 using subset [3, 4, 5, 7]:
[0 0 1 1 0 1 0 1 0]
[1 0 0 1 1 0 1 1 0]
[0 1 0 1 1 0 1 1 0]
[0 0 0 0 0 0 1 1 1]
[1 0 0 1 0 0 1 1 0]
[0 1 1 1 1 0 1 0 0]
[1 0 0 0 0 0 0 1 1]
[0 0 0 0 0 1 0 0 1]
[1 1 1 0 1 1 0 0 0]
  Isomorphism mapping:
    0 → 6
    1 → 8
    2 → 4
    3 → 2
    4 → 3
    5 → 5
    6 → 1
    7 → 0
    8 → 7

   Switch to Tournament 45 using subset [0, 5, 6, 7]:
[0 1 0 1 0 0 0 0 1]
[0 0 0 0 0 0 0 1 0]
[1 1 0 0 0 0 0 1 0]
[0 1 1 0 0 1 1 0 0]
[1 1 1 1 0 1 1 0 1]
[1 1 1 0 0 0 0 0 0]
[1 1 1 0 0 1 0 0 0]
[1 0 0 1 1 1 1 0 1]
[0 1 1 1 0 1 1 0 0]
  Isomorphism mapping:
    0 → 1
    1 → 0
    2 → 2
    3 → 5
    4 → 8
    5 → 3
    6 → 4
    7 → 7
    8 → 6

   Switch to Tournament 46 using subset [1]:
[0 1 1 0 1 0 0 0 0]
[0 0 1 1 1 0 0 1 1]
[0 0 0 0 0 1 1 0 0]
[1 0 1 0 0 0 0 1 0]
[0 0 1 1 0 0 0 1 1]
[1 1 0 1 1 0 0 0 1]
[1 1 0 1 1 1 0 0 1]
[1 0 1 0 0 1 1 0 0]
[1 0 1 1 0 0 0 1 0]
  Isomorphism mapping:
    0 → 1
    1 → 6
    2 → 0
    3 → 3
    4 → 5
    5 → 7
    6 → 8
    7 → 2
    8 → 4

   Switch to Tournament 47 using subset [2, 3, 8]:
[0 0 0 1 1 0 0 0 1]
[1 0 1 1 0 1 1 0 1]
[1 0 0 0 1 0 0 1 0]
[0 0 1 0 1 1 1 0 0]
[0 1 0 0 0 0 0 1 0]
[1 0 1 0 1 0 0 0 0]
[1 0 1 0 1 1 0 0 0]
[1 1 0 1 0 1 1 0 1]
[0 0 1 1 1 1 1 0 0]
  Isomorphism mapping:
    0 → 1
    1 → 8
    2 → 2
    3 → 5
    4 → 0
    5 → 3
    6 → 4
    7 → 7
    8 → 6

   Switch to Tournament 48 using subset [4, 5, 7]:
[0 0 1 0 0 1 0 1 0]
[1 0 0 0 1 0 1 1 0]
[0 1 0 0 1 0 1 1 0]
[1 1 1 0 1 1 0 0 0]
[1 0 0 0 0 0 1 1 0]
[0 1 1 0 1 0 1 0 0]
[1 0 0 1 0 0 0 1 1]
[0 0 0 1 0 1 0 0 1]
[1 1 1 1 1 1 0 0 0]
  Isomorphism mapping:
    0 → 1
    1 → 4
    2 → 5
    3 → 7
    4 → 3
    5 → 6
    6 → 2
    7 → 0
    8 → 8

   Switch to Tournament 49 using subset [2, 4, 5]:
[0 0 0 0 0 1 0 0 0]
[1 0 1 0 1 0 1 0 0]
[1 0 0 1 0 1 0 1 1]
[1 1 0 0 1 1 0 1 0]
[1 0 1 0 0 0 1 0 0]
[0 1 0 0 1 0 1 1 0]
[1 0 1 1 0 0 0 0 1]
[1 1 0 0 1 0 1 0 0]
[1 1 0 1 1 1 0 1 0]
  Isomorphism mapping:
    0 → 0
    1 → 4
    2 → 1
    3 → 7
    4 → 3
    5 → 6
    6 → 2
    7 → 5
    8 → 8

   Switch to Tournament 50 using subset [2, 4]:
[0 0 0 0 0 0 0 0 0]
[1 0 1 0 1 1 1 0 0]
[1 0 0 1 0 0 0 1 1]
[1 1 0 0 1 0 0 1 0]
[1 0 1 0 0 1 1 0 0]
[1 0 1 1 0 0 0 0 1]
[1 0 1 1 0 1 0 0 1]
[1 1 0 0 1 1 1 0 0]
[1 1 0 1 1 0 0 1 0]
  Isomorphism mapping:
    0 → 0
    1 → 8
    2 → 5
    3 → 3
    4 → 1
    5 → 6
    6 → 7
    7 → 2
    8 → 4

   Switch to Tournament 51 using subset [0, 1, 2, 7]:
[0 0 1 1 0 1 1 0 1]
[1 0 0 1 1 0 0 0 1]
[0 1 0 1 1 0 0 0 1]
[0 0 0 0 0 0 0 0 0]
[1 0 0 1 0 0 0 0 1]
[0 1 1 1 1 0 0 1 1]
[0 1 1 1 1 1 0 1 1]
[1 1 1 1 1 0 0 0 1]
[0 0 0 1 0 0 0 0 0]
  Isomorphism mapping:
    0 → 2
    1 → 4
    2 → 5
    3 → 0
    4 → 3
    5 → 7
    6 → 8
    7 → 6
    8 → 1

   Switch to Tournament 52 using subset [0, 3, 4, 8]:
[0 1 0 0 1 1 1 1 0]
[0 0 0 1 1 1 1 0 1]
[1 1 0 1 1 1 1 0 1]
[1 0 0 0 0 1 1 0 0]
[0 0 0 1 0 1 1 0 1]
[0 0 0 0 0 0 0 0 0]
[0 0 0 0 0 1 0 0 0]
[0 1 1 1 1 1 1 0 1]
[1 0 0 1 0 1 1 0 0]
  Isomorphism mapping:
    0 → 2
    1 → 6
    2 → 8
    3 → 3
    4 → 5
    5 → 0
    6 → 1
    7 → 7
    8 → 4

   Switch to Tournament 53 using subset [4, 5]:
[0 0 1 0 0 1 0 0 0]
[1 0 0 0 1 0 1 0 0]
[0 1 0 0 1 0 1 0 0]
[1 1 1 0 1 1 0 1 0]
[1 0 0 0 0 0 1 0 0]
[0 1 1 0 1 0 1 1 0]
[1 0 0 1 0 0 0 0 1]
[1 1 1 0 1 0 1 0 0]
[1 1 1 1 1 1 0 1 0]
  Isomorphism mapping:
    0 → 0
    1 → 3
    2 → 4
    3 → 7
    4 → 2
    5 → 6
    6 → 1
    7 → 5
    8 → 8

   Switch to Tournament 54 using subset [1, 2]:
[0 1 0 0 1 0 0 0 0]
[0 0 0 1 1 0 0 1 1]
[1 1 0 1 1 0 0 1 1]
[1 0 0 0 0 0 0 1 0]
[0 0 0 1 0 0 0 1 1]
[1 1 1 1 1 0 0 0 1]
[1 1 1 1 1 1 0 0 1]
[1 0 0 0 0 1 1 0 0]
[1 0 0 1 0 0 0 1 0]
  Isomorphism mapping:
    0 → 0
    1 → 5
    2 → 6
    3 → 2
    4 → 4
    5 → 7
    6 → 8
    7 → 1
    8 → 3

   Switch to Tournament 55 using subset [2, 3, 4, 8]:
[0 0 0 1 0 0 0 0 1]
[1 0 1 1 1 1 1 0 1]
[1 0 0 0 0 0 0 1 0]
[0 0 1 0 0 1 1 0 0]
[1 0 1 1 0 1 1 0 1]
[1 0 1 0 0 0 0 0 0]
[1 0 1 0 0 1 0 0 0]
[1 1 0 1 1 1 1 0 1]
[0 0 1 1 0 1 1 0 0]
  Isomorphism mapping:
    0 → 0
    1 → 8
    2 → 1
    3 → 4
    4 → 6
    5 → 2
    6 → 3
    7 → 7
    8 → 5

   Switch to Tournament 56 using subset [0, 3, 4]:
[0 1 0 0 1 1 1 1 1]
[0 0 0 1 1 1 1 0 0]
[1 1 0 1 1 1 1 0 0]
[1 0 0 0 0 1 1 0 1]
[0 0 0 1 0 1 1 0 0]
[0 0 0 0 0 0 0 0 1]
[0 0 0 0 0 1 0 0 1]
[0 1 1 1 1 1 1 0 0]
[0 1 1 0 1 0 0 1 0]
  Isomorphism mapping:
    0 → 8
    1 → 5
    2 → 6
    3 → 3
    4 → 4
    5 → 1
    6 → 2
    7 → 7
    8 → 0

   Switch to Tournament 57 using subset [0, 2, 4, 8]:
[0 1 1 1 1 1 1 1 0]
[0 0 1 0 1 1 1 0 1]
[0 0 0 1 0 0 0 1 0]
[0 1 0 0 1 0 0 1 1]
[0 0 1 0 0 1 1 0 1]
[0 0 1 1 0 0 0 0 0]
[0 0 1 1 0 1 0 0 0]
[0 1 0 0 1 1 1 0 1]
[1 0 1 0 0 1 1 0 0]
  Isomorphism mapping:
    0 → 8
    1 → 6
    2 → 1
    3 → 0
    4 → 5
    5 → 2
    6 → 3
    7 → 7
    8 → 4

   Switch to Tournament 58 using subset [5, 6, 7, 8]:
[0 0 1 0 1 1 1 1 1]
[1 0 0 0 0 0 0 1 1]
[0 1 0 0 0 0 0 1 1]
[1 1 1 0 0 1 1 0 1]
[0 1 1 1 0 1 1 0 0]
[0 1 1 0 0 0 0 0 1]
[0 1 1 0 0 1 0 0 1]
[0 0 0 1 1 1 1 0 0]
[0 0 0 0 1 0 0 1 0]
  Isomorphism mapping:
    0 → 8
    1 → 2
    2 → 3
    3 → 6
    4 → 7
    5 → 4
    6 → 5
    7 → 0
    8 → 1

   Switch to Tournament 59 using subset [0, 2, 5]:
[0 1 1 1 0 0 1 1 1]
[0 0 1 0 0 0 1 0 0]
[0 0 0 1 1 1 0 1 1]
[0 1 0 0 0 1 0 1 0]
[1 1 0 1 0 1 0 1 1]
[1 1 0 0 0 0 1 1 0]
[0 0 1 1 1 0 0 0 1]
[0 1 0 0 0 0 1 0 0]
[0 1 0 1 0 1 0 1 0]
  Isomorphism mapping:
    0 → 8
    1 → 1
    2 → 7
    3 → 4
    4 → 6
    5 → 3
    6 → 0
    7 → 2
    8 → 5

   Switch to Tournament 60 using subset [0, 4, 7, 8]:
[0 1 0 1 1 1 1 0 0]
[0 0 0 0 1 1 1 1 1]
[1 1 0 0 1 1 1 1 1]
[0 1 1 0 1 0 0 0 1]
[0 0 0 0 0 1 1 1 1]
[0 0 0 1 0 0 0 1 0]
[0 0 0 1 0 1 0 1 0]
[1 0 0 1 0 0 0 0 0]
[1 0 0 0 0 1 1 1 0]
  Isomorphism mapping:
    0 → 7
    1 → 6
    2 → 8
    3 → 0
    4 → 5
    5 → 2
    6 → 3
    7 → 1
    8 → 4

   Switch to Tournament 61 using subset [3, 5, 8]:
[0 0 1 1 1 1 0 0 1]
[1 0 0 1 0 0 1 0 1]
[0 1 0 1 0 0 1 0 1]
[0 0 0 0 1 0 1 0 0]
[0 1 1 0 0 1 0 1 0]
[0 1 1 1 0 0 1 1 1]
[1 0 0 0 1 0 0 0 0]
[1 1 1 1 0 0 1 0 1]
[0 0 0 1 1 0 1 0 0]
  Isomorphism mapping:
    0 → 7
    1 → 4
    2 → 5
    3 → 2
    4 → 0
    5 → 6
    6 → 1
    7 → 8
    8 → 3

   Switch to Tournament 62 using subset [0, 6]:
[0 1 0 1 0 1 0 1 1]
[0 0 0 0 0 1 0 0 0]
[1 1 0 0 0 1 0 0 0]
[0 1 1 0 0 0 1 1 0]
[1 1 1 1 0 0 1 1 1]
[0 0 0 1 1 0 1 0 1]
[1 1 1 0 0 0 0 1 0]
[0 1 1 0 0 1 0 0 0]
[0 1 1 1 0 0 1 1 0]
  Isomorphism mapping:
    0 → 7
    1 → 1
    2 → 2
    3 → 5
    4 → 8
    5 → 0
    6 → 4
    7 → 3
    8 → 6

   Switch to Tournament 63 using subset [0, 1, 4, 6]:
[0 0 0 1 1 1 0 1 1]
[1 0 1 1 0 0 1 1 1]
[1 0 0 0 1 1 0 0 0]
[0 0 1 0 1 0 1 1 0]
[0 1 0 0 0 1 0 0 0]
[0 1 0 1 0 0 1 0 1]
[1 0 1 0 1 0 0 1 0]
[0 0 1 0 1 1 0 0 0]
[0 0 1 1 1 0 1 1 0]
  Isomorphism mapping:
    0 → 7
    1 → 8
    2 → 2
    3 → 5
    4 → 1
    5 → 0
    6 → 4
    7 → 3
    8 → 6

   Switch to Tournament 64 using subset [0, 1, 2, 4]:
[0 0 1 1 1 1 1 1 1]
[1 0 0 1 0 0 0 1 1]
[0 1 0 1 0 0 0 1 1]
[0 0 0 0 1 0 0 1 0]
[0 1 1 0 0 1 1 0 0]
[0 1 1 1 0 0 0 0 1]
[0 1 1 1 0 1 0 0 1]
[0 0 0 0 1 1 1 0 0]
[0 0 0 1 1 0 0 1 0]
  Isomorphism mapping:
    0 → 8
    1 → 4
    2 → 5
    3 → 2
    4 → 0
    5 → 6
    6 → 7
    7 → 1
    8 → 3

   Switch to Tournament 65 using subset [0, 2, 4, 5]:
[0 1 1 1 1 0 1 1 1]
[0 0 1 0 1 0 1 0 0]
[0 0 0 1 0 1 0 1 1]
[0 1 0 0 1 1 0 1 0]
[0 0 1 0 0 0 1 0 0]
[1 1 0 0 1 0 1 1 0]
[0 0 1 1 0 0 0 0 1]
[0 1 0 0 1 0 1 0 0]
[0 1 0 1 1 1 0 1 0]
  Isomorphism mapping:
    0 → 8
    1 → 3
    2 → 0
    3 → 6
    4 → 2
    5 → 5
    6 → 1
    7 → 4
    8 → 7

   Switch to Tournament 66 using subset [3, 5, 6, 7]:
[0 0 1 1 1 1 1 1 0]
[1 0 0 1 0 0 0 1 0]
[0 1 0 1 0 0 0 1 0]
[0 0 0 0 1 0 0 1 1]
[0 1 1 0 0 1 1 0 1]
[0 1 1 1 0 0 0 0 0]
[0 1 1 1 0 1 0 0 0]
[0 0 0 0 1 1 1 0 1]
[1 1 1 0 0 1 1 0 0]
  Isomorphism mapping:
    0 → 8
    1 → 2
    2 → 3
    3 → 1
    4 → 7
    5 → 4
    6 → 5
    7 → 0
    8 → 6

   Switch to Tournament 67 using subset [3, 6, 7, 8]:
[0 0 1 1 1 0 1 1 1]
[1 0 0 1 0 1 0 1 1]
[0 1 0 1 0 1 0 1 1]
[0 0 0 0 1 1 0 1 0]
[0 1 1 0 0 0 1 0 0]
[1 0 0 0 1 0 1 1 0]
[0 1 1 1 0 0 0 0 1]
[0 0 0 0 1 0 1 0 0]
[0 0 0 1 1 1 0 1 0]
  Isomorphism mapping:
    0 → 8
    1 → 6
    2 → 7
    3 → 4
    4 → 1
    5 → 3
    6 → 0
    7 → 2
    8 → 5

   Switch to Tournament 68 using subset [1, 6, 7, 8]:
[0 1 1 0 1 0 1 1 1]
[0 0 1 1 1 0 1 0 0]
[0 0 0 0 0 1 0 1 1]
[1 0 1 0 0 0 1 0 1]
[0 0 1 1 0 0 1 0 0]
[1 1 0 1 1 0 1 1 0]
[0 0 1 0 0 0 0 0 1]
[0 1 0 1 1 0 1 0 0]
[0 1 0 0 1 1 0 1 0]
  Isomorphism mapping:
    0 → 8
    1 → 5
    2 → 1
    3 → 3
    4 → 4
    5 → 7
    6 → 2
    7 → 6
    8 → 0

   Switch to Tournament 69 using subset [1, 6, 8]:
[0 1 1 0 1 0 1 0 1]
[0 0 1 1 1 0 1 1 0]
[0 0 0 0 0 1 0 0 1]
[1 0 1 0 0 0 1 1 1]
[0 0 1 1 0 0 1 1 0]
[1 1 0 1 1 0 1 0 0]
[0 0 1 0 0 0 0 1 1]
[1 0 1 0 0 1 0 0 1]
[0 1 0 0 1 1 0 0 0]
  Isomorphism mapping:
    0 → 8
    1 → 7
    2 → 2
    3 → 5
    4 → 6
    5 → 0
    6 → 4
    7 → 3
    8 → 1

   Switch to Tournament 70 using subset [0, 1, 4, 8]:
[0 0 0 1 1 1 1 1 0]
[1 0 1 1 0 0 0 1 0]
[1 0 0 0 1 1 1 0 1]
[0 0 1 0 1 0 0 1 1]
[0 1 0 0 0 1 1 0 1]
[0 1 0 1 0 0 0 0 0]
[0 1 0 1 0 1 0 0 0]
[0 0 1 0 1 1 1 0 1]
[1 1 0 0 0 1 1 0 0]
  Isomorphism mapping:
    0 → 8
    1 → 1
    2 → 6
    3 → 0
    4 → 5
    5 → 2
    6 → 3
    7 → 7
    8 → 4

   Switch to Tournament 71 using subset [3, 6, 8]:
[0 0 1 1 1 0 1 0 1]
[1 0 0 1 0 1 0 0 1]
[0 1 0 1 0 1 0 0 1]
[0 0 0 0 1 1 0 0 0]
[0 1 1 0 0 0 1 1 0]
[1 0 0 0 1 0 1 0 0]
[0 1 1 1 0 0 0 1 1]
[1 1 1 1 0 1 0 0 1]
[0 0 0 1 1 1 0 0 0]
  Isomorphism mapping:
    0 → 7
    1 → 4
    2 → 5
    3 → 2
    4 → 0
    5 → 1
    6 → 6
    7 → 8
    8 → 3

   Switch to Tournament 72 using subset [4, 6, 7]:
[0 0 1 0 0 0 1 1 0]
[1 0 0 0 1 1 0 1 0]
[0 1 0 0 1 1 0 1 0]
[1 1 1 0 1 0 1 0 0]
[1 0 0 0 0 1 0 1 0]
[1 0 0 1 0 0 1 1 1]
[0 1 1 0 1 0 0 0 0]
[0 0 0 1 0 0 1 0 1]
[1 1 1 1 1 0 1 0 0]
  Isomorphism mapping:
    0 → 2
    1 → 5
    2 → 6
    3 → 7
    4 → 4
    5 → 3
    6 → 0
    7 → 1
    8 → 8

   Switch to Tournament 73 using subset [2, 4, 6]:
[0 0 0 0 0 0 1 0 0]
[1 0 1 0 1 1 0 0 0]
[1 0 0 1 0 0 1 1 1]
[1 1 0 0 1 0 1 1 0]
[1 0 1 0 0 1 0 0 0]
[1 0 1 1 0 0 1 0 1]
[0 1 0 0 1 0 0 1 0]
[1 1 0 0 1 1 0 0 0]
[1 1 0 1 1 0 1 1 0]
  Isomorphism mapping:
    0 → 1
    1 → 5
    2 → 2
    3 → 7
    4 → 4
    5 → 3
    6 → 0
    7 → 6
    8 → 8

   Switch to Tournament 74 using subset [4, 5, 6, 7]:
[0 0 1 0 0 1 1 1 0]
[1 0 0 0 1 0 0 1 0]
[0 1 0 0 1 0 0 1 0]
[1 1 1 0 1 1 1 0 0]
[1 0 0 0 0 0 0 1 0]
[0 1 1 0 1 0 0 0 0]
[0 1 1 0 1 1 0 0 0]
[0 0 0 1 0 1 1 0 1]
[1 1 1 1 1 1 1 0 0]
  Isomorphism mapping:
    0 → 6
    1 → 2
    2 → 3
    3 → 7
    4 → 1
    5 → 4
    6 → 5
    7 → 0
    8 → 8

   Switch to Tournament 75 using subset [2, 4, 5, 6]:
[0 0 0 0 0 1 1 0 0]
[1 0 1 0 1 0 0 0 0]
[1 0 0 1 0 1 1 1 1]
[1 1 0 0 1 1 1 1 0]
[1 0 1 0 0 0 0 0 0]
[0 1 0 0 1 0 0 1 0]
[0 1 0 0 1 1 0 1 0]
[1 1 0 0 1 0 0 0 0]
[1 1 0 1 1 1 1 1 0]
  Isomorphism mapping:
    0 → 0
    1 → 2
    2 → 6
    3 → 7
    4 → 1
    5 → 4
    6 → 5
    7 → 3
    8 → 8

   Switch to Tournament 76 using subset [0, 1, 8]:
[0 0 0 1 0 1 1 1 0]
[1 0 1 1 1 0 0 1 0]
[1 0 0 0 0 1 1 0 1]
[0 0 1 0 0 0 0 1 1]
[1 0 1 1 0 0 0 1 0]
[0 1 0 1 1 0 0 0 0]
[0 1 0 1 1 1 0 0 0]
[0 0 1 0 0 1 1 0 1]
[1 1 0 0 1 1 1 0 0]
  Isomorphism mapping:
    0 → 3
    1 → 8
    2 → 5
    3 → 0
    4 → 7
    5 → 1
    6 → 2
    7 → 6
    8 → 4

   Switch to Tournament 77 using subset [0, 1, 4, 7]:
[0 0 0 1 1 1 1 0 1]
[1 0 1 1 0 0 0 0 1]
[1 0 0 0 1 1 1 1 0]
[0 0 1 0 1 0 0 0 0]
[0 1 0 0 0 1 1 1 0]
[0 1 0 1 0 0 0 1 1]
[0 1 0 1 0 1 0 1 1]
[1 1 0 1 0 0 0 0 1]
[0 0 1 1 1 0 0 0 0]
  Isomorphism mapping:
    0 → 3
    1 → 4
    2 → 7
    3 → 1
    4 → 0
    5 → 6
    6 → 8
    7 → 5
    8 → 2

   Switch to Tournament 78 using subset [3, 6]:
[0 0 1 1 1 0 1 0 0]
[1 0 0 1 0 1 0 0 0]
[0 1 0 1 0 1 0 0 0]
[0 0 0 0 1 1 0 0 1]
[0 1 1 0 0 0 1 1 1]
[1 0 0 0 1 0 1 0 1]
[0 1 1 1 0 0 0 1 0]
[1 1 1 1 0 1 0 0 0]
[1 1 1 0 0 0 1 1 0]
  Isomorphism mapping:
    0 → 6
    1 → 1
    2 → 2
    3 → 0
    4 → 5
    5 → 7
    6 → 3
    7 → 8
    8 → 4

   Switch to Tournament 79 using subset [0, 6, 7]:
[0 1 0 1 0 1 0 0 1]
[0 0 0 0 0 1 0 1 0]
[1 1 0 0 0 1 0 1 0]
[0 1 1 0 0 0 1 0 0]
[1 1 1 1 0 0 1 0 1]
[0 0 0 1 1 0 1 1 1]
[1 1 1 0 0 0 0 0 0]
[1 0 0 1 1 0 1 0 1]
[0 1 1 1 0 0 1 0 0]
  Isomorphism mapping:
    0 → 6
    1 → 0
    2 → 7
    3 → 2
    4 → 8
    5 → 5
    6 → 1
    7 → 4
    8 → 3

   Switch to Tournament 80 using subset [2, 3, 5, 8]:
[0 0 0 1 1 1 0 0 1]
[1 0 1 1 0 0 1 0 1]
[1 0 0 0 1 1 0 1 0]
[0 0 1 0 1 0 1 0 0]
[0 1 0 0 0 1 0 1 0]
[0 1 0 1 0 0 1 1 1]
[1 0 1 0 1 0 0 0 0]
[1 1 0 1 0 0 1 0 1]
[0 0 1 1 1 0 1 0 0]
  Isomorphism mapping:
    0 → 6
    1 → 8
    2 → 7
    3 → 2
    4 → 0
    5 → 5
    6 → 1
    7 → 4
    8 → 3

   Switch to Tournament 81 using subset [1, 3]:
[0 1 1 1 1 0 0 0 0]
[0 0 1 0 1 0 0 1 1]
[0 0 0 1 0 1 1 0 0]
[0 1 0 0 1 1 1 0 1]
[0 0 1 0 0 0 0 1 1]
[1 1 0 0 1 0 0 0 1]
[1 1 0 0 1 1 0 0 1]
[1 0 1 1 0 1 1 0 0]
[1 0 1 0 0 0 0 1 0]
  Isomorphism mapping:
    0 → 6
    1 → 3
    2 → 0
    3 → 5
    4 → 2
    5 → 4
    6 → 8
    7 → 7
    8 → 1

   Switch to Tournament 82 using subset [7, 8]:
[0 0 1 0 1 0 0 1 1]
[1 0 0 0 0 1 1 1 1]
[0 1 0 0 0 1 1 1 1]
[1 1 1 0 0 0 0 0 1]
[0 1 1 1 0 0 0 0 0]
[1 0 0 1 1 0 0 1 0]
[1 0 0 1 1 1 0 1 0]
[0 0 0 1 1 0 0 0 0]
[0 0 0 0 1 1 1 1 0]
  Isomorphism mapping:
    0 → 6
    1 → 4
    2 → 5
    3 → 7
    4 → 0
    5 → 2
    6 → 8
    7 → 1
    8 → 3

   Switch to Tournament 83 using subset [1, 3, 6]:
[0 1 1 1 1 0 1 0 0]
[0 0 1 0 1 0 1 1 1]
[0 0 0 1 0 1 0 0 0]
[0 1 0 0 1 1 0 0 1]
[0 0 1 0 0 0 1 1 1]
[1 1 0 0 1 0 1 0 1]
[0 0 1 1 0 0 0 1 0]
[1 0 1 1 0 1 0 0 0]
[1 0 1 0 0 0 1 1 0]
  Isomorphism mapping:
    0 → 6
    1 → 8
    2 → 1
    3 → 0
    4 → 5
    5 → 7
    6 → 3
    7 → 2
    8 → 4

   Switch to Tournament 84 using subset [1, 3, 7]:
[0 1 1 1 1 0 0 1 0]
[0 0 1 0 1 0 0 0 1]
[0 0 0 1 0 1 1 1 0]
[0 1 0 0 1 1 1 1 1]
[0 0 1 0 0 0 0 0 1]
[1 1 0 0 1 0 0 1 1]
[1 1 0 0 1 1 0 1 1]
[0 1 0 0 1 0 0 0 1]
[1 0 1 0 0 0 0 0 0]
  Isomorphism mapping:
    0 → 5
    1 → 3
    2 → 0
    3 → 7
    4 → 2
    5 → 6
    6 → 8
    7 → 4
    8 → 1

   Switch to Tournament 85 using subset [3, 4]:
[0 0 1 1 0 0 0 0 0]
[1 0 0 1 1 1 1 0 0]
[0 1 0 1 1 1 1 0 0]
[0 0 0 0 0 1 1 0 1]
[1 0 0 1 0 1 1 0 0]
[1 0 0 0 0 0 0 0 1]
[1 0 0 0 0 1 0 0 1]
[1 1 1 1 1 1 1 0 0]
[1 1 1 0 1 0 0 1 0]
  Isomorphism mapping:
    0 → 0
    1 → 6
    2 → 7
    3 → 4
    4 → 5
    5 → 2
    6 → 3
    7 → 8
    8 → 1

   Switch to Tournament 86 using subset [2, 5]:
[0 0 0 0 1 1 0 0 0]
[1 0 1 0 0 0 1 0 0]
[1 0 0 1 1 1 0 1 1]
[1 1 0 0 0 1 0 1 0]
[0 1 0 1 0 1 0 1 1]
[0 1 0 0 0 0 1 1 0]
[1 0 1 1 1 0 0 0 1]
[1 1 0 0 0 0 1 0 0]
[1 1 0 1 0 1 0 1 0]
  Isomorphism mapping:
    0 → 0
    1 → 2
    2 → 8
    3 → 5
    4 → 7
    5 → 4
    6 → 1
    7 → 3
    8 → 6

   Switch to Tournament 87 using subset [0, 3, 4, 7]:
[0 1 0 0 1 1 1 0 1]
[0 0 0 1 1 1 1 1 0]
[1 1 0 1 1 1 1 1 0]
[1 0 0 0 0 1 1 1 1]
[0 0 0 1 0 1 1 1 0]
[0 0 0 0 0 0 0 1 1]
[0 0 0 0 0 1 0 1 1]
[1 0 0 0 0 0 0 0 1]
[0 1 1 0 1 0 0 0 0]
  Isomorphism mapping:
    0 → 5
    1 → 7
    2 → 8
    3 → 6
    4 → 4
    5 → 2
    6 → 3
    7 → 1
    8 → 0

   Switch to Tournament 88 using subset [0, 2, 6, 7]:
[0 1 1 1 0 1 0 0 1]
[0 0 1 0 0 1 0 1 0]
[0 0 0 1 1 0 1 0 1]
[0 1 0 0 0 0 1 0 0]
[1 1 0 1 0 0 1 0 1]
[0 0 1 1 1 0 1 1 1]
[1 1 0 0 0 0 0 0 0]
[1 0 1 1 1 0 1 0 1]
[0 1 0 1 0 0 1 0 0]
  Isomorphism mapping:
    0 → 5
    1 → 0
    2 → 4
    3 → 2
    4 → 6
    5 → 7
    6 → 1
    7 → 8
    8 → 3

   Switch to Tournament 89 using subset [2, 7]:
[0 0 0 0 1 0 0 1 0]
[1 0 1 0 0 1 1 1 0]
[1 0 0 1 1 0 0 0 1]
[1 1 0 0 0 0 0 0 0]
[0 1 0 1 0 0 0 0 1]
[1 0 1 1 1 0 0 1 1]
[1 0 1 1 1 1 0 1 1]
[0 0 1 1 1 0 0 0 1]
[1 1 0 1 0 0 0 0 0]
  Isomorphism mapping:
    0 → 0
    1 → 1
    2 → 5
    3 → 2
    4 → 4
    5 → 7
    6 → 8
    7 → 6
    8 → 3

   Switch to Tournament 90 using subset [1, 4, 5, 7]:
[0 1 1 0 0 1 0 1 0]
[0 0 1 1 0 1 0 0 1]
[0 0 0 0 1 0 1 1 0]
[1 0 1 0 1 1 0 0 0]
[1 1 0 0 0 0 1 1 0]
[0 0 1 0 1 0 1 0 0]
[1 1 0 1 0 0 0 1 1]
[0 1 0 1 0 1 0 0 1]
[1 0 1 1 1 1 0 0 0]
  Isomorphism mapping:
    0 → 5
    1 → 3
    2 → 0
    3 → 2
    4 → 7
    5 → 1
    6 → 6
    7 → 4
    8 → 8

   Switch to Tournament 91 using subset [0, 2, 3, 8]:
[0 1 1 0 0 1 1 1 0]
[0 0 1 1 0 1 1 0 1]
[0 0 0 0 1 0 0 1 0]
[1 0 1 0 1 1 1 0 0]
[1 1 0 0 0 0 0 1 0]
[0 0 1 0 1 0 0 0 0]
[0 0 1 0 1 1 0 0 0]
[0 1 0 1 0 1 1 0 1]
[1 0 1 1 1 1 1 0 0]
  Isomorphism mapping:
    0 → 6
    1 → 4
    2 → 1
    3 → 7
    4 → 0
    5 → 2
    6 → 3
    7 → 5
    8 → 8

   Switch to Tournament 92 using subset [1, 7, 8]:
[0 1 1 0 1 0 0 1 1]
[0 0 1 1 1 0 0 0 0]
[0 0 0 0 0 1 1 1 1]
[1 0 1 0 0 0 0 0 1]
[0 0 1 1 0 0 0 0 0]
[1 1 0 1 1 0 0 1 0]
[1 1 0 1 1 1 0 1 0]
[0 1 0 1 1 0 0 0 0]
[0 1 0 0 1 1 1 1 0]
  Isomorphism mapping:
    0 → 6
    1 → 3
    2 → 0
    3 → 1
    4 → 2
    5 → 7
    6 → 8
    7 → 4
    8 → 5

   Switch to Tournament 93 using subset [0, 2, 5, 7]:
[0 1 1 1 0 0 1 0 1]
[0 0 1 0 0 0 1 1 0]
[0 0 0 1 1 1 0 0 1]
[0 1 0 0 0 1 0 0 0]
[1 1 0 1 0 1 0 0 1]
[1 1 0 0 0 0 1 0 0]
[0 0 1 1 1 0 0 1 1]
[1 0 1 1 1 1 0 0 1]
[0 1 0 1 0 1 0 0 0]
  Isomorphism mapping:
    0 → 6
    1 → 0
    2 → 4
    3 → 2
    4 → 7
    5 → 1
    6 → 5
    7 → 8
    8 → 3

   Switch to Tournament 94 using subset [0, 3, 7, 8]:
[0 1 0 0 0 1 1 0 0]
[0 0 0 1 0 1 1 1 1]
[1 1 0 1 0 1 1 1 1]
[1 0 0 0 1 1 1 1 0]
[1 1 1 0 0 0 0 0 0]
[0 0 0 0 1 0 0 1 0]
[0 0 0 0 1 1 0 1 0]
[1 0 0 0 1 0 0 0 0]
[1 0 0 1 1 1 1 1 0]
  Isomorphism mapping:
    0 → 5
    1 → 4
    2 → 8
    3 → 6
    4 → 0
    5 → 2
    6 → 3
    7 → 1
    8 → 7

   Switch to Tournament 95 using subset [4, 6]:
[0 0 1 0 0 0 1 0 0]
[1 0 0 0 1 1 0 0 0]
[0 1 0 0 1 1 0 0 0]
[1 1 1 0 1 0 1 1 0]
[1 0 0 0 0 1 0 0 0]
[1 0 0 1 0 0 1 0 1]
[0 1 1 0 1 0 0 1 0]
[1 1 1 0 1 1 0 0 0]
[1 1 1 1 1 0 1 1 0]
  Isomorphism mapping:
    0 → 0
    1 → 3
    2 → 4
    3 → 7
    4 → 2
    5 → 1
    6 → 5
    7 → 6
    8 → 8

   Switch to Tournament 96 using subset [0, 2, 4, 6]:
[0 1 1 1 1 1 0 1 1]
[0 0 1 0 1 1 0 0 0]
[0 0 0 1 0 0 1 1 1]
[0 1 0 0 1 0 1 1 0]
[0 0 1 0 0 1 0 0 0]
[0 0 1 1 0 0 1 0 1]
[1 1 0 0 1 0 0 1 0]
[0 1 0 0 1 1 0 0 0]
[0 1 0 1 1 0 1 1 0]
  Isomorphism mapping:
    0 → 8
    1 → 3
    2 → 0
    3 → 6
    4 → 2
    5 → 1
    6 → 5
    7 → 4
    8 → 7

   Switch to Tournament 97 using subset [0, 2, 3]:
[0 1 1 0 0 1 1 1 1]
[0 0 1 1 0 1 1 0 0]
[0 0 0 0 1 0 0 1 1]
[1 0 1 0 1 1 1 0 1]
[1 1 0 0 0 0 0 1 1]
[0 0 1 0 1 0 0 0 1]
[0 0 1 0 1 1 0 0 1]
[0 1 0 1 0 1 1 0 0]
[0 1 0 0 0 0 0 1 0]
  Isomorphism mapping:
    0 → 8
    1 → 0
    2 → 4
    3 → 7
    4 → 3
    5 → 5
    6 → 6
    7 → 1
    8 → 2

   Switch to Tournament 98 using subset [0, 4, 5, 7]:
[0 1 0 1 1 0 1 0 1]
[0 0 0 0 1 0 1 1 0]
[1 1 0 0 1 0 1 1 0]
[0 1 1 0 1 1 0 0 0]
[0 0 0 0 0 0 1 1 0]
[1 1 1 0 1 0 1 0 0]
[0 0 0 1 0 0 0 1 1]
[1 0 0 1 0 1 0 0 1]
[0 1 1 1 1 1 0 0 0]
  Isomorphism mapping:
    0 → 7
    1 → 3
    2 → 8
    3 → 5
    4 → 2
    5 → 4
    6 → 1
    7 → 0
    8 → 6

   Switch to Tournament 99 using subset [1, 2, 4, 5]:
[0 1 0 0 0 1 0 0 0]
[0 0 0 1 0 1 0 1 1]
[1 1 0 1 0 1 0 1 1]
[1 0 0 0 1 1 0 1 0]
[1 1 1 0 0 0 1 0 0]
[0 0 0 0 1 0 1 1 0]
[1 1 1 1 0 0 0 0 1]
[1 0 0 0 1 0 1 0 0]
[1 0 0 1 1 1 0 1 0]
  Isomorphism mapping:
    0 → 1
    1 → 0
    2 → 8
    3 → 6
    4 → 3
    5 → 5
    6 → 2
    7 → 4
    8 → 7

   Switch to Tournament 100 using subset [6, 8]:
[0 0 1 0 1 0 1 0 1]
[1 0 0 0 0 1 0 0 1]
[0 1 0 0 0 1 0 0 1]
[1 1 1 0 0 0 1 1 1]
[0 1 1 1 0 0 1 1 0]
[1 0 0 1 1 0 1 0 0]
[0 1 1 0 0 0 0 1 1]
[1 1 1 0 0 1 0 0 1]
[0 0 0 0 1 1 0 0 0]
  Isomorphism mapping:
    0 → 6
    1 → 2
    2 → 3
    3 → 8
    4 → 5
    5 → 0
    6 → 4
    7 → 7
    8 → 1

   Switch to Tournament 101 using subset [1, 4, 6]:
[0 1 1 0 0 0 1 0 0]
[0 0 1 1 0 0 1 1 1]
[0 0 0 0 1 1 0 0 0]
[1 0 1 0 1 0 1 1 0]
[1 1 0 0 0 1 0 0 0]
[1 1 0 1 0 0 1 0 1]
[0 0 1 0 1 0 0 1 0]
[1 0 1 0 1 1 0 0 0]
[1 0 1 1 1 0 1 1 0]
  Isomorphism mapping:
    0 → 3
    1 → 2
    2 → 0
    3 → 7
    4 → 5
    5 → 4
    6 → 1
    7 → 6
    8 → 8

   Switch to Tournament 102 using subset [0, 1, 3, 5]:
[0 0 0 0 0 0 1 1 1]
[1 0 1 0 1 1 0 1 1]
[1 0 0 1 0 0 1 0 0]
[1 1 0 0 1 0 1 0 1]
[1 0 1 0 0 1 0 1 1]
[1 0 1 1 0 0 1 1 0]
[0 1 0 0 1 0 0 0 1]
[0 0 1 1 0 0 1 0 0]
[0 0 1 0 0 1 0 1 0]
  Isomorphism mapping:
    0 → 2
    1 → 8
    2 → 4
    3 → 3
    4 → 7
    5 → 6
    6 → 1
    7 → 5
    8 → 0

   Switch to Tournament 103 using subset [0, 3, 5, 6]:
[0 1 0 0 0 0 0 1 1]
[0 0 0 1 0 0 0 0 0]
[1 1 0 1 0 0 0 0 0]
[1 0 0 0 1 0 0 0 1]
[1 1 1 0 0 1 1 1 1]
[1 1 1 1 0 0 0 1 0]
[1 1 1 1 0 1 0 1 0]
[0 1 1 1 0 0 0 0 0]
[0 1 1 0 0 1 1 1 0]
  Isomorphism mapping:
    0 → 5
    1 → 1
    2 → 2
    3 → 0
    4 → 8
    5 → 6
    6 → 7
    7 → 3
    8 → 4

   Switch to Tournament 104 using subset [2, 7, 8]:
[0 0 0 0 1 0 0 1 1]
[1 0 1 0 0 1 1 1 1]
[1 0 0 1 1 0 0 0 0]
[1 1 0 0 0 0 0 0 1]
[0 1 0 1 0 0 0 0 0]
[1 0 1 1 1 0 0 1 0]
[1 0 1 1 1 1 0 1 0]
[0 0 1 1 1 0 0 0 0]
[0 0 1 0 1 1 1 1 0]
  Isomorphism mapping:
    0 → 5
    1 → 7
    2 → 2
    3 → 0
    4 → 1
    5 → 6
    6 → 8
    7 → 3
    8 → 4

   Switch to Tournament 105 using subset [0, 1, 3, 6]:
[0 0 0 0 0 1 0 1 1]
[1 0 1 0 1 0 1 1 1]
[1 0 0 1 0 1 0 0 0]
[1 1 0 0 1 1 0 0 1]
[1 0 1 0 0 0 1 1 1]
[0 1 0 0 1 0 1 0 1]
[1 0 1 1 0 0 0 1 0]
[0 0 1 1 0 1 0 0 0]
[0 0 1 0 0 0 1 1 0]
  Isomorphism mapping:
    0 → 2
    1 → 8
    2 → 4
    3 → 3
    4 → 7
    5 → 1
    6 → 6
    7 → 5
    8 → 0

   Switch to Tournament 106 using subset [1, 5, 6]:
[0 1 1 0 1 1 1 0 0]
[0 0 1 1 1 1 1 1 1]
[0 0 0 0 0 0 0 0 0]
[1 0 1 0 0 1 1 1 0]
[0 0 1 1 0 1 1 1 1]
[0 0 1 0 0 0 0 1 0]
[0 0 1 0 0 1 0 1 0]
[1 0 1 0 0 0 0 0 0]
[1 0 1 1 0 1 1 1 0]
  Isomorphism mapping:
    0 → 4
    1 → 8
    2 → 0
    3 → 5
    4 → 7
    5 → 2
    6 → 3
    7 → 1
    8 → 6

   Switch to Tournament 107 using subset [4, 5, 6, 8]:
[0 0 1 0 0 1 1 0 1]
[1 0 0 0 1 0 0 0 1]
[0 1 0 0 1 0 0 0 1]
[1 1 1 0 1 1 1 1 1]
[1 0 0 0 0 0 0 0 1]
[0 1 1 0 1 0 0 1 1]
[0 1 1 0 1 1 0 1 1]
[1 1 1 0 1 0 0 0 1]
[0 0 0 0 0 0 0 0 0]
  Isomorphism mapping:
    0 → 1
    1 → 3
    2 → 4
    3 → 8
    4 → 2
    5 → 6
    6 → 7
    7 → 5
    8 → 0

   Switch to Tournament 108 using subset [3, 4, 5, 6]:
[0 0 1 1 0 1 1 0 0]
[1 0 0 1 1 0 0 0 0]
[0 1 0 1 1 0 0 0 0]
[0 0 0 0 0 0 0 0 1]
[1 0 0 1 0 0 0 0 0]
[0 1 1 1 1 0 0 1 0]
[0 1 1 1 1 1 0 1 0]
[1 1 1 1 1 0 0 0 0]
[1 1 1 0 1 1 1 1 0]
  Isomorphism mapping:
    0 → 1
    1 → 3
    2 → 4
    3 → 0
    4 → 2
    5 → 6
    6 → 7
    7 → 5
    8 → 8

   Switch to Tournament 109 using subset [0, 1, 6, 8]:
[0 0 0 1 0 1 0 1 0]
[1 0 1 1 1 0 1 1 0]
[1 0 0 0 0 1 0 0 1]
[0 0 1 0 0 0 1 1 1]
[1 0 1 1 0 0 1 1 0]
[0 1 0 1 1 0 1 0 0]
[1 0 1 0 0 0 0 1 1]
[0 0 1 0 0 1 0 0 1]
[1 1 0 0 1 1 0 0 0]
  Isomorphism mapping:
    0 → 1
    1 → 8
    2 → 3
    3 → 6
    4 → 7
    5 → 0
    6 → 5
    7 → 4
    8 → 2

   Switch to Tournament 110 using subset [8]:
[0 0 1 0 1 0 0 0 1]
[1 0 0 0 0 1 1 0 1]
[0 1 0 0 0 1 1 0 1]
[1 1 1 0 0 0 0 1 1]
[0 1 1 1 0 0 0 1 0]
[1 0 0 1 1 0 0 0 0]
[1 0 0 1 1 1 0 0 0]
[1 1 1 0 0 1 1 0 1]
[0 0 0 0 1 1 1 0 0]
  Isomorphism mapping:
    0 → 1
    1 → 5
    2 → 6
    3 → 7
    4 → 0
    5 → 2
    6 → 3
    7 → 8
    8 → 4

   Switch to Tournament 111 using subset [2, 3, 6]:
[0 0 0 1 1 0 1 0 0]
[1 0 1 1 0 1 0 0 0]
[1 0 0 0 1 0 1 1 1]
[0 0 1 0 1 1 0 0 1]
[0 1 0 0 0 0 1 1 1]
[1 0 1 0 1 0 1 0 1]
[0 1 0 1 0 0 0 1 0]
[1 1 0 1 0 1 0 0 0]
[1 1 0 0 0 0 1 1 0]
  Isomorphism mapping:
    0 → 1
    1 → 2
    2 → 8
    3 → 0
    4 → 6
    5 → 7
    6 → 4
    7 → 3
    8 → 5

   Switch to Tournament 112 using subset [2, 4, 5, 7]:
[0 0 0 0 0 1 0 1 0]
[1 0 1 0 1 0 1 1 0]
[1 0 0 1 0 1 0 0 1]
[1 1 0 0 1 1 0 0 0]
[1 0 1 0 0 0 1 1 0]
[0 1 0 0 1 0 1 0 0]
[1 0 1 1 0 0 0 1 1]
[0 0 1 1 0 1 0 0 1]
[1 1 0 1 1 1 0 0 0]
  Isomorphism mapping:
    0 → 1
    1 → 7
    2 → 3
    3 → 2
    4 → 6
    5 → 0
    6 → 5
    7 → 4
    8 → 8

   Switch to Tournament 113 using subset [2, 5, 8]:
[0 0 0 0 1 1 0 0 1]
[1 0 1 0 0 0 1 0 1]
[1 0 0 1 1 1 0 1 0]
[1 1 0 0 0 1 0 1 1]
[0 1 0 1 0 1 0 1 0]
[0 1 0 0 0 0 1 1 1]
[1 0 1 1 1 0 0 0 0]
[1 1 0 0 0 0 1 0 1]
[0 0 1 0 1 0 1 0 0]
  Isomorphism mapping:
    0 → 1
    1 → 5
    2 → 2
    3 → 8
    4 → 0
    5 → 7
    6 → 3
    7 → 6
    8 → 4

   Switch to Tournament 114 using subset [1, 2, 6, 7]:
[0 1 0 0 1 0 1 1 0]
[0 0 0 1 1 0 1 0 1]
[1 1 0 1 1 0 1 0 1]
[1 0 0 0 0 0 1 0 0]
[0 0 0 1 0 0 1 0 1]
[1 1 1 1 1 0 1 1 1]
[0 0 0 0 0 0 0 0 0]
[0 1 1 1 1 0 1 0 1]
[1 0 0 1 0 0 1 0 0]
  Isomorphism mapping:
    0 → 1
    1 → 5
    2 → 6
    3 → 2
    4 → 4
    5 → 8
    6 → 0
    7 → 7
    8 → 3

   Switch to Tournament 115 using subset [1, 2, 5, 7]:
[0 1 0 0 1 1 0 1 0]
[0 0 0 1 1 1 0 0 1]
[1 1 0 1 1 1 0 0 1]
[1 0 0 0 0 1 0 0 0]
[0 0 0 1 0 1 0 0 1]
[0 0 0 0 0 0 1 0 0]
[1 1 1 1 1 0 0 1 1]
[0 1 1 1 1 1 0 0 1]
[1 0 0 1 0 1 0 0 0]
  Isomorphism mapping:
    0 → 1
    1 → 5
    2 → 6
    3 → 2
    4 → 4
    5 → 0
    6 → 8
    7 → 7
    8 → 3

   Switch to Tournament 116 using subset [3, 4, 7, 8]:
[0 0 1 1 0 0 0 1 1]
[1 0 0 1 1 1 1 1 1]
[0 1 0 1 1 1 1 1 1]
[0 0 0 0 0 1 1 1 0]
[1 0 0 1 0 1 1 1 1]
[1 0 0 0 0 0 0 1 0]
[1 0 0 0 0 1 0 1 0]
[0 0 0 0 0 0 0 0 0]
[0 0 0 1 0 1 1 1 0]
  Isomorphism mapping:
    0 → 1
    1 → 8
    2 → 7
    3 → 4
    4 → 6
    5 → 2
    6 → 3
    7 → 0
    8 → 5

   Switch to Tournament 117 using subset [3, 8]:
[0 0 1 1 1 0 0 0 1]
[1 0 0 1 0 1 1 0 1]
[0 1 0 1 0 1 1 0 1]
[0 0 0 0 1 1 1 0 0]
[0 1 1 0 0 0 0 1 0]
[1 0 0 0 1 0 0 0 0]
[1 0 0 0 1 1 0 0 0]
[1 1 1 1 0 1 1 0 1]
[0 0 0 1 1 1 1 0 0]
  Isomorphism mapping:
    0 → 1
    1 → 6
    2 → 7
    3 → 4
    4 → 0
    5 → 2
    6 → 3
    7 → 8
    8 → 5

   Switch to Tournament 118 using subset [2, 3, 5, 6]:
[0 0 0 1 1 1 1 0 0]
[1 0 1 1 0 0 0 0 0]
[1 0 0 0 1 1 1 1 1]
[0 0 1 0 1 0 0 0 1]
[0 1 0 0 0 1 1 1 1]
[0 1 0 1 0 0 0 1 0]
[0 1 0 1 0 1 0 1 0]
[1 1 0 1 0 0 0 0 0]
[1 1 0 0 0 1 1 1 0]
  Isomorphism mapping:
    0 → 1
    1 → 2
    2 → 8
    3 → 0
    4 → 7
    5 → 4
    6 → 5
    7 → 3
    8 → 6

   Switch to Tournament 119 using subset [2, 4, 7]:
[0 0 0 0 0 0 0 1 0]
[1 0 1 0 1 1 1 1 0]
[1 0 0 1 0 0 0 0 1]
[1 1 0 0 1 0 0 0 0]
[1 0 1 0 0 1 1 1 0]
[1 0 1 1 0 0 0 1 1]
[1 0 1 1 0 1 0 1 1]
[0 0 1 1 0 0 0 0 1]
[1 1 0 1 1 0 0 0 0]
  Isomorphism mapping:
    0 → 0
    1 → 7
    2 → 4
    3 → 2
    4 → 1
    5 → 6
    6 → 8
    7 → 5
    8 → 3

   Switch to Tournament 120 using subset [0, 1, 5, 8]:
[0 0 0 1 0 0 1 1 0]
[1 0 1 1 1 1 0 1 0]
[1 0 0 0 0 0 1 0 1]
[0 0 1 0 0 1 0 1 1]
[1 0 1 1 0 1 0 1 0]
[1 0 1 0 0 0 1 1 1]
[0 1 0 1 1 0 0 0 0]
[0 0 1 0 0 0 1 0 1]
[1 1 0 0 1 0 1 0 0]
  Isomorphism mapping:
    0 → 1
    1 → 8
    2 → 3
    3 → 5
    4 → 7
    5 → 6
    6 → 0
    7 → 4
    8 → 2

   Switch to Tournament 121 using subset [0, 4, 5, 6]:
[0 1 0 1 1 0 0 1 1]
[0 0 0 0 1 0 0 0 0]
[1 1 0 0 1 0 0 0 0]
[0 1 1 0 1 1 1 1 0]
[0 0 0 0 0 0 0 0 0]
[1 1 1 0 1 0 0 1 0]
[1 1 1 0 1 1 0 1 0]
[0 1 1 0 1 0 0 0 0]
[0 1 1 1 1 1 1 1 0]
  Isomorphism mapping:
    0 → 2
    1 → 1
    2 → 3
    3 → 7
    4 → 0
    5 → 5
    6 → 6
    7 → 4
    8 → 8

   Switch to Tournament 122 using subset [0, 1, 3, 8]:
[0 0 0 0 0 1 1 1 0]
[1 0 1 0 1 0 0 1 0]
[1 0 0 1 0 1 1 0 1]
[1 1 0 0 1 1 1 0 0]
[1 0 1 0 0 0 0 1 0]
[0 1 0 0 1 0 0 0 0]
[0 1 0 0 1 1 0 0 0]
[0 0 1 1 0 1 1 0 1]
[1 1 0 1 1 1 1 0 0]
  Isomorphism mapping:
    0 → 4
    1 → 6
    2 → 2
    3 → 7
    4 → 5
    5 → 0
    6 → 1
    7 → 3
    8 → 8

   Switch to Tournament 123 using subset [2, 3, 4, 7]:
[0 0 0 1 0 0 0 1 0]
[1 0 1 1 1 1 1 1 0]
[1 0 0 0 0 0 0 0 1]
[0 0 1 0 0 1 1 1 1]
[1 0 1 1 0 1 1 1 0]
[1 0 1 0 0 0 0 1 1]
[1 0 1 0 0 1 0 1 1]
[0 0 1 0 0 0 0 0 1]
[1 1 0 0 1 0 0 0 0]
  Isomorphism mapping:
    0 → 0
    1 → 8
    2 → 2
    3 → 6
    4 → 7
    5 → 4
    6 → 5
    7 → 3
    8 → 1

   Switch to Tournament 124 using subset [4, 8]:
[0 0 1 0 0 0 0 0 1]
[1 0 0 0 1 1 1 0 1]
[0 1 0 0 1 1 1 0 1]
[1 1 1 0 1 0 0 1 1]
[1 0 0 0 0 1 1 0 1]
[1 0 0 1 0 0 0 0 0]
[1 0 0 1 0 1 0 0 0]
[1 1 1 0 1 1 1 0 1]
[0 0 0 0 0 1 1 0 0]
  Isomorphism mapping:
    0 → 0
    1 → 5
    2 → 6
    3 → 7
    4 → 4
    5 → 1
    6 → 2
    7 → 8
    8 → 3

   Switch to Tournament 125 using subset [2, 6]:
[0 0 0 0 1 0 1 0 0]
[1 0 1 0 0 1 0 0 0]
[1 0 0 1 1 0 1 1 1]
[1 1 0 0 0 0 1 1 0]
[0 1 0 1 0 0 1 1 1]
[1 0 1 1 1 0 1 0 1]
[0 1 0 0 0 0 0 1 0]
[1 1 0 0 0 1 0 0 0]
[1 1 0 1 0 0 1 1 0]
  Isomorphism mapping:
    0 → 0
    1 → 1
    2 → 8
    3 → 4
    4 → 6
    5 → 7
    6 → 3
    7 → 2
    8 → 5

   Switch to Tournament 126 using subset [0, 1, 7]:
[0 0 0 1 0 1 1 0 1]
[1 0 1 1 1 0 0 0 1]
[1 0 0 0 0 1 1 1 0]
[0 0 1 0 0 0 0 0 0]
[1 0 1 1 0 0 0 0 1]
[0 1 0 1 1 0 0 1 1]
[0 1 0 1 1 1 0 1 1]
[1 1 0 1 1 0 0 0 1]
[0 0 1 1 0 0 0 0 0]
  Isomorphism mapping:
    0 → 3
    1 → 5
    2 → 0
    3 → 1
    4 → 4
    5 → 7
    6 → 8
    7 → 6
    8 → 2

   Switch to Tournament 127 using subset [2, 4, 5, 8]:
[0 0 0 0 0 1 0 0 1]
[1 0 1 0 1 0 1 0 1]
[1 0 0 1 0 1 0 1 0]
[1 1 0 0 1 1 0 1 1]
[1 0 1 0 0 0 1 0 1]
[0 1 0 0 1 0 1 1 1]
[1 0 1 1 0 0 0 0 0]
[1 1 0 0 1 0 1 0 1]
[0 0 1 0 0 0 1 0 0]
  Isomorphism mapping:
    0 → 0
    1 → 5
    2 → 1
    3 → 8
    4 → 4
    5 → 7
    6 → 2
    7 → 6
    8 → 3

   Switch to Tournament 128 using subset [1, 2, 5, 6]:
[0 1 0 0 1 1 1 0 0]
[0 0 0 1 1 1 1 1 1]
[1 1 0 1 1 1 1 1 1]
[1 0 0 0 0 1 1 1 0]
[0 0 0 1 0 1 1 1 1]
[0 0 0 0 0 0 0 1 0]
[0 0 0 0 0 1 0 1 0]
[1 0 0 0 0 0 0 0 0]
[1 0 0 1 0 1 1 1 0]
  Isomorphism mapping:
    0 → 3
    1 → 7
    2 → 8
    3 → 4
    4 → 6
    5 → 1
    6 → 2
    7 → 0
    8 → 5

   Switch to Tournament 129 using subset [3, 4, 5, 8]:
[0 0 1 1 0 1 0 0 1]
[1 0 0 1 1 0 1 0 1]
[0 1 0 1 1 0 1 0 1]
[0 0 0 0 0 0 1 0 0]
[1 0 0 1 0 0 1 0 1]
[0 1 1 1 1 0 1 1 1]
[1 0 0 0 0 0 0 0 0]
[1 1 1 1 1 0 1 0 1]
[0 0 0 1 0 0 1 0 0]
  Isomorphism mapping:
    0 → 3
    1 → 5
    2 → 6
    3 → 1
    4 → 4
    5 → 7
    6 → 0
    7 → 8
    8 → 2

   Switch to Tournament 130 using subset [3, 4, 6, 8]:
[0 0 1 1 0 0 1 0 1]
[1 0 0 1 1 1 0 0 1]
[0 1 0 1 1 1 0 0 1]
[0 0 0 0 0 1 0 0 0]
[1 0 0 1 0 1 0 0 1]
[1 0 0 0 0 0 1 0 0]
[0 1 1 1 1 0 0 1 1]
[1 1 1 1 1 1 0 0 1]
[0 0 0 1 0 1 0 0 0]
  Isomorphism mapping:
    0 → 3
    1 → 5
    2 → 6
    3 → 1
    4 → 4
    5 → 0
    6 → 7
    7 → 8
    8 → 2

   Switch to Tournament 131 using subset [2, 5, 6, 7]:
[0 0 0 0 1 1 1 1 0]
[1 0 1 0 0 0 0 1 0]
[1 0 0 1 1 1 1 0 1]
[1 1 0 0 0 1 1 0 0]
[0 1 0 1 0 1 1 0 1]
[0 1 0 0 0 0 0 0 0]
[0 1 0 0 0 1 0 0 0]
[0 0 1 1 1 1 1 0 1]
[1 1 0 1 0 1 1 0 0]
  Isomorphism mapping:
    0 → 3
    1 → 0
    2 → 8
    3 → 4
    4 → 6
    5 → 1
    6 → 2
    7 → 7
    8 → 5

   Switch to Tournament 132 using subset [4, 5, 6]:
[0 0 1 0 0 1 1 0 0]
[1 0 0 0 1 0 0 0 0]
[0 1 0 0 1 0 0 0 0]
[1 1 1 0 1 1 1 1 0]
[1 0 0 0 0 0 0 0 0]
[0 1 1 0 1 0 0 1 0]
[0 1 1 0 1 1 0 1 0]
[1 1 1 0 1 0 0 0 0]
[1 1 1 1 1 1 1 1 0]
  Isomorphism mapping:
    0 → 0
    1 → 2
    2 → 3
    3 → 7
    4 → 1
    5 → 5
    6 → 6
    7 → 4
    8 → 8

   Switch to Tournament 133 using subset [1, 2, 3, 8]:
[0 1 0 1 1 0 0 0 1]
[0 0 0 0 1 0 0 1 0]
[1 1 0 0 1 0 0 1 0]
[0 1 1 0 1 1 1 0 0]
[0 0 0 0 0 0 0 1 0]
[1 1 1 0 1 0 0 0 0]
[1 1 1 0 1 1 0 0 0]
[1 0 0 1 0 1 1 0 1]
[0 1 1 1 1 1 1 0 0]
  Isomorphism mapping:
    0 → 3
    1 → 2
    2 → 4
    3 → 7
    4 → 1
    5 → 5
    6 → 6
    7 → 0
    8 → 8

   Switch to Tournament 134 using subset [1, 3, 7, 8]:
[0 1 1 1 1 0 0 1 1]
[0 0 1 0 1 0 0 0 0]
[0 0 0 1 0 1 1 1 1]
[0 1 0 0 1 1 1 1 0]
[0 0 1 0 0 0 0 0 0]
[1 1 0 0 1 0 0 1 0]
[1 1 0 0 1 1 0 1 0]
[0 1 0 0 1 0 0 0 0]
[0 1 0 1 1 1 1 1 0]
  Isomorphism mapping:
    0 → 4
    1 → 2
    2 → 0
    3 → 7
    4 → 1
    5 → 5
    6 → 6
    7 → 3
    8 → 8

   Switch to Tournament 135 using subset [5]:
[0 0 1 0 1 1 0 0 0]
[1 0 0 0 0 0 1 0 0]
[0 1 0 0 0 0 1 0 0]
[1 1 1 0 0 1 0 1 0]
[0 1 1 1 0 1 0 1 1]
[0 1 1 0 0 0 1 1 0]
[1 0 0 1 1 0 0 0 1]
[1 1 1 0 0 0 1 0 0]
[1 1 1 1 0 1 0 1 0]
  Isomorphism mapping:
    0 → 0
    1 → 2
    2 → 3
    3 → 6
    4 → 7
    5 → 5
    6 → 1
    7 → 4
    8 → 8

   Switch to Tournament 136 using subset [1, 2, 4, 7]:
[0 1 0 0 0 0 0 1 0]
[0 0 0 1 0 0 0 0 1]
[1 1 0 1 0 0 0 0 1]
[1 0 0 0 1 0 0 0 0]
[1 1 1 0 0 1 1 1 0]
[1 1 1 1 0 0 0 1 1]
[1 1 1 1 0 1 0 1 1]
[0 1 1 1 0 0 0 0 1]
[1 0 0 1 1 0 0 0 0]
  Isomorphism mapping:
    0 → 0
    1 → 3
    2 → 4
    3 → 1
    4 → 6
    5 → 7
    6 → 8
    7 → 5
    8 → 2

   Switch to Tournament 137 using subset [1, 2, 3, 4]:
[0 1 0 1 0 0 0 0 0]
[0 0 0 0 0 0 0 1 1]
[1 1 0 0 0 0 0 1 1]
[0 1 1 0 0 1 1 0 1]
[1 1 1 1 0 1 1 0 0]
[1 1 1 0 0 0 0 0 1]
[1 1 1 0 0 1 0 0 1]
[1 0 0 1 1 1 1 0 0]
[1 0 0 0 1 0 0 1 0]
  Isomorphism mapping:
    0 → 0
    1 → 3
    2 → 4
    3 → 7
    4 → 8
    5 → 5
    6 → 6
    7 → 1
    8 → 2

   Switch to Tournament 138 using subset [1, 2, 3, 7]:
[0 1 0 1 1 0 0 1 0]
[0 0 0 0 1 0 0 0 1]
[1 1 0 0 1 0 0 0 1]
[0 1 1 0 1 1 1 1 1]
[0 0 0 0 0 0 0 0 1]
[1 1 1 0 1 0 0 1 1]
[1 1 1 0 1 1 0 1 1]
[0 1 1 0 1 0 0 0 1]
[1 0 0 0 0 0 0 0 0]
  Isomorphism mapping:
    0 → 3
    1 → 2
    2 → 4
    3 → 7
    4 → 1
    5 → 6
    6 → 8
    7 → 5
    8 → 0

   Switch to Tournament 139 using subset [0, 2, 7]:
[0 1 1 1 0 1 1 0 1]
[0 0 1 0 0 1 1 1 0]
[0 0 0 1 1 0 0 0 1]
[0 1 0 0 0 0 0 0 0]
[1 1 0 1 0 0 0 0 1]
[0 0 1 1 1 0 0 1 1]
[0 0 1 1 1 1 0 1 1]
[1 0 1 1 1 0 0 0 1]
[0 1 0 1 0 0 0 0 0]
  Isomorphism mapping:
    0 → 4
    1 → 0
    2 → 3
    3 → 1
    4 → 5
    5 → 7
    6 → 8
    7 → 6
    8 → 2

   Switch to Tournament 140 using subset [1, 3, 5]:
[0 1 1 1 1 1 0 0 0]
[0 0 1 0 1 1 0 1 1]
[0 0 0 1 0 0 1 0 0]
[0 1 0 0 1 0 1 0 1]
[0 0 1 0 0 1 0 1 1]
[0 0 1 1 0 0 1 1 0]
[1 1 0 0 1 0 0 0 1]
[1 0 1 1 0 0 1 0 0]
[1 0 1 0 0 1 0 1 0]
  Isomorphism mapping:
    0 → 3
    1 → 8
    2 → 2
    3 → 1
    4 → 7
    5 → 5
    6 → 0
    7 → 4
    8 → 6

   Switch to Tournament 141 using subset [3, 7]:
[0 0 1 1 1 0 0 1 0]
[1 0 0 1 0 1 1 1 0]
[0 1 0 1 0 1 1 1 0]
[0 0 0 0 1 1 1 1 1]
[0 1 1 0 0 0 0 0 1]
[1 0 0 0 1 0 0 1 1]
[1 0 0 0 1 1 0 1 1]
[0 0 0 0 1 0 0 0 1]
[1 1 1 0 0 0 0 0 0]
  Isomorphism mapping:
    0 → 3
    1 → 6
    2 → 7
    3 → 5
    4 → 1
    5 → 4
    6 → 8
    7 → 2
    8 → 0

   Switch to Tournament 142 using subset [3, 4, 8]:
[0 0 1 1 0 0 0 0 1]
[1 0 0 1 1 1 1 0 1]
[0 1 0 1 1 1 1 0 1]
[0 0 0 0 0 1 1 0 0]
[1 0 0 1 0 1 1 0 1]
[1 0 0 0 0 0 0 0 0]
[1 0 0 0 0 1 0 0 0]
[1 1 1 1 1 1 1 0 1]
[0 0 0 1 0 1 1 0 0]
  Isomorphism mapping:
    0 → 0
    1 → 6
    2 → 7
    3 → 3
    4 → 5
    5 → 1
    6 → 2
    7 → 8
    8 → 4

   Switch to Tournament 143 using subset [2, 5, 6]:
[0 0 0 0 1 1 1 0 0]
[1 0 1 0 0 0 0 0 0]
[1 0 0 1 1 1 1 1 1]
[1 1 0 0 0 1 1 1 0]
[0 1 0 1 0 1 1 1 1]
[0 1 0 0 0 0 0 1 0]
[0 1 0 0 0 1 0 1 0]
[1 1 0 0 0 0 0 0 0]
[1 1 0 1 0 1 1 1 0]
  Isomorphism mapping:
    0 → 0
    1 → 1
    2 → 8
    3 → 5
    4 → 7
    5 → 3
    6 → 4
    7 → 2
    8 → 6

   Switch to Tournament 144 using subset [1, 2, 7]:
[0 1 0 0 1 0 0 1 0]
[0 0 0 1 1 0 0 0 1]
[1 1 0 1 1 0 0 0 1]
[1 0 0 0 0 0 0 0 0]
[0 0 0 1 0 0 0 0 1]
[1 1 1 1 1 0 0 1 1]
[1 1 1 1 1 1 0 1 1]
[0 1 1 1 1 0 0 0 1]
[1 0 0 1 0 0 0 0 0]
  Isomorphism mapping:
    0 → 0
    1 → 4
    2 → 5
    3 → 1
    4 → 3
    5 → 7
    6 → 8
    7 → 6
    8 → 2

   Switch to Tournament 145 using subset [1, 2, 3]:
[0 1 0 1 1 0 0 0 0]
[0 0 0 0 1 0 0 1 1]
[1 1 0 0 1 0 0 1 1]
[0 1 1 0 1 1 1 0 1]
[0 0 0 0 0 0 0 1 1]
[1 1 1 0 1 0 0 0 1]
[1 1 1 0 1 1 0 0 1]
[1 0 0 1 0 1 1 0 0]
[1 0 0 0 0 0 0 1 0]
  Isomorphism mapping:
    0 → 0
    1 → 4
    2 → 5
    3 → 7
    4 → 3
    5 → 6
    6 → 8
    7 → 1
    8 → 2

   Switch to Tournament 146 using subset [0, 1, 6, 7]:
[0 0 0 1 0 1 0 0 1]
[1 0 1 1 1 0 1 0 1]
[1 0 0 0 0 1 0 1 0]
[0 0 1 0 0 0 1 0 0]
[1 0 1 1 0 0 1 0 1]
[0 1 0 1 1 0 1 1 1]
[1 0 1 0 0 0 0 0 0]
[1 1 0 1 1 0 1 0 1]
[0 0 1 1 0 0 1 0 0]
  Isomorphism mapping:
    0 → 0
    1 → 8
    2 → 1
    3 → 3
    4 → 5
    5 → 7
    6 → 2
    7 → 6
    8 → 4

   Switch to Tournament 147 using subset [0, 2, 4, 7]:
[0 1 1 1 1 1 1 0 1]
[0 0 1 0 1 1 1 1 0]
[0 0 0 1 0 0 0 0 1]
[0 1 0 0 1 0 0 0 0]
[0 0 1 0 0 1 1 1 0]
[0 0 1 1 0 0 0 1 1]
[0 0 1 1 0 1 0 1 1]
[1 0 1 1 0 0 0 0 1]
[0 1 0 1 1 0 0 0 0]
  Isomorphism mapping:
    0 → 8
    1 → 7
    2 → 3
    3 → 1
    4 → 0
    5 → 5
    6 → 6
    7 → 4
    8 → 2

   Switch to Tournament 148 using subset [0, 4]:
[0 1 0 1 1 1 1 1 1]
[0 0 0 0 1 1 1 0 0]
[1 1 0 0 1 1 1 0 0]
[0 1 1 0 1 0 0 1 0]
[0 0 0 0 0 1 1 0 0]
[0 0 0 1 0 0 0 0 1]
[0 0 0 1 0 1 0 0 1]
[0 1 1 0 1 1 1 0 0]
[0 1 1 1 1 0 0 1 0]
  Isomorphism mapping:
    0 → 8
    1 → 4
    2 → 5
    3 → 0
    4 → 3
    5 → 1
    6 → 2
    7 → 6
    8 → 7

   Switch to Tournament 149 using subset [0, 2, 3, 7]:
[0 1 1 0 0 1 1 0 1]
[0 0 1 1 0 1 1 1 0]
[0 0 0 0 1 0 0 0 1]
[1 0 1 0 1 1 1 1 1]
[1 1 0 0 0 0 0 0 1]
[0 0 1 0 1 0 0 1 1]
[0 0 1 0 1 1 0 1 1]
[1 0 1 0 1 0 0 0 1]
[0 1 0 0 0 0 0 0 0]
  Isomorphism mapping:
    0 → 7
    1 → 0
    2 → 3
    3 → 8
    4 → 2
    5 → 5
    6 → 6
    7 → 4
    8 → 1

   Switch to Tournament 150 using subset [0, 2, 7, 8]:
[0 1 1 1 0 1 1 0 0]
[0 0 1 0 0 1 1 1 1]
[0 0 0 1 1 0 0 0 0]
[0 1 0 0 0 0 0 0 1]
[1 1 0 1 0 0 0 0 0]
[0 0 1 1 1 0 0 1 0]
[0 0 1 1 1 1 0 1 0]
[1 0 1 1 1 0 0 0 0]
[1 0 1 0 1 1 1 1 0]
  Isomorphism mapping:
    0 → 7
    1 → 0
    2 → 3
    3 → 1
    4 → 2
    5 → 5
    6 → 6
    7 → 4
    8 → 8

   Switch to Tournament 151 using subset [1, 3, 8]:
[0 1 1 1 1 0 0 0 1]
[0 0 1 0 1 0 0 1 0]
[0 0 0 1 0 1 1 0 1]
[0 1 0 0 1 1 1 0 0]
[0 0 1 0 0 0 0 1 0]
[1 1 0 0 1 0 0 0 0]
[1 1 0 0 1 1 0 0 0]
[1 0 1 1 0 1 1 0 1]
[0 1 0 1 1 1 1 0 0]
  Isomorphism mapping:
    0 → 7
    1 → 2
    2 → 0
    3 → 5
    4 → 1
    5 → 3
    6 → 4
    7 → 8
    8 → 6

   Switch to Tournament 152 using subset [1, 2, 4]:
[0 1 0 0 0 0 0 0 0]
[0 0 0 1 0 0 0 1 1]
[1 1 0 1 0 0 0 1 1]
[1 0 0 0 1 0 0 1 0]
[1 1 1 0 0 1 1 0 0]
[1 1 1 1 0 0 0 0 1]
[1 1 1 1 0 1 0 0 1]
[1 0 0 0 1 1 1 0 0]
[1 0 0 1 1 0 0 1 0]
  Isomorphism mapping:
    0 → 1
    1 → 0
    2 → 6
    3 → 4
    4 → 2
    5 → 7
    6 → 8
    7 → 3
    8 → 5

   Switch to Tournament 153 using subset [2, 4, 8]:
[0 0 0 0 0 0 0 0 1]
[1 0 1 0 1 1 1 0 1]
[1 0 0 1 0 0 0 1 0]
[1 1 0 0 1 0 0 1 1]
[1 0 1 0 0 1 1 0 1]
[1 0 1 1 0 0 0 0 0]
[1 0 1 1 0 1 0 0 0]
[1 1 0 0 1 1 1 0 1]
[0 0 1 0 0 1 1 0 0]
  Isomorphism mapping:
    0 → 1
    1 → 8
    2 → 3
    3 → 2
    4 → 6
    5 → 4
    6 → 5
    7 → 7
    8 → 0

   Switch to Tournament 154 using subset [0, 4, 8]:
[0 1 0 1 1 1 1 1 0]
[0 0 0 0 1 1 1 0 1]
[1 1 0 0 1 1 1 0 1]
[0 1 1 0 1 0 0 1 1]
[0 0 0 0 0 1 1 0 1]
[0 0 0 1 0 0 0 0 0]
[0 0 0 1 0 1 0 0 0]
[0 1 1 0 1 1 1 0 1]
[1 0 0 0 0 1 1 0 0]
  Isomorphism mapping:
    0 → 6
    1 → 5
    2 → 7
    3 → 0
    4 → 4
    5 → 1
    6 → 2
    7 → 8
    8 → 3

   Switch to Tournament 155 using subset [1, 3, 5, 8]:
[0 1 1 1 1 1 0 0 1]
[0 0 1 0 1 1 0 1 0]
[0 0 0 1 0 0 1 0 1]
[0 1 0 0 1 0 1 0 0]
[0 0 1 0 0 1 0 1 0]
[0 0 1 1 0 0 1 1 1]
[1 1 0 0 1 0 0 0 0]
[1 0 1 1 0 0 1 0 1]
[0 1 0 1 1 0 1 0 0]
  Isomorphism mapping:
    0 → 8
    1 → 2
    2 → 0
    3 → 4
    4 → 1
    5 → 7
    6 → 3
    7 → 6
    8 → 5

   Switch to Tournament 156 using subset [0, 4, 7]:
[0 1 0 1 1 1 1 0 1]
[0 0 0 0 1 1 1 1 0]
[1 1 0 0 1 1 1 1 0]
[0 1 1 0 1 0 0 0 0]
[0 0 0 0 0 1 1 1 0]
[0 0 0 1 0 0 0 1 1]
[0 0 0 1 0 1 0 1 1]
[1 0 0 1 0 0 0 0 1]
[0 1 1 1 1 0 0 0 0]
  Isomorphism mapping:
    0 → 8
    1 → 6
    2 → 7
    3 → 1
    4 → 0
    5 → 4
    6 → 5
    7 → 3
    8 → 2

   Switch to Tournament 157 using subset [0]:
[0 1 0 1 0 1 1 1 1]
[0 0 0 0 0 1 1 0 0]
[1 1 0 0 0 1 1 0 0]
[0 1 1 0 0 0 0 1 0]
[1 1 1 1 0 0 0 1 1]
[0 0 0 1 1 0 0 0 1]
[0 0 0 1 1 1 0 0 1]
[0 1 1 0 0 1 1 0 0]
[0 1 1 1 0 0 0 1 0]
  Isomorphism mapping:
    0 → 8
    1 → 3
    2 → 4
    3 → 0
    4 → 7
    5 → 1
    6 → 2
    7 → 5
    8 → 6

   Switch to Tournament 158 using subset [0, 4, 6, 7]:
[0 1 0 1 1 1 0 0 1]
[0 0 0 0 1 1 0 1 0]
[1 1 0 0 1 1 0 1 0]
[0 1 1 0 1 0 1 0 0]
[0 0 0 0 0 1 0 1 0]
[0 0 0 1 0 0 1 1 1]
[1 1 1 0 1 0 0 0 0]
[1 0 0 1 0 0 1 0 1]
[0 1 1 1 1 0 1 0 0]
  Isomorphism mapping:
    0 → 8
    1 → 4
    2 → 5
    3 → 6
    4 → 3
    5 → 2
    6 → 0
    7 → 1
    8 → 7

   Switch to Tournament 159 using subset [0, 3]:
[0 1 0 0 0 1 1 1 1]
[0 0 0 1 0 1 1 0 0]
[1 1 0 1 0 1 1 0 0]
[1 0 0 0 1 1 1 0 1]
[1 1 1 0 0 0 0 1 1]
[0 0 0 0 1 0 0 0 1]
[0 0 0 0 1 1 0 0 1]
[0 1 1 1 0 1 1 0 0]
[0 1 1 0 0 0 0 1 0]
  Isomorphism mapping:
    0 → 8
    1 → 0
    2 → 6
    3 → 5
    4 → 2
    5 → 3
    6 → 4
    7 → 7
    8 → 1

   Switch to Tournament 160 using subset [1, 2, 3, 5]:
[0 1 0 1 1 1 0 0 0]
[0 0 0 0 1 1 0 1 1]
[1 1 0 0 1 1 0 1 1]
[0 1 1 0 1 0 1 0 1]
[0 0 0 0 0 1 0 1 1]
[0 0 0 1 0 0 1 1 0]
[1 1 1 0 1 0 0 0 1]
[1 0 0 1 0 0 1 0 0]
[1 0 0 0 0 1 0 1 0]
  Isomorphism mapping:
    0 → 7
    1 → 5
    2 → 8
    3 → 6
    4 → 4
    5 → 2
    6 → 0
    7 → 1
    8 → 3

   Switch to Tournament 161 using subset [3, 5]:
[0 0 1 1 1 1 0 0 0]
[1 0 0 1 0 0 1 0 0]
[0 1 0 1 0 0 1 0 0]
[0 0 0 0 1 0 1 0 1]
[0 1 1 0 0 1 0 1 1]
[0 1 1 1 0 0 1 1 0]
[1 0 0 0 1 0 0 0 1]
[1 1 1 1 0 0 1 0 0]
[1 1 1 0 0 1 0 1 0]
  Isomorphism mapping:
    0 → 7
    1 → 3
    2 → 4
    3 → 2
    4 → 6
    5 → 5
    6 → 1
    7 → 8
    8 → 0

   Switch to Tournament 162 using subset [0, 2, 4]:
[0 1 1 1 1 1 1 1 1]
[0 0 1 0 1 1 1 0 0]
[0 0 0 1 0 0 0 1 1]
[0 1 0 0 1 0 0 1 0]
[0 0 1 0 0 1 1 0 0]
[0 0 1 1 0 0 0 0 1]
[0 0 1 1 0 1 0 0 1]
[0 1 0 0 1 1 1 0 0]
[0 1 0 1 1 0 0 1 0]
  Isomorphism mapping:
    0 → 8
    1 → 6
    2 → 3
    3 → 1
    4 → 0
    5 → 4
    6 → 5
    7 → 7
    8 → 2

   Switch to Tournament 163 using subset [1, 3, 6, 8]:
[0 1 1 1 1 0 1 0 1]
[0 0 1 0 1 0 1 1 0]
[0 0 0 1 0 1 0 0 1]
[0 1 0 0 1 1 0 0 0]
[0 0 1 0 0 0 1 1 0]
[1 1 0 0 1 0 1 0 0]
[0 0 1 1 0 0 0 1 1]
[1 0 1 1 0 1 0 0 1]
[0 1 0 1 1 1 0 0 0]
  Isomorphism mapping:
    0 → 8
    1 → 2
    2 → 0
    3 → 4
    4 → 1
    5 → 3
    6 → 7
    7 → 6
    8 → 5

   Switch to Tournament 164 using subset [0, 1, 4]:
[0 0 0 1 1 1 1 1 1]
[1 0 1 1 0 0 0 1 1]
[1 0 0 0 1 1 1 0 0]
[0 0 1 0 1 0 0 1 0]
[0 1 0 0 0 1 1 0 0]
[0 1 0 1 0 0 0 0 1]
[0 1 0 1 0 1 0 0 1]
[0 0 1 0 1 1 1 0 0]
[0 0 1 1 1 0 0 1 0]
  Isomorphism mapping:
    0 → 8
    1 → 7
    2 → 4
    3 → 0
    4 → 3
    5 → 1
    6 → 2
    7 → 5
    8 → 6

   Switch to Tournament 165 using subset [3, 5, 7]:
[0 0 1 1 1 1 0 1 0]
[1 0 0 1 0 0 1 1 0]
[0 1 0 1 0 0 1 1 0]
[0 0 0 0 1 0 1 1 1]
[0 1 1 0 0 1 0 0 1]
[0 1 1 1 0 0 1 0 0]
[1 0 0 0 1 0 0 1 1]
[0 0 0 0 1 1 0 0 1]
[1 1 1 0 0 1 0 0 0]
  Isomorphism mapping:
    0 → 8
    1 → 0
    2 → 6
    3 → 5
    4 → 2
    5 → 7
    6 → 4
    7 → 3
    8 → 1

   Switch to Tournament 166 using subset [3, 6, 7]:
[0 0 1 1 1 0 1 1 0]
[1 0 0 1 0 1 0 1 0]
[0 1 0 1 0 1 0 1 0]
[0 0 0 0 1 1 0 1 1]
[0 1 1 0 0 0 1 0 1]
[1 0 0 0 1 0 1 1 1]
[0 1 1 1 0 0 0 0 0]
[0 0 0 0 1 0 1 0 1]
[1 1 1 0 0 0 1 0 0]
  Isomorphism mapping:
    0 → 8
    1 → 1
    2 → 2
    3 → 7
    4 → 5
    5 → 6
    6 → 3
    7 → 0
    8 → 4

   Switch to Tournament 167 using subset [6, 7, 8]:
[0 0 1 0 1 0 1 1 1]
[1 0 0 0 0 1 0 1 1]
[0 1 0 0 0 1 0 1 1]
[1 1 1 0 0 0 1 0 1]
[0 1 1 1 0 0 1 0 0]
[1 0 0 1 1 0 1 1 0]
[0 1 1 0 0 0 0 0 1]
[0 0 0 1 1 0 1 0 0]
[0 0 0 0 1 1 0 1 0]
  Isomorphism mapping:
    0 → 8
    1 → 4
    2 → 5
    3 → 6
    4 → 7
    5 → 2
    6 → 0
    7 → 1
    8 → 3

   Switch to Tournament 168 using subset [0, 2, 3, 5]:
[0 1 1 0 0 0 1 1 1]
[0 0 1 1 0 0 1 0 0]
[0 0 0 0 1 1 0 1 1]
[1 0 1 0 1 0 1 0 1]
[1 1 0 0 0 1 0 1 1]
[1 1 0 1 0 0 1 1 0]
[0 0 1 0 1 0 0 0 1]
[0 1 0 1 0 0 1 0 0]
[0 1 0 0 0 1 0 1 0]
  Isomorphism mapping:
    0 → 8
    1 → 3
    2 → 7
    3 → 2
    4 → 6
    5 → 5
    6 → 1
    7 → 4
    8 → 0

   Switch to Tournament 169 using subset [0, 1, 6]:
[0 0 0 1 0 1 0 1 1]
[1 0 1 1 1 0 1 1 1]
[1 0 0 0 0 1 0 0 0]
[0 0 1 0 0 0 1 1 0]
[1 0 1 1 0 0 1 1 1]
[0 1 0 1 1 0 1 0 1]
[1 0 1 0 0 0 0 1 0]
[0 0 1 0 0 1 0 0 0]
[0 0 1 1 0 0 1 1 0]
  Isomorphism mapping:
    0 → 6
    1 → 8
    2 → 1
    3 → 4
    4 → 7
    5 → 0
    6 → 3
    7 → 2
    8 → 5

   Switch to Tournament 170 using subset [1, 2, 3, 6]:
[0 1 0 1 1 0 1 0 0]
[0 0 0 0 1 0 1 1 1]
[1 1 0 0 1 0 1 1 1]
[0 1 1 0 1 1 0 0 1]
[0 0 0 0 0 0 1 1 1]
[1 1 1 0 1 0 1 0 1]
[0 0 0 1 0 0 0 1 0]
[1 0 0 1 0 1 0 0 0]
[1 0 0 0 0 0 1 1 0]
  Isomorphism mapping:
    0 → 6
    1 → 5
    2 → 8
    3 → 0
    4 → 4
    5 → 7
    6 → 2
    7 → 1
    8 → 3

   Switch to Tournament 171 using subset [2, 8]:
[0 0 0 0 1 0 0 0 1]
[1 0 1 0 0 1 1 0 1]
[1 0 0 1 1 0 0 1 0]
[1 1 0 0 0 0 0 1 1]
[0 1 0 1 0 0 0 1 0]
[1 0 1 1 1 0 0 0 0]
[1 0 1 1 1 1 0 0 0]
[1 1 0 0 0 1 1 0 1]
[0 0 1 0 1 1 1 0 0]
  Isomorphism mapping:
    0 → 2
    1 → 3
    2 → 6
    3 → 5
    4 → 0
    5 → 7
    6 → 8
    7 → 4
    8 → 1

   Switch to Tournament 172 using subset [2, 3, 4, 6]:
[0 0 0 1 0 0 1 0 0]
[1 0 1 1 1 1 0 0 0]
[1 0 0 0 0 0 1 1 1]
[0 0 1 0 0 1 0 0 1]
[1 0 1 1 0 1 0 0 0]
[1 0 1 0 0 0 1 0 1]
[0 1 0 1 1 0 0 1 0]
[1 1 0 1 1 1 0 0 0]
[1 1 0 0 1 0 1 1 0]
  Isomorphism mapping:
    0 → 2
    1 → 8
    2 → 4
    3 → 0
    4 → 6
    5 → 5
    6 → 1
    7 → 7
    8 → 3

   Switch to Tournament 173 using subset [0, 7, 8]:
[0 1 0 1 0 1 1 0 0]
[0 0 0 0 0 1 1 1 1]
[1 1 0 0 0 1 1 1 1]
[0 1 1 0 0 0 0 0 1]
[1 1 1 1 0 0 0 0 0]
[0 0 0 1 1 0 0 1 0]
[0 0 0 1 1 1 0 1 0]
[1 0 0 1 1 0 0 0 0]
[1 0 0 0 1 1 1 1 0]
  Isomorphism mapping:
    0 → 6
    1 → 0
    2 → 8
    3 → 1
    4 → 2
    5 → 4
    6 → 5
    7 → 3
    8 → 7

   Switch to Tournament 174 using subset [0, 3, 7]:
[0 1 0 0 0 1 1 0 1]
[0 0 0 1 0 1 1 1 0]
[1 1 0 1 0 1 1 1 0]
[1 0 0 0 1 1 1 1 1]
[1 1 1 0 0 0 0 0 1]
[0 0 0 0 1 0 0 1 1]
[0 0 0 0 1 1 0 1 1]
[1 0 0 0 1 0 0 0 1]
[0 1 1 0 0 0 0 0 0]
  Isomorphism mapping:
    0 → 6
    1 → 0
    2 → 7
    3 → 8
    4 → 2
    5 → 4
    6 → 5
    7 → 3
    8 → 1

   Switch to Tournament 175 using subset [5, 6, 7]:
[0 0 1 0 1 1 1 1 0]
[1 0 0 0 0 0 0 1 0]
[0 1 0 0 0 0 0 1 0]
[1 1 1 0 0 1 1 0 0]
[0 1 1 1 0 1 1 0 1]
[0 1 1 0 0 0 0 0 0]
[0 1 1 0 0 1 0 0 0]
[0 0 0 1 1 1 1 0 1]
[1 1 1 1 0 1 1 0 0]
  Isomorphism mapping:
    0 → 5
    1 → 1
    2 → 2
    3 → 6
    4 → 7
    5 → 3
    6 → 4
    7 → 0
    8 → 8

   Switch to Tournament 176 using subset [2, 4, 6, 8]:
[0 0 0 0 0 0 1 0 1]
[1 0 1 0 1 1 0 0 1]
[1 0 0 1 0 0 1 1 0]
[1 1 0 0 1 0 1 1 1]
[1 0 1 0 0 1 0 0 1]
[1 0 1 1 0 0 1 0 0]
[0 1 0 0 1 0 0 1 1]
[1 1 0 0 1 1 0 0 1]
[0 0 1 0 0 1 0 0 0]
  Isomorphism mapping:
    0 → 2
    1 → 6
    2 → 3
    3 → 8
    4 → 5
    5 → 4
    6 → 1
    7 → 7
    8 → 0

   Switch to Tournament 177 using subset [1, 4, 5]:
[0 1 1 0 0 1 0 0 0]
[0 0 1 1 0 1 0 1 1]
[0 0 0 0 1 0 1 0 0]
[1 0 1 0 1 1 0 1 0]
[1 1 0 0 0 0 1 0 0]
[0 0 1 0 1 0 1 1 0]
[1 1 0 1 0 0 0 0 1]
[1 0 1 0 1 0 1 0 0]
[1 0 1 1 1 1 0 1 0]
  Isomorphism mapping:
    0 → 2
    1 → 1
    2 → 0
    3 → 7
    4 → 4
    5 → 6
    6 → 3
    7 → 5
    8 → 8

   Switch to Tournament 178 using subset [1, 2, 4, 8]:
[0 1 0 0 0 0 0 0 1]
[0 0 0 1 0 0 0 1 0]
[1 1 0 1 0 0 0 1 0]
[1 0 0 0 1 0 0 1 1]
[1 1 1 0 0 1 1 0 1]
[1 1 1 1 0 0 0 0 0]
[1 1 1 1 0 1 0 0 0]
[1 0 0 0 1 1 1 0 1]
[0 1 1 0 0 1 1 0 0]
  Isomorphism mapping:
    0 → 2
    1 → 0
    2 → 5
    3 → 4
    4 → 8
    5 → 6
    6 → 7
    7 → 3
    8 → 1

   Switch to Tournament 179 using subset [0, 3, 4, 5]:
[0 1 0 0 1 0 1 1 1]
[0 0 0 1 1 0 1 0 0]
[1 1 0 1 1 0 1 0 0]
[1 0 0 0 0 0 1 0 1]
[0 0 0 1 0 0 1 0 0]
[1 1 1 1 1 0 1 1 0]
[0 0 0 0 0 0 0 0 1]
[0 1 1 1 1 0 1 0 0]
[0 1 1 0 1 1 0 1 0]
  Isomorphism mapping:
    0 → 5
    1 → 4
    2 → 6
    3 → 2
    4 → 3
    5 → 8
    6 → 1
    7 → 7
    8 → 0

   Switch to Tournament 180 using subset [0, 3, 4, 6]:
[0 1 0 0 1 1 0 1 1]
[0 0 0 1 1 1 0 0 0]
[1 1 0 1 1 1 0 0 0]
[1 0 0 0 0 1 0 0 1]
[0 0 0 1 0 1 0 0 0]
[0 0 0 0 0 0 1 0 1]
[1 1 1 1 1 0 0 1 0]
[0 1 1 1 1 1 0 0 0]
[0 1 1 0 1 0 1 1 0]
  Isomorphism mapping:
    0 → 5
    1 → 4
    2 → 6
    3 → 2
    4 → 3
    5 → 1
    6 → 8
    7 → 7
    8 → 0

   Switch to Tournament 181 using subset [0, 1, 2, 5]:
[0 0 1 1 0 0 1 1 1]
[1 0 0 1 1 1 0 1 1]
[0 1 0 1 1 1 0 1 1]
[0 0 0 0 0 1 0 1 0]
[1 0 0 1 0 1 0 1 1]
[1 0 0 0 0 0 1 1 0]
[0 1 1 1 1 0 0 0 1]
[0 0 0 0 0 0 1 0 0]
[0 0 0 1 0 1 0 1 0]
  Isomorphism mapping:
    0 → 5
    1 → 8
    2 → 7
    3 → 3
    4 → 6
    5 → 2
    6 → 0
    7 → 1
    8 → 4

   Switch to Tournament 182 using subset [0, 8]:
[0 1 0 1 0 1 1 1 0]
[0 0 0 0 0 1 1 0 1]
[1 1 0 0 0 1 1 0 1]
[0 1 1 0 0 0 0 1 1]
[1 1 1 1 0 0 0 1 0]
[0 0 0 1 1 0 0 0 0]
[0 0 0 1 1 1 0 0 0]
[0 1 1 0 0 1 1 0 1]
[1 0 0 0 1 1 1 0 0]
  Isomorphism mapping:
    0 → 5
    1 → 0
    2 → 7
    3 → 1
    4 → 2
    5 → 3
    6 → 4
    7 → 8
    8 → 6

   Switch to Tournament 183 using subset [1, 3, 4, 6]:
[0 1 1 1 0 0 1 0 0]
[0 0 1 0 0 0 1 1 1]
[0 0 0 1 1 1 0 0 0]
[0 1 0 0 0 1 0 0 1]
[1 1 0 1 0 1 0 0 0]
[1 1 0 0 0 0 1 0 1]
[0 0 1 1 1 0 0 1 0]
[1 0 1 1 1 1 0 0 0]
[1 0 1 0 1 0 1 1 0]
  Isomorphism mapping:
    0 → 5
    1 → 0
    2 → 3
    3 → 1
    4 → 2
    5 → 7
    6 → 4
    7 → 8
    8 → 6

   Switch to Tournament 184 using subset [3, 5, 6, 8]:
[0 0 1 1 1 1 1 0 1]
[1 0 0 1 0 0 0 0 1]
[0 1 0 1 0 0 0 0 1]
[0 0 0 0 1 0 0 0 0]
[0 1 1 0 0 1 1 1 0]
[0 1 1 1 0 0 0 1 1]
[0 1 1 1 0 1 0 1 1]
[1 1 1 1 0 0 0 0 1]
[0 0 0 1 1 0 0 0 0]
  Isomorphism mapping:
    0 → 5
    1 → 3
    2 → 4
    3 → 1
    4 → 0
    5 → 7
    6 → 8
    7 → 6
    8 → 2

   Switch to Tournament 185 using subset [0, 3, 8]:
[0 1 0 0 0 1 1 1 0]
[0 0 0 1 0 1 1 0 1]
[1 1 0 1 0 1 1 0 1]
[1 0 0 0 1 1 1 0 0]
[1 1 1 0 0 0 0 1 0]
[0 0 0 0 1 0 0 0 0]
[0 0 0 0 1 1 0 0 0]
[0 1 1 1 0 1 1 0 1]
[1 0 0 1 1 1 1 0 0]
  Isomorphism mapping:
    0 → 4
    1 → 3
    2 → 8
    3 → 5
    4 → 0
    5 → 1
    6 → 2
    7 → 7
    8 → 6

   Switch to Tournament 186 using subset [0, 1, 3]:
[0 0 0 0 0 1 1 1 1]
[1 0 1 0 1 0 0 1 1]
[1 0 0 1 0 1 1 0 0]
[1 1 0 0 1 1 1 0 1]
[1 0 1 0 0 0 0 1 1]
[0 1 0 0 1 0 0 0 1]
[0 1 0 0 1 1 0 0 1]
[0 0 1 1 0 1 1 0 0]
[0 0 1 0 0 0 0 1 0]
  Isomorphism mapping:
    0 → 5
    1 → 7
    2 → 3
    3 → 8
    4 → 6
    5 → 1
    6 → 2
    7 → 4
    8 → 0

   Switch to Tournament 187 using subset [0, 7]:
[0 1 0 1 0 1 1 0 1]
[0 0 0 0 0 1 1 1 0]
[1 1 0 0 0 1 1 1 0]
[0 1 1 0 0 0 0 0 0]
[1 1 1 1 0 0 0 0 1]
[0 0 0 1 1 0 0 1 1]
[0 0 0 1 1 1 0 1 1]
[1 0 0 1 1 0 0 0 1]
[0 1 1 1 0 0 0 0 0]
  Isomorphism mapping:
    0 → 5
    1 → 0
    2 → 6
    3 → 1
    4 → 7
    5 → 4
    6 → 8
    7 → 3
    8 → 2

   Switch to Tournament 188 using subset [1, 2, 8]:
[0 1 0 0 1 0 0 0 1]
[0 0 0 1 1 0 0 1 0]
[1 1 0 1 1 0 0 1 0]
[1 0 0 0 0 0 0 1 1]
[0 0 0 1 0 0 0 1 0]
[1 1 1 1 1 0 0 0 0]
[1 1 1 1 1 1 0 0 0]
[1 0 0 0 0 1 1 0 1]
[0 1 1 0 1 1 1 0 0]
  Isomorphism mapping:
    0 → 5
    1 → 4
    2 → 6
    3 → 2
    4 → 3
    5 → 7
    6 → 8
    7 → 1
    8 → 0

   Switch to Tournament 189 using subset [0, 1, 5, 7]:
[0 0 0 1 0 0 1 0 1]
[1 0 1 1 1 1 0 0 1]
[1 0 0 0 0 0 1 1 0]
[0 0 1 0 0 1 0 0 0]
[1 0 1 1 0 1 0 0 1]
[1 0 1 0 0 0 1 0 0]
[0 1 0 1 1 0 0 1 1]
[1 1 0 1 1 1 0 0 1]
[0 0 1 1 0 1 0 0 0]
  Isomorphism mapping:
    0 → 5
    1 → 8
    2 → 1
    3 → 3
    4 → 6
    5 → 2
    6 → 0
    7 → 7
    8 → 4

   Switch to Tournament 190 using subset [0, 1]:
[0 0 0 1 0 1 1 1 1]
[1 0 1 1 1 0 0 1 1]
[1 0 0 0 0 1 1 0 0]
[0 0 1 0 0 0 0 1 0]
[1 0 1 1 0 0 0 1 1]
[0 1 0 1 1 0 0 0 1]
[0 1 0 1 1 1 0 0 1]
[0 0 1 0 0 1 1 0 0]
[0 0 1 1 0 0 0 1 0]
  Isomorphism mapping:
    0 → 6
    1 → 8
    2 → 0
    3 → 1
    4 → 7
    5 → 3
    6 → 4
    7 → 5
    8 → 2

   Switch to Tournament 191 using subset [5, 8]:
[0 0 1 0 1 1 0 0 1]
[1 0 0 0 0 0 1 0 1]
[0 1 0 0 0 0 1 0 1]
[1 1 1 0 0 1 0 1 1]
[0 1 1 1 0 1 0 1 0]
[0 1 1 0 0 0 1 1 1]
[1 0 0 1 1 0 0 0 0]
[1 1 1 0 0 0 1 0 1]
[0 0 0 0 1 0 1 0 0]
  Isomorphism mapping:
    0 → 5
    1 → 3
    2 → 4
    3 → 8
    4 → 0
    5 → 7
    6 → 1
    7 → 6
    8 → 2

   Switch to Tournament 192 using subset [0, 3, 6, 7]:
[0 1 0 0 0 1 0 0 1]
[0 0 0 1 0 1 0 1 0]
[1 1 0 1 0 1 0 1 0]
[1 0 0 0 1 1 0 1 1]
[1 1 1 0 0 0 1 0 1]
[0 0 0 0 1 0 1 1 1]
[1 1 1 1 0 0 0 0 0]
[1 0 0 0 1 0 1 0 1]
[0 1 1 0 0 0 1 0 0]
  Isomorphism mapping:
    0 → 5
    1 → 0
    2 → 6
    3 → 8
    4 → 7
    5 → 4
    6 → 1
    7 → 3
    8 → 2

   Switch to Tournament 193 using subset [1, 3, 4, 7]:
[0 1 1 1 0 0 0 1 0]
[0 0 1 0 0 0 0 0 1]
[0 0 0 1 1 1 1 1 0]
[0 1 0 0 0 1 1 1 1]
[1 1 0 1 0 1 1 1 0]
[1 1 0 0 0 0 0 1 1]
[1 1 0 0 0 1 0 1 1]
[0 1 0 0 0 0 0 0 1]
[1 0 1 0 1 0 0 0 0]
  Isomorphism mapping:
    0 → 4
    1 → 2
    2 → 0
    3 → 7
    4 → 8
    5 → 5
    6 → 6
    7 → 3
    8 → 1

   Switch to Tournament 194 using subset [6, 7]:
[0 0 1 0 1 0 1 1 0]
[1 0 0 0 0 1 0 1 0]
[0 1 0 0 0 1 0 1 0]
[1 1 1 0 0 0 1 0 0]
[0 1 1 1 0 0 1 0 1]
[1 0 0 1 1 0 1 1 1]
[0 1 1 0 0 0 0 0 0]
[0 0 0 1 1 0 1 0 1]
[1 1 1 1 0 0 1 0 0]
  Isomorphism mapping:
    0 → 4
    1 → 1
    2 → 2
    3 → 5
    4 → 7
    5 → 8
    6 → 3
    7 → 0
    8 → 6

   Switch to Tournament 195 using subset [0, 3, 5, 7]:
[0 1 0 0 0 0 1 0 1]
[0 0 0 1 0 0 1 1 0]
[1 1 0 1 0 0 1 1 0]
[1 0 0 0 1 0 1 1 1]
[1 1 1 0 0 1 0 0 1]
[1 1 1 1 0 0 1 0 0]
[0 0 0 0 1 0 0 1 1]
[1 0 0 0 1 1 0 0 1]
[0 1 1 0 0 1 0 0 0]
  Isomorphism mapping:
    0 → 4
    1 → 3
    2 → 5
    3 → 8
    4 → 7
    5 → 6
    6 → 2
    7 → 1
    8 → 0

   Switch to Tournament 196 using subset [5, 7]:
[0 0 1 0 1 1 0 1 0]
[1 0 0 0 0 0 1 1 0]
[0 1 0 0 0 0 1 1 0]
[1 1 1 0 0 1 0 0 0]
[0 1 1 1 0 1 0 0 1]
[0 1 1 0 0 0 1 0 0]
[1 0 0 1 1 0 0 1 1]
[0 0 0 1 1 1 0 0 1]
[1 1 1 1 0 1 0 0 0]
  Isomorphism mapping:
    0 → 4
    1 → 1
    2 → 2
    3 → 5
    4 → 6
    5 → 3
    6 → 7
    7 → 0
    8 → 8

   Switch to Tournament 197 using subset [0, 3, 5, 8]:
[0 1 0 0 0 0 1 1 0]
[0 0 0 1 0 0 1 0 1]
[1 1 0 1 0 0 1 0 1]
[1 0 0 0 1 0 1 0 0]
[1 1 1 0 0 1 0 1 0]
[1 1 1 1 0 0 1 1 1]
[0 0 0 0 1 0 0 0 0]
[0 1 1 1 0 0 1 0 1]
[1 0 0 1 1 0 1 0 0]
  Isomorphism mapping:
    0 → 2
    1 → 1
    2 → 6
    3 → 4
    4 → 3
    5 → 8
    6 → 0
    7 → 7
    8 → 5

   Switch to Tournament 198 using subset [0, 3, 6, 8]:
[0 1 0 0 0 1 0 1 0]
[0 0 0 1 0 1 0 0 1]
[1 1 0 1 0 1 0 0 1]
[1 0 0 0 1 1 0 0 0]
[1 1 1 0 0 0 1 1 0]
[0 0 0 0 1 0 1 0 0]
[1 1 1 1 0 0 0 1 1]
[0 1 1 1 0 1 0 0 1]
[1 0 0 1 1 1 0 0 0]
  Isomorphism mapping:
    0 → 2
    1 → 1
    2 → 6
    3 → 4
    4 → 3
    5 → 0
    6 → 8
    7 → 7
    8 → 5

   Switch to Tournament 199 using subset [4, 7, 8]:
[0 0 1 0 0 0 0 1 1]
[1 0 0 0 1 1 1 1 1]
[0 1 0 0 1 1 1 1 1]
[1 1 1 0 1 0 0 0 1]
[1 0 0 0 0 1 1 1 1]
[1 0 0 1 0 0 0 1 0]
[1 0 0 1 0 1 0 1 0]
[0 0 0 1 0 0 0 0 0]
[0 0 0 0 0 1 1 1 0]
  Isomorphism mapping:
    0 → 2
    1 → 8
    2 → 7
    3 → 3
    4 → 6
    5 → 4
    6 → 5
    7 → 0
    8 → 1

   Switch to Tournament 200 using subset [1, 4]:
[0 1 1 0 0 0 0 0 0]
[0 0 1 1 0 0 0 1 1]
[0 0 0 0 1 1 1 0 0]
[1 0 1 0 1 0 0 1 0]
[1 1 0 0 0 1 1 0 0]
[1 1 0 1 0 0 0 0 1]
[1 1 0 1 0 1 0 0 1]
[1 0 1 0 1 1 1 0 0]
[1 0 1 1 1 0 0 1 0]
  Isomorphism mapping:
    0 → 2
    1 → 1
    2 → 0
    3 → 4
    4 → 3
    5 → 6
    6 → 7
    7 → 8
    8 → 5

   Switch to Tournament 201 using subset [1, 4, 5, 8]:
[0 1 1 0 0 1 0 0 1]
[0 0 1 1 0 1 0 1 0]
[0 0 0 0 1 0 1 0 1]
[1 0 1 0 1 1 0 1 1]
[1 1 0 0 0 0 1 0 1]
[0 0 1 0 1 0 1 1 1]
[1 1 0 1 0 0 0 0 0]
[1 0 1 0 1 0 1 0 1]
[0 1 0 0 0 0 1 0 0]
  Isomorphism mapping:
    0 → 4
    1 → 0
    2 → 3
    3 → 8
    4 → 5
    5 → 7
    6 → 1
    7 → 6
    8 → 2

   Switch to Tournament 202 using subset [0, 1, 5]:
[0 0 0 1 0 0 1 1 1]
[1 0 1 1 1 1 0 1 1]
[1 0 0 0 0 0 1 0 0]
[0 0 1 0 0 1 0 1 0]
[1 0 1 1 0 1 0 1 1]
[1 0 1 0 0 0 1 1 0]
[0 1 0 1 1 0 0 0 1]
[0 0 1 0 0 0 1 0 0]
[0 0 1 1 0 1 0 1 0]
  Isomorphism mapping:
    0 → 4
    1 → 8
    2 → 1
    3 → 3
    4 → 7
    5 → 5
    6 → 0
    7 → 2
    8 → 6

   Switch to Tournament 203 using subset [1, 2, 6, 8]:
[0 1 0 0 1 0 1 0 1]
[0 0 0 1 1 0 1 1 0]
[1 1 0 1 1 0 1 1 0]
[1 0 0 0 0 0 1 1 1]
[0 0 0 1 0 0 1 1 0]
[1 1 1 1 1 0 1 0 0]
[0 0 0 0 0 0 0 1 1]
[1 0 0 0 0 1 0 0 1]
[0 1 1 0 1 1 0 0 0]
  Isomorphism mapping:
    0 → 4
    1 → 6
    2 → 8
    3 → 5
    4 → 3
    5 → 7
    6 → 2
    7 → 1
    8 → 0

   Switch to Tournament 204 using subset [1, 2, 5, 8]:
[0 1 0 0 1 1 0 0 1]
[0 0 0 1 1 1 0 1 0]
[1 1 0 1 1 1 0 1 0]
[1 0 0 0 0 1 0 1 1]
[0 0 0 1 0 1 0 1 0]
[0 0 0 0 0 0 1 1 1]
[1 1 1 1 1 0 0 0 0]
[1 0 0 0 0 0 1 0 1]
[0 1 1 0 1 0 1 0 0]
  Isomorphism mapping:
    0 → 4
    1 → 6
    2 → 8
    3 → 5
    4 → 3
    5 → 2
    6 → 7
    7 → 1
    8 → 0

   Switch to Tournament 205 using subset [1, 3, 4, 5]:
[0 1 1 1 0 1 0 0 0]
[0 0 1 0 0 1 0 1 1]
[0 0 0 1 1 0 1 0 0]
[0 1 0 0 0 0 1 0 1]
[1 1 0 1 0 0 1 0 0]
[0 0 1 1 1 0 1 1 0]
[1 1 0 0 0 0 0 0 1]
[1 0 1 1 1 0 1 0 0]
[1 0 1 0 1 1 0 1 0]
  Isomorphism mapping:
    0 → 4
    1 → 0
    2 → 3
    3 → 2
    4 → 5
    5 → 6
    6 → 1
    7 → 8
    8 → 7

   Switch to Tournament 206 using subset [2, 4, 7, 8]:
[0 0 0 0 0 0 0 1 1]
[1 0 1 0 1 1 1 1 1]
[1 0 0 1 0 0 0 0 0]
[1 1 0 0 1 0 0 0 1]
[1 0 1 0 0 1 1 1 1]
[1 0 1 1 0 0 0 1 0]
[1 0 1 1 0 1 0 1 0]
[0 0 1 1 0 0 0 0 0]
[0 0 1 0 0 1 1 1 0]
  Isomorphism mapping:
    0 → 1
    1 → 8
    2 → 3
    3 → 2
    4 → 7
    5 → 5
    6 → 6
    7 → 4
    8 → 0

   Switch to Tournament 207 using subset [1, 2, 4, 6]:
[0 1 0 0 0 0 1 0 0]
[0 0 0 1 0 0 1 1 1]
[1 1 0 1 0 0 1 1 1]
[1 0 0 0 1 0 1 1 0]
[1 1 1 0 0 1 0 0 0]
[1 1 1 1 0 0 1 0 1]
[0 0 0 0 1 0 0 1 0]
[1 0 0 0 1 1 0 0 0]
[1 0 0 1 1 0 1 1 0]
  Isomorphism mapping:
    0 → 1
    1 → 0
    2 → 8
    3 → 5
    4 → 2
    5 → 7
    6 → 4
    7 → 3
    8 → 6

   Switch to Tournament 208 using subset [6]:
[0 0 1 0 1 0 1 0 0]
[1 0 0 0 0 1 0 0 0]
[0 1 0 0 0 1 0 0 0]
[1 1 1 0 0 0 1 1 0]
[0 1 1 1 0 0 1 1 1]
[1 0 0 1 1 0 1 0 1]
[0 1 1 0 0 0 0 1 0]
[1 1 1 0 0 1 0 0 0]
[1 1 1 1 0 0 1 1 0]
  Isomorphism mapping:
    0 → 1
    1 → 3
    2 → 4
    3 → 6
    4 → 7
    5 → 2
    6 → 0
    7 → 5
    8 → 8

   Switch to Tournament 209 using subset [1, 4, 6, 8]:
[0 1 1 0 0 0 1 0 1]
[0 0 1 1 0 0 1 1 0]
[0 0 0 0 1 1 0 0 1]
[1 0 1 0 1 0 1 1 1]
[1 1 0 0 0 1 0 0 1]
[1 1 0 1 0 0 1 0 0]
[0 0 1 0 1 0 0 1 1]
[1 0 1 0 1 1 0 0 1]
[0 1 0 0 0 1 0 0 0]
  Isomorphism mapping:
    0 → 5
    1 → 4
    2 → 2
    3 → 8
    4 → 6
    5 → 0
    6 → 3
    7 → 7
    8 → 1

   Switch to Tournament 210 using subset [1, 4, 6, 7]:
[0 1 1 0 0 0 1 1 0]
[0 0 1 1 0 0 1 0 1]
[0 0 0 0 1 1 0 1 0]
[1 0 1 0 1 0 1 0 0]
[1 1 0 0 0 1 0 1 0]
[1 1 0 1 0 0 1 1 1]
[0 0 1 0 1 0 0 0 0]
[0 1 0 1 0 0 1 0 1]
[1 0 1 1 1 0 1 0 0]
  Isomorphism mapping:
    0 → 5
    1 → 3
    2 → 1
    3 → 6
    4 → 0
    5 → 8
    6 → 2
    7 → 4
    8 → 7

   Switch to Tournament 211 using subset [1, 4, 7, 8]:
[0 1 1 0 0 0 0 1 1]
[0 0 1 1 0 0 0 0 0]
[0 0 0 0 1 1 1 1 1]
[1 0 1 0 1 0 0 0 1]
[1 1 0 0 0 1 1 1 1]
[1 1 0 1 0 0 0 1 0]
[1 1 0 1 0 1 0 1 0]
[0 1 0 1 0 0 0 0 0]
[0 1 0 0 0 1 1 1 0]
  Isomorphism mapping:
    0 → 5
    1 → 1
    2 → 4
    3 → 0
    4 → 8
    5 → 6
    6 → 7
    7 → 2
    8 → 3

   Switch to Tournament 212 using subset [0, 5, 6]:
[0 1 0 1 0 0 0 1 1]
[0 0 0 0 0 0 0 0 0]
[1 1 0 0 0 0 0 0 0]
[0 1 1 0 0 1 1 1 0]
[1 1 1 1 0 1 1 1 1]
[1 1 1 0 0 0 0 1 0]
[1 1 1 0 0 1 0 1 0]
[0 1 1 0 0 0 0 0 0]
[0 1 1 1 0 1 1 1 0]
  Isomorphism mapping:
    0 → 1
    1 → 0
    2 → 2
    3 → 6
    4 → 8
    5 → 4
    6 → 5
    7 → 3
    8 → 7

   Switch to Tournament 213 using subset [2, 3, 7, 8]:
[0 0 0 1 1 0 0 1 1]
[1 0 1 1 0 1 1 1 1]
[1 0 0 0 1 0 0 0 0]
[0 0 1 0 1 1 1 1 0]
[0 1 0 0 0 0 0 0 0]
[1 0 1 0 1 0 0 1 0]
[1 0 1 0 1 1 0 1 0]
[0 0 1 0 1 0 0 0 0]
[0 0 1 1 1 1 1 1 0]
  Isomorphism mapping:
    0 → 1
    1 → 8
    2 → 2
    3 → 6
    4 → 0
    5 → 4
    6 → 5
    7 → 3
    8 → 7

   Switch to Tournament 214 using subset [4, 5, 7, 8]:
[0 0 1 0 0 1 0 1 1]
[1 0 0 0 1 0 1 1 1]
[0 1 0 0 1 0 1 1 1]
[1 1 1 0 1 1 0 0 1]
[1 0 0 0 0 0 1 1 1]
[0 1 1 0 1 0 1 0 1]
[1 0 0 1 0 0 0 1 0]
[0 0 0 1 0 1 0 0 0]
[0 0 0 0 0 0 1 1 0]
  Isomorphism mapping:
    0 → 1
    1 → 5
    2 → 6
    3 → 8
    4 → 4
    5 → 7
    6 → 2
    7 → 0
    8 → 3

   Switch to Tournament 215 using subset [1, 6]:
[0 1 1 0 1 0 1 0 0]
[0 0 1 1 1 0 1 1 1]
[0 0 0 0 0 1 0 0 0]
[1 0 1 0 0 0 1 1 0]
[0 0 1 1 0 0 1 1 1]
[1 1 0 1 1 0 1 0 1]
[0 0 1 0 0 0 0 1 0]
[1 0 1 0 0 1 0 0 0]
[1 0 1 1 0 0 1 1 0]
  Isomorphism mapping:
    0 → 1
    1 → 8
    2 → 0
    3 → 4
    4 → 6
    5 → 7
    6 → 3
    7 → 2
    8 → 5

   Switch to Tournament 216 using subset [0, 6, 7, 8]:
[0 1 0 1 0 1 0 0 0]
[0 0 0 0 0 1 0 1 1]
[1 1 0 0 0 1 0 1 1]
[0 1 1 0 0 0 1 0 1]
[1 1 1 1 0 0 1 0 0]
[0 0 0 1 1 0 1 1 0]
[1 1 1 0 0 0 0 0 1]
[1 0 0 1 1 0 1 0 0]
[1 0 0 0 1 1 0 1 0]
  Isomorphism mapping:
    0 → 1
    1 → 0
    2 → 8
    3 → 3
    4 → 4
    5 → 6
    6 → 2
    7 → 5
    8 → 7

   Switch to Tournament 217 using subset [0, 6, 8]:
[0 1 0 1 0 1 0 1 0]
[0 0 0 0 0 1 0 0 1]
[1 1 0 0 0 1 0 0 1]
[0 1 1 0 0 0 1 1 1]
[1 1 1 1 0 0 1 1 0]
[0 0 0 1 1 0 1 0 0]
[1 1 1 0 0 0 0 1 1]
[0 1 1 0 0 1 0 0 1]
[1 0 0 0 1 1 0 0 0]
  Isomorphism mapping:
    0 → 1
    1 → 3
    2 → 4
    3 → 7
    4 → 8
    5 → 0
    6 → 6
    7 → 5
    8 → 2

   Switch to Tournament 218 using subset [1, 3, 4]:
[0 1 1 1 0 0 0 0 0]
[0 0 1 0 0 0 0 1 1]
[0 0 0 1 1 1 1 0 0]
[0 1 0 0 0 1 1 0 1]
[1 1 0 1 0 1 1 0 0]
[1 1 0 0 0 0 0 0 1]
[1 1 0 0 0 1 0 0 1]
[1 0 1 1 1 1 1 0 0]
[1 0 1 0 1 0 0 1 0]
  Isomorphism mapping:
    0 → 1
    1 → 3
    2 → 0
    3 → 6
    4 → 7
    5 → 4
    6 → 5
    7 → 8
    8 → 2

   Switch to Tournament 219 using subset [7]:
[0 0 1 0 1 0 0 1 0]
[1 0 0 0 0 1 1 1 0]
[0 1 0 0 0 1 1 1 0]
[1 1 1 0 0 0 0 0 0]
[0 1 1 1 0 0 0 0 1]
[1 0 0 1 1 0 0 1 1]
[1 0 0 1 1 1 0 1 1]
[0 0 0 1 1 0 0 0 1]
[1 1 1 1 0 0 0 0 0]
  Isomorphism mapping:
    0 → 1
    1 → 2
    2 → 3
    3 → 4
    4 → 6
    5 → 7
    6 → 8
    7 → 0
    8 → 5

   Switch to Tournament 220 using subset [2, 4, 6, 7]:
[0 0 0 0 0 0 1 1 0]
[1 0 1 0 1 1 0 1 0]
[1 0 0 1 0 0 1 0 1]
[1 1 0 0 1 0 1 0 0]
[1 0 1 0 0 1 0 1 0]
[1 0 1 1 0 0 1 1 1]
[0 1 0 0 1 0 0 0 0]
[0 0 1 1 0 0 1 0 1]
[1 1 0 1 1 0 1 0 0]
  Isomorphism mapping:
    0 → 3
    1 → 5
    2 → 1
    3 → 6
    4 → 4
    5 → 8
    6 → 0
    7 → 2
    8 → 7

   Switch to Tournament 221 using subset [4, 7]:
[0 0 1 0 0 0 0 1 0]
[1 0 0 0 1 1 1 1 0]
[0 1 0 0 1 1 1 1 0]
[1 1 1 0 1 0 0 0 0]
[1 0 0 0 0 1 1 1 0]
[1 0 0 1 0 0 0 1 1]
[1 0 0 1 0 1 0 1 1]
[0 0 0 1 0 0 0 0 1]
[1 1 1 1 1 0 0 0 0]
  Isomorphism mapping:
    0 → 3
    1 → 8
    2 → 2
    3 → 4
    4 → 1
    5 → 6
    6 → 7
    7 → 0
    8 → 5

   Switch to Tournament 222 using subset [4, 5, 8]:
[0 0 1 0 0 1 0 0 1]
[1 0 0 0 1 0 1 0 1]
[0 1 0 0 1 0 1 0 1]
[1 1 1 0 1 1 0 1 1]
[1 0 0 0 0 0 1 0 1]
[0 1 1 0 1 0 1 1 1]
[1 0 0 1 0 0 0 0 0]
[1 1 1 0 1 0 1 0 1]
[0 0 0 0 0 0 1 0 0]
  Isomorphism mapping:
    0 → 0
    1 → 4
    2 → 5
    3 → 8
    4 → 3
    5 → 7
    6 → 1
    7 → 6
    8 → 2

   Switch to Tournament 223 using subset [0, 1, 5, 6]:
[0 0 0 1 0 0 0 1 1]
[1 0 1 1 1 1 1 1 1]
[1 0 0 0 0 0 0 0 0]
[0 0 1 0 0 1 1 1 0]
[1 0 1 1 0 1 1 1 1]
[1 0 1 0 0 0 0 1 0]
[1 0 1 0 0 1 0 1 0]
[0 0 1 0 0 0 0 0 0]
[0 0 1 1 0 1 1 1 0]
  Isomorphism mapping:
    0 → 0
    1 → 8
    2 → 1
    3 → 5
    4 → 7
    5 → 3
    6 → 4
    7 → 2
    8 → 6

   Switch to Tournament 224 using subset [1, 2, 6]:
[0 1 0 0 1 0 1 0 0]
[0 0 0 1 1 0 1 1 1]
[1 1 0 1 1 0 1 1 1]
[1 0 0 0 0 0 1 1 0]
[0 0 0 1 0 0 1 1 1]
[1 1 1 1 1 0 1 0 1]
[0 0 0 0 0 0 0 1 0]
[1 0 0 0 0 1 0 0 0]
[1 0 0 1 0 0 1 1 0]
  Isomorphism mapping:
    0 → 0
    1 → 6
    2 → 8
    3 → 3
    4 → 5
    5 → 7
    6 → 2
    7 → 1
    8 → 4

   Switch to Tournament 225 using subset [1, 2, 5]:
[0 1 0 0 1 1 0 0 0]
[0 0 0 1 1 1 0 1 1]
[1 1 0 1 1 1 0 1 1]
[1 0 0 0 0 1 0 1 0]
[0 0 0 1 0 1 0 1 1]
[0 0 0 0 0 0 1 1 0]
[1 1 1 1 1 0 0 0 1]
[1 0 0 0 0 0 1 0 0]
[1 0 0 1 0 1 0 1 0]
  Isomorphism mapping:
    0 → 0
    1 → 6
    2 → 8
    3 → 3
    4 → 5
    5 → 2
    6 → 7
    7 → 1
    8 → 4

   Switch to Tournament 226 using subset [3, 4, 5]:
[0 0 1 1 0 1 0 0 0]
[1 0 0 1 1 0 1 0 0]
[0 1 0 1 1 0 1 0 0]
[0 0 0 0 0 0 1 0 1]
[1 0 0 1 0 0 1 0 0]
[0 1 1 1 1 0 1 1 0]
[1 0 0 0 0 0 0 0 1]
[1 1 1 1 1 0 1 0 0]
[1 1 1 0 1 1 0 1 0]
  Isomorphism mapping:
    0 → 0
    1 → 4
    2 → 5
    3 → 2
    4 → 3
    5 → 6
    6 → 1
    7 → 8
    8 → 7

   Switch to Tournament 227 using subset [2, 6, 7]:
[0 0 0 0 1 0 1 1 0]
[1 0 1 0 0 1 0 1 0]
[1 0 0 1 1 0 1 0 1]
[1 1 0 0 0 0 1 0 0]
[0 1 0 1 0 0 1 0 1]
[1 0 1 1 1 0 1 1 1]
[0 1 0 0 0 0 0 0 0]
[0 0 1 1 1 0 1 0 1]
[1 1 0 1 0 0 1 0 0]
  Isomorphism mapping:
    0 → 0
    1 → 1
    2 → 6
    3 → 3
    4 → 5
    5 → 8
    6 → 2
    7 → 7
    8 → 4

   Switch to Tournament 228 using subset [2, 5, 7]:
[0 0 0 0 1 1 0 1 0]
[1 0 1 0 0 0 1 1 0]
[1 0 0 1 1 1 0 0 1]
[1 1 0 0 0 1 0 0 0]
[0 1 0 1 0 1 0 0 1]
[0 1 0 0 0 0 1 0 0]
[1 0 1 1 1 0 0 1 1]
[0 0 1 1 1 1 0 0 1]
[1 1 0 1 0 1 0 0 0]
  Isomorphism mapping:
    0 → 0
    1 → 1
    2 → 6
    3 → 3
    4 → 5
    5 → 2
    6 → 8
    7 → 7
    8 → 4

   Switch to Tournament 229 using subset [3, 4, 7]:
[0 0 1 1 0 0 0 1 0]
[1 0 0 1 1 1 1 1 0]
[0 1 0 1 1 1 1 1 0]
[0 0 0 0 0 1 1 1 1]
[1 0 0 1 0 1 1 1 0]
[1 0 0 0 0 0 0 1 1]
[1 0 0 0 0 1 0 1 1]
[0 0 0 0 0 0 0 0 1]
[1 1 1 0 1 0 0 0 0]
  Isomorphism mapping:
    0 → 0
    1 → 8
    2 → 7
    3 → 5
    4 → 6
    5 → 3
    6 → 4
    7 → 2
    8 → 1

   Switch to Tournament 230 using subset [4, 6, 8]:
[0 0 1 0 0 0 1 0 1]
[1 0 0 0 1 1 0 0 1]
[0 1 0 0 1 1 0 0 1]
[1 1 1 0 1 0 1 1 1]
[1 0 0 0 0 1 0 0 1]
[1 0 0 1 0 0 1 0 0]
[0 1 1 0 1 0 0 1 1]
[1 1 1 0 1 1 0 0 1]
[0 0 0 0 0 1 0 0 0]
  Isomorphism mapping:
    0 → 0
    1 → 4
    2 → 5
    3 → 8
    4 → 3
    5 → 1
    6 → 6
    7 → 7
    8 → 2

   Switch to Tournament 231 using subset [3, 4, 6]:
[0 0 1 1 0 0 1 0 0]
[1 0 0 1 1 1 0 0 0]
[0 1 0 1 1 1 0 0 0]
[0 0 0 0 0 1 0 0 1]
[1 0 0 1 0 1 0 0 0]
[1 0 0 0 0 0 1 0 1]
[0 1 1 1 1 0 0 1 0]
[1 1 1 1 1 1 0 0 0]
[1 1 1 0 1 0 1 1 0]
  Isomorphism mapping:
    0 → 0
    1 → 4
    2 → 5
    3 → 2
    4 → 3
    5 → 1
    6 → 6
    7 → 8
    8 → 7

   Switch to Tournament 232 using subset [0, 1, 3, 7]:
[0 0 0 0 0 1 1 0 1]
[1 0 1 0 1 0 0 0 1]
[1 0 0 1 0 1 1 1 0]
[1 1 0 0 1 1 1 1 1]
[1 0 1 0 0 0 0 0 1]
[0 1 0 0 1 0 0 1 1]
[0 1 0 0 1 1 0 1 1]
[1 1 0 0 1 0 0 0 1]
[0 0 1 0 0 0 0 0 0]
  Isomorphism mapping:
    0 → 2
    1 → 4
    2 → 0
    3 → 8
    4 → 3
    5 → 6
    6 → 7
    7 → 5
    8 → 1

   Switch to Tournament 233 using subset [0, 1, 7, 8]:
[0 0 0 1 0 1 1 0 0]
[1 0 1 1 1 0 0 0 0]
[1 0 0 0 0 1 1 1 1]
[0 0 1 0 0 0 0 0 1]
[1 0 1 1 0 0 0 0 0]
[0 1 0 1 1 0 0 1 0]
[0 1 0 1 1 1 0 1 0]
[1 1 0 1 1 0 0 0 0]
[1 1 0 0 1 1 1 1 0]
  Isomorphism mapping:
    0 → 2
    1 → 4
    2 → 0
    3 → 1
    4 → 3
    5 → 6
    6 → 7
    7 → 5
    8 → 8

   Switch to Tournament 234 using subset [3]:
[0 0 1 1 1 0 0 0 0]
[1 0 0 1 0 1 1 0 0]
[0 1 0 1 0 1 1 0 0]
[0 0 0 0 1 1 1 0 1]
[0 1 1 0 0 0 0 1 1]
[1 0 0 0 1 0 0 0 1]
[1 0 0 0 1 1 0 0 1]
[1 1 1 1 0 1 1 0 0]
[1 1 1 0 0 0 0 1 0]
  Isomorphism mapping:
    0 → 0
    1 → 6
    2 → 7
    3 → 5
    4 → 2
    5 → 3
    6 → 4
    7 → 8
    8 → 1

   Switch to Tournament 235 using subset [2, 3, 5]:
[0 0 0 1 1 1 0 0 0]
[1 0 1 1 0 0 1 0 0]
[1 0 0 0 1 1 0 1 1]
[0 0 1 0 1 0 1 0 1]
[0 1 0 0 0 1 0 1 1]
[0 1 0 1 0 0 1 1 0]
[1 0 1 0 1 0 0 0 1]
[1 1 0 1 0 0 1 0 0]
[1 1 0 0 0 1 0 1 0]
  Isomorphism mapping:
    0 → 0
    1 → 3
    2 → 8
    3 → 2
    4 → 7
    5 → 5
    6 → 1
    7 → 4
    8 → 6

   Switch to Tournament 236 using subset [2, 3, 4, 5]:
[0 0 0 1 0 1 0 0 0]
[1 0 1 1 1 0 1 0 0]
[1 0 0 0 0 1 0 1 1]
[0 0 1 0 0 0 1 0 1]
[1 0 1 1 0 0 1 0 0]
[0 1 0 1 1 0 1 1 0]
[1 0 1 0 0 0 0 0 1]
[1 1 0 1 1 0 1 0 0]
[1 1 0 0 1 1 0 1 0]
  Isomorphism mapping:
    0 → 0
    1 → 8
    2 → 7
    3 → 2
    4 → 3
    5 → 5
    6 → 1
    7 → 4
    8 → 6

   Switch to Tournament 237 using subset [2, 3]:
[0 0 0 1 1 0 0 0 0]
[1 0 1 1 0 1 1 0 0]
[1 0 0 0 1 0 0 1 1]
[0 0 1 0 1 1 1 0 1]
[0 1 0 0 0 0 0 1 1]
[1 0 1 0 1 0 0 0 1]
[1 0 1 0 1 1 0 0 1]
[1 1 0 1 0 1 1 0 0]
[1 1 0 0 0 0 0 1 0]
  Isomorphism mapping:
    0 → 0
    1 → 6
    2 → 3
    3 → 5
    4 → 2
    5 → 4
    6 → 8
    7 → 7
    8 → 1

   Switch to Tournament 238 using subset [0, 5, 6, 8]:
[0 1 0 1 0 0 0 1 0]
[0 0 0 0 0 0 0 0 1]
[1 1 0 0 0 0 0 0 1]
[0 1 1 0 0 1 1 1 1]
[1 1 1 1 0 1 1 1 0]
[1 1 1 0 0 0 0 1 1]
[1 1 1 0 0 1 0 1 1]
[0 1 1 0 0 0 0 0 1]
[1 0 0 0 1 0 0 0 0]
  Isomorphism mapping:
    0 → 0
    1 → 2
    2 → 3
    3 → 7
    4 → 8
    5 → 5
    6 → 6
    7 → 4
    8 → 1

   Switch to Tournament 239 using subset [2, 3, 7]:
[0 0 0 1 1 0 0 1 0]
[1 0 1 1 0 1 1 1 0]
[1 0 0 0 1 0 0 0 1]
[0 0 1 0 1 1 1 1 1]
[0 1 0 0 0 0 0 0 1]
[1 0 1 0 1 0 0 1 1]
[1 0 1 0 1 1 0 1 1]
[0 0 1 0 1 0 0 0 1]
[1 1 0 0 0 0 0 0 0]
  Isomorphism mapping:
    0 → 0
    1 → 7
    2 → 3
    3 → 6
    4 → 2
    5 → 5
    6 → 8
    7 → 4
    8 → 1

   Switch to Tournament 240 using subset [5, 6]:
[0 0 1 0 1 1 1 0 0]
[1 0 0 0 0 0 0 0 0]
[0 1 0 0 0 0 0 0 0]
[1 1 1 0 0 1 1 1 0]
[0 1 1 1 0 1 1 1 1]
[0 1 1 0 0 0 0 1 0]
[0 1 1 0 0 1 0 1 0]
[1 1 1 0 0 0 0 0 0]
[1 1 1 1 0 1 1 1 0]
  Isomorphism mapping:
    0 → 0
    1 → 1
    2 → 2
    3 → 6
    4 → 7
    5 → 4
    6 → 5
    7 → 3
    8 → 8

   Switch to Tournament 241 using subset [2, 6, 8]:
[0 0 0 0 1 0 1 0 1]
[1 0 1 0 0 1 0 0 1]
[1 0 0 1 1 0 1 1 0]
[1 1 0 0 0 0 1 1 1]
[0 1 0 1 0 0 1 1 0]
[1 0 1 1 1 0 1 0 0]
[0 1 0 0 0 0 0 1 1]
[1 1 0 0 0 1 0 0 1]
[0 0 1 0 1 1 0 0 0]
  Isomorphism mapping:
    0 → 3
    1 → 6
    2 → 4
    3 → 8
    4 → 2
    5 → 5
    6 → 1
    7 → 7
    8 → 0

   Switch to Tournament 242 using subset [0, 5, 7]:
[0 1 0 1 0 0 1 0 1]
[0 0 0 0 0 0 1 1 0]
[1 1 0 0 0 0 1 1 0]
[0 1 1 0 0 1 0 0 0]
[1 1 1 1 0 1 0 0 1]
[1 1 1 0 0 0 1 0 0]
[0 0 0 1 1 0 0 1 1]
[1 0 0 1 1 1 0 0 1]
[0 1 1 1 0 1 0 0 0]
  Isomorphism mapping:
    0 → 3
    1 → 2
    2 → 4
    3 → 0
    4 → 8
    5 → 5
    6 → 1
    7 → 7
    8 → 6

   Switch to Tournament 243 using subset [1, 8]:
[0 1 1 0 1 0 0 0 1]
[0 0 1 1 1 0 0 1 0]
[0 0 0 0 0 1 1 0 1]
[1 0 1 0 0 0 0 1 1]
[0 0 1 1 0 0 0 1 0]
[1 1 0 1 1 0 0 0 0]
[1 1 0 1 1 1 0 0 0]
[1 0 1 0 0 1 1 0 1]
[0 1 0 0 1 1 1 0 0]
  Isomorphism mapping:
    0 → 3
    1 → 6
    2 → 2
    3 → 5
    4 → 0
    5 → 7
    6 → 8
    7 → 4
    8 → 1

   Switch to Tournament 244 using subset [2, 3, 6, 8]:
[0 0 0 1 1 0 1 0 1]
[1 0 1 1 0 1 0 0 1]
[1 0 0 0 1 0 1 1 0]
[0 0 1 0 1 1 0 0 0]
[0 1 0 0 0 0 1 1 0]
[1 0 1 0 1 0 1 0 0]
[0 1 0 1 0 0 0 1 1]
[1 1 0 1 0 1 0 0 1]
[0 0 1 1 1 1 0 0 0]
  Isomorphism mapping:
    0 → 3
    1 → 8
    2 → 4
    3 → 0
    4 → 2
    5 → 5
    6 → 1
    7 → 7
    8 → 6

   Switch to Tournament 245 using subset [1, 5]:
[0 1 1 0 1 1 0 0 0]
[0 0 1 1 1 1 0 1 1]
[0 0 0 0 0 0 1 0 0]
[1 0 1 0 0 1 0 1 0]
[0 0 1 1 0 1 0 1 1]
[0 0 1 0 0 0 1 1 0]
[1 1 0 1 1 0 0 0 1]
[1 0 1 0 0 0 1 0 0]
[1 0 1 1 0 1 0 1 0]
  Isomorphism mapping:
    0 → 0
    1 → 8
    2 → 2
    3 → 5
    4 → 7
    5 → 4
    6 → 1
    7 → 3
    8 → 6

   Switch to Tournament 246 using subset [4, 6, 7, 8]:
[0 0 1 0 0 0 1 1 1]
[1 0 0 0 1 1 0 1 1]
[0 1 0 0 1 1 0 1 1]
[1 1 1 0 1 0 1 0 1]
[1 0 0 0 0 1 0 1 1]
[1 0 0 1 0 0 1 1 0]
[0 1 1 0 1 0 0 0 1]
[0 0 0 1 0 0 1 0 0]
[0 0 0 0 0 1 0 1 0]
  Isomorphism mapping:
    0 → 3
    1 → 6
    2 → 7
    3 → 8
    4 → 5
    5 → 4
    6 → 1
    7 → 2
    8 → 0

   Switch to Tournament 247 using subset [0, 5, 7, 8]:
[0 1 0 1 0 0 1 0 0]
[0 0 0 0 0 0 1 1 1]
[1 1 0 0 0 0 1 1 1]
[0 1 1 0 0 1 0 0 1]
[1 1 1 1 0 1 0 0 0]
[1 1 1 0 0 0 1 0 1]
[0 0 0 1 1 0 0 1 0]
[1 0 0 1 1 1 0 0 0]
[1 0 0 0 1 0 1 1 0]
  Isomorphism mapping:
    0 → 3
    1 → 2
    2 → 8
    3 → 0
    4 → 5
    5 → 4
    6 → 1
    7 → 6
    8 → 7

   Switch to Tournament 248 using subset [0, 3, 6]:
[0 1 0 0 0 1 0 1 1]
[0 0 0 1 0 1 0 0 0]
[1 1 0 1 0 1 0 0 0]
[1 0 0 0 1 1 0 0 1]
[1 1 1 0 0 0 1 1 1]
[0 0 0 0 1 0 1 0 1]
[1 1 1 1 0 0 0 1 0]
[0 1 1 1 0 1 0 0 0]
[0 1 1 0 0 0 1 1 0]
  Isomorphism mapping:
    0 → 3
    1 → 0
    2 → 5
    3 → 4
    4 → 8
    5 → 2
    6 → 7
    7 → 6
    8 → 1

   Switch to Tournament 249 using subset [0, 3, 5]:
[0 1 0 0 0 0 1 1 1]
[0 0 0 1 0 0 1 0 0]
[1 1 0 1 0 0 1 0 0]
[1 0 0 0 1 0 1 0 1]
[1 1 1 0 0 1 0 1 1]
[1 1 1 1 0 0 1 1 0]
[0 0 0 0 1 0 0 0 1]
[0 1 1 1 0 0 1 0 0]
[0 1 1 0 0 1 0 1 0]
  Isomorphism mapping:
    0 → 3
    1 → 0
    2 → 5
    3 → 4
    4 → 7
    5 → 8
    6 → 2
    7 → 6
    8 → 1

   Switch to Tournament 250 using subset [2, 6, 7, 8]:
[0 0 0 0 1 0 1 1 1]
[1 0 1 0 0 1 0 1 1]
[1 0 0 1 1 0 1 0 0]
[1 1 0 0 0 0 1 0 1]
[0 1 0 1 0 0 1 0 0]
[1 0 1 1 1 0 1 1 0]
[0 1 0 0 0 0 0 0 1]
[0 0 1 1 1 0 1 0 0]
[0 0 1 0 1 1 0 1 0]
  Isomorphism mapping:
    0 → 3
    1 → 7
    2 → 5
    3 → 4
    4 → 0
    5 → 8
    6 → 2
    7 → 6
    8 → 1

   Switch to Tournament 251 using subset [2, 5, 7, 8]:
[0 0 0 0 1 1 0 1 1]
[1 0 1 0 0 0 1 1 1]
[1 0 0 1 1 1 0 0 0]
[1 1 0 0 0 1 0 0 1]
[0 1 0 1 0 1 0 0 0]
[0 1 0 0 0 0 1 0 1]
[1 0 1 1 1 0 0 1 0]
[0 0 1 1 1 1 0 0 0]
[0 0 1 0 1 0 1 1 0]
  Isomorphism mapping:
    0 → 3
    1 → 7
    2 → 5
    3 → 4
    4 → 0
    5 → 2
    6 → 8
    7 → 6
    8 → 1

   Switch to Tournament 252 using subset [3, 4, 6, 7]:
[0 0 1 1 0 0 1 1 0]
[1 0 0 1 1 1 0 1 0]
[0 1 0 1 1 1 0 1 0]
[0 0 0 0 0 1 0 1 1]
[1 0 0 1 0 1 0 1 0]
[1 0 0 0 0 0 1 1 1]
[0 1 1 1 1 0 0 0 0]
[0 0 0 0 0 0 1 0 1]
[1 1 1 0 1 0 1 0 0]
  Isomorphism mapping:
    0 → 3
    1 → 8
    2 → 6
    3 → 0
    4 → 5
    5 → 4
    6 → 1
    7 → 2
    8 → 7

   Switch to Tournament 253 using subset [1, 4, 7]:
[0 1 1 0 0 0 0 1 0]
[0 0 1 1 0 0 0 0 1]
[0 0 0 0 1 1 1 1 0]
[1 0 1 0 1 0 0 0 0]
[1 1 0 0 0 1 1 1 0]
[1 1 0 1 0 0 0 1 1]
[1 1 0 1 0 1 0 1 1]
[0 1 0 1 0 0 0 0 1]
[1 0 1 1 1 0 0 0 0]
  Isomorphism mapping:
    0 → 3
    1 → 1
    2 → 0
    3 → 5
    4 → 4
    5 → 7
    6 → 8
    7 → 2
    8 → 6

   Switch to Tournament 254 using subset [1, 4, 8]:
[0 1 1 0 0 0 0 0 1]
[0 0 1 1 0 0 0 1 0]
[0 0 0 0 1 1 1 0 1]
[1 0 1 0 1 0 0 1 1]
[1 1 0 0 0 1 1 0 1]
[1 1 0 1 0 0 0 0 0]
[1 1 0 1 0 1 0 0 0]
[1 0 1 0 1 1 1 0 1]
[0 1 0 0 0 1 1 0 0]
  Isomorphism mapping:
    0 → 3
    1 → 0
    2 → 2
    3 → 4
    4 → 7
    5 → 5
    6 → 6
    7 → 8
    8 → 1


### Charpoly Class 22 ###
Characteristic Polynomial: x^9 + 36*x^7 + 318*x^5 + 788*x^3 + 393*x
Number of tournaments: 1280
Tournaments 0 and 3 are NOT switching equivalent.
Tournaments 0 and 4 are NOT switching equivalent.
Tournaments 0 and 5 are NOT switching equivalent.
Tournaments 0 and 6 are NOT switching equivalent.
Tournaments 0 and 7 are NOT switching equivalent.
Tournaments 0 and 9 are NOT switching equivalent.
Tournaments 0 and 11 are NOT switching equivalent.
Tournaments 0 and 12 are NOT switching equivalent.
Tournaments 0 and 14 are NOT switching equivalent.
Tournaments 0 and 16 are NOT switching equivalent.
Tournaments 0 and 17 are NOT switching equivalent.
Tournaments 0 and 18 are NOT switching equivalent.
Tournaments 0 and 20 are NOT switching equivalent.
Tournaments 0 and 21 are NOT switching equivalent.
Tournaments 0 and 22 are NOT switching equivalent.
Tournaments 0 and 23 are NOT switching equivalent.
Tournaments 0 and 24 are NOT switching equivalent.
Tournaments 0 and 25 are NOT switching equivalent.
Tournaments 0 and 26 are NOT switching equivalent.
Tournaments 0 and 27 are NOT switching equivalent.
Tournaments 0 and 28 are NOT switching equivalent.
Tournaments 0 and 29 are NOT switching equivalent.
Tournaments 0 and 30 are NOT switching equivalent.
Tournaments 0 and 32 are NOT switching equivalent.
Tournaments 0 and 33 are NOT switching equivalent.
Tournaments 0 and 36 are NOT switching equivalent.
Tournaments 0 and 38 are NOT switching equivalent.
Tournaments 0 and 39 are NOT switching equivalent.
Tournaments 0 and 40 are NOT switching equivalent.
Tournaments 0 and 41 are NOT switching equivalent.
Tournaments 0 and 42 are NOT switching equivalent.
Tournaments 0 and 43 are NOT switching equivalent.
Tournaments 0 and 44 are NOT switching equivalent.
Tournaments 0 and 45 are NOT switching equivalent.
Tournaments 0 and 47 are NOT switching equivalent.
Tournaments 0 and 48 are NOT switching equivalent.
Tournaments 0 and 51 are NOT switching equivalent.
Tournaments 0 and 53 are NOT switching equivalent.
Tournaments 0 and 54 are NOT switching equivalent.
Tournaments 0 and 56 are NOT switching equivalent.
Tournaments 0 and 57 are NOT switching equivalent.
Tournaments 0 and 59 are NOT switching equivalent.
Tournaments 0 and 62 are NOT switching equivalent.
Tournaments 0 and 63 are NOT switching equivalent.
Tournaments 0 and 64 are NOT switching equivalent.
Tournaments 0 and 65 are NOT switching equivalent.
Tournaments 0 and 66 are NOT switching equivalent.
Tournaments 0 and 67 are NOT switching equivalent.
Tournaments 0 and 68 are NOT switching equivalent.
Tournaments 0 and 71 are NOT switching equivalent.
Tournaments 0 and 72 are NOT switching equivalent.
Tournaments 0 and 73 are NOT switching equivalent.
Tournaments 0 and 74 are NOT switching equivalent.
Tournaments 0 and 77 are NOT switching equivalent.
Tournaments 0 and 78 are NOT switching equivalent.
Tournaments 0 and 80 are NOT switching equivalent.
Tournaments 0 and 81 are NOT switching equivalent.
Tournaments 0 and 82 are NOT switching equivalent.
Tournaments 0 and 83 are NOT switching equivalent.
Tournaments 0 and 85 are NOT switching equivalent.
Tournaments 0 and 86 are NOT switching equivalent.
Tournaments 0 and 88 are NOT switching equivalent.
Tournaments 0 and 90 are NOT switching equivalent.
Tournaments 0 and 91 are NOT switching equivalent.
Tournaments 0 and 92 are NOT switching equivalent.
Tournaments 0 and 93 are NOT switching equivalent.
Tournaments 0 and 95 are NOT switching equivalent.
Tournaments 0 and 96 are NOT switching equivalent.
Tournaments 0 and 97 are NOT switching equivalent.
Tournaments 0 and 98 are NOT switching equivalent.
Tournaments 0 and 99 are NOT switching equivalent.
Tournaments 0 and 100 are NOT switching equivalent.
Tournaments 0 and 101 are NOT switching equivalent.
Tournaments 0 and 102 are NOT switching equivalent.
Tournaments 0 and 103 are NOT switching equivalent.
Tournaments 0 and 105 are NOT switching equivalent.
Tournaments 0 and 106 are NOT switching equivalent.
Tournaments 0 and 107 are NOT switching equivalent.
Tournaments 0 and 108 are NOT switching equivalent.
Tournaments 0 and 109 are NOT switching equivalent.
Tournaments 0 and 110 are NOT switching equivalent.
Tournaments 0 and 111 are NOT switching equivalent.
Tournaments 0 and 112 are NOT switching equivalent.
Tournaments 0 and 113 are NOT switching equivalent.
Tournaments 0 and 114 are NOT switching equivalent.
Tournaments 0 and 115 are NOT switching equivalent.
Tournaments 0 and 116 are NOT switching equivalent.
Tournaments 0 and 117 are NOT switching equivalent.
Tournaments 0 and 118 are NOT switching equivalent.
Tournaments 0 and 119 are NOT switching equivalent.
Tournaments 0 and 120 are NOT switching equivalent.
Tournaments 0 and 121 are NOT switching equivalent.
Tournaments 0 and 122 are NOT switching equivalent.
Tournaments 0 and 123 are NOT switching equivalent.
Tournaments 0 and 124 are NOT switching equivalent.
Tournaments 0 and 125 are NOT switching equivalent.
Tournaments 0 and 126 are NOT switching equivalent.
Tournaments 0 and 127 are NOT switching equivalent.
Tournaments 0 and 128 are NOT switching equivalent.
Tournaments 0 and 129 are NOT switching equivalent.
Tournaments 0 and 130 are NOT switching equivalent.
Tournaments 0 and 131 are NOT switching equivalent.
Tournaments 0 and 132 are NOT switching equivalent.
Tournaments 0 and 133 are NOT switching equivalent.
Tournaments 0 and 134 are NOT switching equivalent.
Tournaments 0 and 135 are NOT switching equivalent.
Tournaments 0 and 136 are NOT switching equivalent.
Tournaments 0 and 137 are NOT switching equivalent.
Tournaments 0 and 140 are NOT switching equivalent.
Tournaments 0 and 141 are NOT switching equivalent.
Tournaments 0 and 142 are NOT switching equivalent.
Tournaments 0 and 143 are NOT switching equivalent.
Tournaments 0 and 144 are NOT switching equivalent.
Tournaments 0 and 145 are NOT switching equivalent.
Tournaments 0 and 146 are NOT switching equivalent.
Tournaments 0 and 148 are NOT switching equivalent.
Tournaments 0 and 149 are NOT switching equivalent.
Tournaments 0 and 150 are NOT switching equivalent.
Tournaments 0 and 151 are NOT switching equivalent.
Tournaments 0 and 152 are NOT switching equivalent.
Tournaments 0 and 153 are NOT switching equivalent.
Tournaments 0 and 154 are NOT switching equivalent.
Tournaments 0 and 155 are NOT switching equivalent.
Tournaments 0 and 156 are NOT switching equivalent.
Tournaments 0 and 157 are NOT switching equivalent.
Tournaments 0 and 158 are NOT switching equivalent.
Tournaments 0 and 159 are NOT switching equivalent.
Tournaments 0 and 160 are NOT switching equivalent.
Tournaments 0 and 161 are NOT switching equivalent.
Tournaments 0 and 162 are NOT switching equivalent.
Tournaments 0 and 163 are NOT switching equivalent.
Tournaments 0 and 167 are NOT switching equivalent.
Tournaments 0 and 168 are NOT switching equivalent.
Tournaments 0 and 170 are NOT switching equivalent.
Tournaments 0 and 172 are NOT switching equivalent.
Tournaments 0 and 174 are NOT switching equivalent.
Tournaments 0 and 175 are NOT switching equivalent.
Tournaments 0 and 176 are NOT switching equivalent.
Tournaments 0 and 177 are NOT switching equivalent.
Tournaments 0 and 178 are NOT switching equivalent.
Tournaments 0 and 179 are NOT switching equivalent.
Tournaments 0 and 180 are NOT switching equivalent.
Tournaments 0 and 181 are NOT switching equivalent.
Tournaments 0 and 182 are NOT switching equivalent.
Tournaments 0 and 183 are NOT switching equivalent.
Tournaments 0 and 184 are NOT switching equivalent.
Tournaments 0 and 185 are NOT switching equivalent.
Tournaments 0 and 186 are NOT switching equivalent.
Tournaments 0 and 187 are NOT switching equivalent.
Tournaments 0 and 188 are NOT switching equivalent.
Tournaments 0 and 189 are NOT switching equivalent.
Tournaments 0 and 190 are NOT switching equivalent.
Tournaments 0 and 191 are NOT switching equivalent.
Tournaments 0 and 192 are NOT switching equivalent.
Tournaments 0 and 193 are NOT switching equivalent.
Tournaments 0 and 194 are NOT switching equivalent.
Tournaments 0 and 196 are NOT switching equivalent.
Tournaments 0 and 197 are NOT switching equivalent.
Tournaments 0 and 198 are NOT switching equivalent.
Tournaments 0 and 199 are NOT switching equivalent.
Tournaments 0 and 200 are NOT switching equivalent.
Tournaments 0 and 201 are NOT switching equivalent.
Tournaments 0 and 202 are NOT switching equivalent.
Tournaments 0 and 203 are NOT switching equivalent.
Tournaments 0 and 204 are NOT switching equivalent.
Tournaments 0 and 205 are NOT switching equivalent.
Tournaments 0 and 206 are NOT switching equivalent.
Tournaments 0 and 207 are NOT switching equivalent.
Tournaments 0 and 208 are NOT switching equivalent.
Tournaments 0 and 211 are NOT switching equivalent.
Tournaments 0 and 212 are NOT switching equivalent.
Tournaments 0 and 213 are NOT switching equivalent.
Tournaments 0 and 214 are NOT switching equivalent.
Tournaments 0 and 215 are NOT switching equivalent.
Tournaments 0 and 216 are NOT switching equivalent.
Tournaments 0 and 217 are NOT switching equivalent.
Tournaments 0 and 219 are NOT switching equivalent.
Tournaments 0 and 220 are NOT switching equivalent.
Tournaments 0 and 221 are NOT switching equivalent.
Tournaments 0 and 222 are NOT switching equivalent.
Tournaments 0 and 223 are NOT switching equivalent.
Tournaments 0 and 224 are NOT switching equivalent.
Tournaments 0 and 228 are NOT switching equivalent.
Tournaments 0 and 230 are NOT switching equivalent.
Tournaments 0 and 232 are NOT switching equivalent.
Tournaments 0 and 233 are NOT switching equivalent.
Tournaments 0 and 234 are NOT switching equivalent.
Tournaments 0 and 235 are NOT switching equivalent.
Tournaments 0 and 236 are NOT switching equivalent.
Tournaments 0 and 237 are NOT switching equivalent.
Tournaments 0 and 240 are NOT switching equivalent.
Tournaments 0 and 241 are NOT switching equivalent.
Tournaments 0 and 242 are NOT switching equivalent.
Tournaments 0 and 243 are NOT switching equivalent.
Tournaments 0 and 244 are NOT switching equivalent.
Tournaments 0 and 245 are NOT switching equivalent.
Tournaments 0 and 246 are NOT switching equivalent.
Tournaments 0 and 248 are NOT switching equivalent.
Tournaments 0 and 250 are NOT switching equivalent.
Tournaments 0 and 251 are NOT switching equivalent.
Tournaments 0 and 252 are NOT switching equivalent.
Tournaments 0 and 253 are NOT switching equivalent.
Tournaments 0 and 254 are NOT switching equivalent.
Tournaments 0 and 256 are NOT switching equivalent.
Tournaments 0 and 258 are NOT switching equivalent.
Tournaments 0 and 259 are NOT switching equivalent.
Tournaments 0 and 261 are NOT switching equivalent.
Tournaments 0 and 262 are NOT switching equivalent.
Tournaments 0 and 265 are NOT switching equivalent.
Tournaments 0 and 266 are NOT switching equivalent.
Tournaments 0 and 267 are NOT switching equivalent.
Tournaments 0 and 268 are NOT switching equivalent.
Tournaments 0 and 269 are NOT switching equivalent.
Tournaments 0 and 270 are NOT switching equivalent.
Tournaments 0 and 271 are NOT switching equivalent.
Tournaments 0 and 272 are NOT switching equivalent.
Tournaments 0 and 273 are NOT switching equivalent.
Tournaments 0 and 274 are NOT switching equivalent.
Tournaments 0 and 275 are NOT switching equivalent.
Tournaments 0 and 276 are NOT switching equivalent.
Tournaments 0 and 277 are NOT switching equivalent.
Tournaments 0 and 278 are NOT switching equivalent.
Tournaments 0 and 279 are NOT switching equivalent.
Tournaments 0 and 280 are NOT switching equivalent.
Tournaments 0 and 281 are NOT switching equivalent.
Tournaments 0 and 282 are NOT switching equivalent.
Tournaments 0 and 283 are NOT switching equivalent.
Tournaments 0 and 286 are NOT switching equivalent.
Tournaments 0 and 287 are NOT switching equivalent.
Tournaments 0 and 289 are NOT switching equivalent.
Tournaments 0 and 290 are NOT switching equivalent.
Tournaments 0 and 291 are NOT switching equivalent.
Tournaments 0 and 292 are NOT switching equivalent.
Tournaments 0 and 294 are NOT switching equivalent.
Tournaments 0 and 295 are NOT switching equivalent.
Tournaments 0 and 298 are NOT switching equivalent.
Tournaments 0 and 299 are NOT switching equivalent.
Tournaments 0 and 300 are NOT switching equivalent.
Tournaments 0 and 302 are NOT switching equivalent.
Tournaments 0 and 303 are NOT switching equivalent.
Tournaments 0 and 305 are NOT switching equivalent.
Tournaments 0 and 306 are NOT switching equivalent.
Tournaments 0 and 307 are NOT switching equivalent.
Tournaments 0 and 308 are NOT switching equivalent.
Tournaments 0 and 309 are NOT switching equivalent.
Tournaments 0 and 310 are NOT switching equivalent.
Tournaments 0 and 311 are NOT switching equivalent.
Tournaments 0 and 312 are NOT switching equivalent.
Tournaments 0 and 313 are NOT switching equivalent.
Tournaments 0 and 314 are NOT switching equivalent.
Tournaments 0 and 315 are NOT switching equivalent.
Tournaments 0 and 316 are NOT switching equivalent.
Tournaments 0 and 318 are NOT switching equivalent.
Tournaments 0 and 319 are NOT switching equivalent.
Tournaments 0 and 320 are NOT switching equivalent.
Tournaments 0 and 321 are NOT switching equivalent.
Tournaments 0 and 323 are NOT switching equivalent.
Tournaments 0 and 325 are NOT switching equivalent.
Tournaments 0 and 326 are NOT switching equivalent.
Tournaments 0 and 327 are NOT switching equivalent.
Tournaments 0 and 328 are NOT switching equivalent.
Tournaments 0 and 329 are NOT switching equivalent.
Tournaments 0 and 330 are NOT switching equivalent.
Tournaments 0 and 331 are NOT switching equivalent.
Tournaments 0 and 332 are NOT switching equivalent.
Tournaments 0 and 333 are NOT switching equivalent.
Tournaments 0 and 334 are NOT switching equivalent.
Tournaments 0 and 335 are NOT switching equivalent.
Tournaments 0 and 338 are NOT switching equivalent.
Tournaments 0 and 339 are NOT switching equivalent.
Tournaments 0 and 340 are NOT switching equivalent.
Tournaments 0 and 341 are NOT switching equivalent.
Tournaments 0 and 343 are NOT switching equivalent.
Tournaments 0 and 344 are NOT switching equivalent.
Tournaments 0 and 346 are NOT switching equivalent.
Tournaments 0 and 347 are NOT switching equivalent.
Tournaments 0 and 351 are NOT switching equivalent.
Tournaments 0 and 352 are NOT switching equivalent.
Tournaments 0 and 353 are NOT switching equivalent.
Tournaments 0 and 354 are NOT switching equivalent.
Tournaments 0 and 355 are NOT switching equivalent.
Tournaments 0 and 357 are NOT switching equivalent.
Tournaments 0 and 358 are NOT switching equivalent.
Tournaments 0 and 359 are NOT switching equivalent.
Tournaments 0 and 360 are NOT switching equivalent.
Tournaments 0 and 361 are NOT switching equivalent.
Tournaments 0 and 362 are NOT switching equivalent.
Tournaments 0 and 363 are NOT switching equivalent.
Tournaments 0 and 364 are NOT switching equivalent.
Tournaments 0 and 365 are NOT switching equivalent.
Tournaments 0 and 366 are NOT switching equivalent.
Tournaments 0 and 367 are NOT switching equivalent.
Tournaments 0 and 368 are NOT switching equivalent.
Tournaments 0 and 369 are NOT switching equivalent.
Tournaments 0 and 370 are NOT switching equivalent.
Tournaments 0 and 371 are NOT switching equivalent.
Tournaments 0 and 372 are NOT switching equivalent.
Tournaments 0 and 373 are NOT switching equivalent.
Tournaments 0 and 374 are NOT switching equivalent.
Tournaments 0 and 375 are NOT switching equivalent.
Tournaments 0 and 376 are NOT switching equivalent.
Tournaments 0 and 377 are NOT switching equivalent.
Tournaments 0 and 378 are NOT switching equivalent.
Tournaments 0 and 379 are NOT switching equivalent.
Tournaments 0 and 380 are NOT switching equivalent.
Tournaments 0 and 382 are NOT switching equivalent.
Tournaments 0 and 384 are NOT switching equivalent.
Tournaments 0 and 385 are NOT switching equivalent.
Tournaments 0 and 386 are NOT switching equivalent.
Tournaments 0 and 387 are NOT switching equivalent.
Tournaments 0 and 388 are NOT switching equivalent.
Tournaments 0 and 390 are NOT switching equivalent.
Tournaments 0 and 391 are NOT switching equivalent.
Tournaments 0 and 392 are NOT switching equivalent.
Tournaments 0 and 393 are NOT switching equivalent.
Tournaments 0 and 394 are NOT switching equivalent.
Tournaments 0 and 395 are NOT switching equivalent.
Tournaments 0 and 396 are NOT switching equivalent.
Tournaments 0 and 397 are NOT switching equivalent.
Tournaments 0 and 398 are NOT switching equivalent.
Tournaments 0 and 399 are NOT switching equivalent.
Tournaments 0 and 400 are NOT switching equivalent.
Tournaments 0 and 401 are NOT switching equivalent.
Tournaments 0 and 402 are NOT switching equivalent.
Tournaments 0 and 403 are NOT switching equivalent.
Tournaments 0 and 404 are NOT switching equivalent.
Tournaments 0 and 407 are NOT switching equivalent.
Tournaments 0 and 408 are NOT switching equivalent.
Tournaments 0 and 409 are NOT switching equivalent.
Tournaments 0 and 410 are NOT switching equivalent.
Tournaments 0 and 411 are NOT switching equivalent.
Tournaments 0 and 412 are NOT switching equivalent.
Tournaments 0 and 413 are NOT switching equivalent.
Tournaments 0 and 414 are NOT switching equivalent.
Tournaments 0 and 415 are NOT switching equivalent.
Tournaments 0 and 416 are NOT switching equivalent.
Tournaments 0 and 417 are NOT switching equivalent.
Tournaments 0 and 418 are NOT switching equivalent.
Tournaments 0 and 419 are NOT switching equivalent.
Tournaments 0 and 420 are NOT switching equivalent.
Tournaments 0 and 421 are NOT switching equivalent.
Tournaments 0 and 423 are NOT switching equivalent.
Tournaments 0 and 424 are NOT switching equivalent.
Tournaments 0 and 425 are NOT switching equivalent.
Tournaments 0 and 426 are NOT switching equivalent.
Tournaments 0 and 428 are NOT switching equivalent.
Tournaments 0 and 429 are NOT switching equivalent.
Tournaments 0 and 432 are NOT switching equivalent.
Tournaments 0 and 433 are NOT switching equivalent.
Tournaments 0 and 434 are NOT switching equivalent.
Tournaments 0 and 436 are NOT switching equivalent.
Tournaments 0 and 437 are NOT switching equivalent.
Tournaments 0 and 438 are NOT switching equivalent.
Tournaments 0 and 439 are NOT switching equivalent.
Tournaments 0 and 440 are NOT switching equivalent.
Tournaments 0 and 441 are NOT switching equivalent.
Tournaments 0 and 442 are NOT switching equivalent.
Tournaments 0 and 443 are NOT switching equivalent.
Tournaments 0 and 444 are NOT switching equivalent.
Tournaments 0 and 445 are NOT switching equivalent.
Tournaments 0 and 446 are NOT switching equivalent.
Tournaments 0 and 447 are NOT switching equivalent.
Tournaments 0 and 448 are NOT switching equivalent.
Tournaments 0 and 449 are NOT switching equivalent.
Tournaments 0 and 450 are NOT switching equivalent.
Tournaments 0 and 451 are NOT switching equivalent.
Tournaments 0 and 452 are NOT switching equivalent.
Tournaments 0 and 453 are NOT switching equivalent.
Tournaments 0 and 454 are NOT switching equivalent.
Tournaments 0 and 455 are NOT switching equivalent.
Tournaments 0 and 456 are NOT switching equivalent.
Tournaments 0 and 458 are NOT switching equivalent.
Tournaments 0 and 459 are NOT switching equivalent.
Tournaments 0 and 460 are NOT switching equivalent.
Tournaments 0 and 461 are NOT switching equivalent.
Tournaments 0 and 462 are NOT switching equivalent.
Tournaments 0 and 463 are NOT switching equivalent.
Tournaments 0 and 464 are NOT switching equivalent.
Tournaments 0 and 465 are NOT switching equivalent.
Tournaments 0 and 466 are NOT switching equivalent.
Tournaments 0 and 467 are NOT switching equivalent.
Tournaments 0 and 468 are NOT switching equivalent.
Tournaments 0 and 469 are NOT switching equivalent.
Tournaments 0 and 470 are NOT switching equivalent.
Tournaments 0 and 472 are NOT switching equivalent.
Tournaments 0 and 473 are NOT switching equivalent.
Tournaments 0 and 474 are NOT switching equivalent.
Tournaments 0 and 475 are NOT switching equivalent.
Tournaments 0 and 476 are NOT switching equivalent.
Tournaments 0 and 478 are NOT switching equivalent.
Tournaments 0 and 479 are NOT switching equivalent.
Tournaments 0 and 480 are NOT switching equivalent.
Tournaments 0 and 482 are NOT switching equivalent.
Tournaments 0 and 483 are NOT switching equivalent.
Tournaments 0 and 484 are NOT switching equivalent.
Tournaments 0 and 485 are NOT switching equivalent.
Tournaments 0 and 486 are NOT switching equivalent.
Tournaments 0 and 487 are NOT switching equivalent.
Tournaments 0 and 488 are NOT switching equivalent.
Tournaments 0 and 489 are NOT switching equivalent.
Tournaments 0 and 490 are NOT switching equivalent.
Tournaments 0 and 491 are NOT switching equivalent.
Tournaments 0 and 492 are NOT switching equivalent.
Tournaments 0 and 493 are NOT switching equivalent.
Tournaments 0 and 494 are NOT switching equivalent.
Tournaments 0 and 495 are NOT switching equivalent.
Tournaments 0 and 496 are NOT switching equivalent.
Tournaments 0 and 497 are NOT switching equivalent.
Tournaments 0 and 498 are NOT switching equivalent.
Tournaments 0 and 500 are NOT switching equivalent.
Tournaments 0 and 502 are NOT switching equivalent.
Tournaments 0 and 503 are NOT switching equivalent.
Tournaments 0 and 505 are NOT switching equivalent.
Tournaments 0 and 507 are NOT switching equivalent.
Tournaments 0 and 509 are NOT switching equivalent.
Tournaments 0 and 511 are NOT switching equivalent.
Tournaments 0 and 512 are NOT switching equivalent.
Tournaments 0 and 513 are NOT switching equivalent.
Tournaments 0 and 514 are NOT switching equivalent.
Tournaments 0 and 515 are NOT switching equivalent.
Tournaments 0 and 516 are NOT switching equivalent.
Tournaments 0 and 517 are NOT switching equivalent.
Tournaments 0 and 518 are NOT switching equivalent.
Tournaments 0 and 519 are NOT switching equivalent.
Tournaments 0 and 520 are NOT switching equivalent.
Tournaments 0 and 521 are NOT switching equivalent.
Tournaments 0 and 522 are NOT switching equivalent.
Tournaments 0 and 527 are NOT switching equivalent.
Tournaments 0 and 528 are NOT switching equivalent.
Tournaments 0 and 529 are NOT switching equivalent.
Tournaments 0 and 530 are NOT switching equivalent.
Tournaments 0 and 531 are NOT switching equivalent.
Tournaments 0 and 532 are NOT switching equivalent.
Tournaments 0 and 533 are NOT switching equivalent.
Tournaments 0 and 534 are NOT switching equivalent.
Tournaments 0 and 535 are NOT switching equivalent.
Tournaments 0 and 538 are NOT switching equivalent.
Tournaments 0 and 542 are NOT switching equivalent.
Tournaments 0 and 543 are NOT switching equivalent.
Tournaments 0 and 544 are NOT switching equivalent.
Tournaments 0 and 545 are NOT switching equivalent.
Tournaments 0 and 548 are NOT switching equivalent.
Tournaments 0 and 549 are NOT switching equivalent.
Tournaments 0 and 550 are NOT switching equivalent.
Tournaments 0 and 552 are NOT switching equivalent.
Tournaments 0 and 553 are NOT switching equivalent.
Tournaments 0 and 554 are NOT switching equivalent.
Tournaments 0 and 555 are NOT switching equivalent.
Tournaments 0 and 556 are NOT switching equivalent.
Tournaments 0 and 561 are NOT switching equivalent.
Tournaments 0 and 562 are NOT switching equivalent.
Tournaments 0 and 563 are NOT switching equivalent.
Tournaments 0 and 564 are NOT switching equivalent.
Tournaments 0 and 565 are NOT switching equivalent.
Tournaments 0 and 567 are NOT switching equivalent.
Tournaments 0 and 568 are NOT switching equivalent.
Tournaments 0 and 569 are NOT switching equivalent.
Tournaments 0 and 570 are NOT switching equivalent.
Tournaments 0 and 571 are NOT switching equivalent.
Tournaments 0 and 572 are NOT switching equivalent.
Tournaments 0 and 573 are NOT switching equivalent.
Tournaments 0 and 574 are NOT switching equivalent.
Tournaments 0 and 575 are NOT switching equivalent.
Tournaments 0 and 576 are NOT switching equivalent.
Tournaments 0 and 577 are NOT switching equivalent.
Tournaments 0 and 578 are NOT switching equivalent.
Tournaments 0 and 579 are NOT switching equivalent.
Tournaments 0 and 580 are NOT switching equivalent.
Tournaments 0 and 581 are NOT switching equivalent.
Tournaments 0 and 582 are NOT switching equivalent.
Tournaments 0 and 583 are NOT switching equivalent.
Tournaments 0 and 584 are NOT switching equivalent.
Tournaments 0 and 585 are NOT switching equivalent.
Tournaments 0 and 586 are NOT switching equivalent.
Tournaments 0 and 587 are NOT switching equivalent.
Tournaments 0 and 588 are NOT switching equivalent.
Tournaments 0 and 589 are NOT switching equivalent.
Tournaments 0 and 590 are NOT switching equivalent.
Tournaments 0 and 591 are NOT switching equivalent.
Tournaments 0 and 592 are NOT switching equivalent.
Tournaments 0 and 593 are NOT switching equivalent.
Tournaments 0 and 595 are NOT switching equivalent.
Tournaments 0 and 596 are NOT switching equivalent.
Tournaments 0 and 598 are NOT switching equivalent.
Tournaments 0 and 599 are NOT switching equivalent.
Tournaments 0 and 600 are NOT switching equivalent.
Tournaments 0 and 601 are NOT switching equivalent.
Tournaments 0 and 602 are NOT switching equivalent.
Tournaments 0 and 603 are NOT switching equivalent.
Tournaments 0 and 604 are NOT switching equivalent.
Tournaments 0 and 605 are NOT switching equivalent.
Tournaments 0 and 606 are NOT switching equivalent.
Tournaments 0 and 607 are NOT switching equivalent.
Tournaments 0 and 608 are NOT switching equivalent.
Tournaments 0 and 609 are NOT switching equivalent.
Tournaments 0 and 610 are NOT switching equivalent.
Tournaments 0 and 611 are NOT switching equivalent.
Tournaments 0 and 612 are NOT switching equivalent.
Tournaments 0 and 615 are NOT switching equivalent.
Tournaments 0 and 616 are NOT switching equivalent.
Tournaments 0 and 619 are NOT switching equivalent.
Tournaments 0 and 620 are NOT switching equivalent.
Tournaments 0 and 622 are NOT switching equivalent.
Tournaments 0 and 623 are NOT switching equivalent.
Tournaments 0 and 624 are NOT switching equivalent.
Tournaments 0 and 625 are NOT switching equivalent.
Tournaments 0 and 626 are NOT switching equivalent.
Tournaments 0 and 627 are NOT switching equivalent.
Tournaments 0 and 628 are NOT switching equivalent.
Tournaments 0 and 629 are NOT switching equivalent.
Tournaments 0 and 630 are NOT switching equivalent.
Tournaments 0 and 631 are NOT switching equivalent.
Tournaments 0 and 632 are NOT switching equivalent.
Tournaments 0 and 633 are NOT switching equivalent.
Tournaments 0 and 634 are NOT switching equivalent.
Tournaments 0 and 635 are NOT switching equivalent.
Tournaments 0 and 636 are NOT switching equivalent.
Tournaments 0 and 637 are NOT switching equivalent.
Tournaments 0 and 638 are NOT switching equivalent.
Tournaments 0 and 639 are NOT switching equivalent.
Tournaments 0 and 640 are NOT switching equivalent.
Tournaments 0 and 641 are NOT switching equivalent.
Tournaments 0 and 642 are NOT switching equivalent.
Tournaments 0 and 643 are NOT switching equivalent.
Tournaments 0 and 648 are NOT switching equivalent.
Tournaments 0 and 649 are NOT switching equivalent.
Tournaments 0 and 650 are NOT switching equivalent.
Tournaments 0 and 651 are NOT switching equivalent.
Tournaments 0 and 652 are NOT switching equivalent.
Tournaments 0 and 653 are NOT switching equivalent.
Tournaments 0 and 654 are NOT switching equivalent.
Tournaments 0 and 655 are NOT switching equivalent.
Tournaments 0 and 656 are NOT switching equivalent.
Tournaments 0 and 657 are NOT switching equivalent.
Tournaments 0 and 658 are NOT switching equivalent.
Tournaments 0 and 660 are NOT switching equivalent.
Tournaments 0 and 661 are NOT switching equivalent.
Tournaments 0 and 662 are NOT switching equivalent.
Tournaments 0 and 663 are NOT switching equivalent.
Tournaments 0 and 665 are NOT switching equivalent.
Tournaments 0 and 667 are NOT switching equivalent.
Tournaments 0 and 668 are NOT switching equivalent.
Tournaments 0 and 669 are NOT switching equivalent.
Tournaments 0 and 670 are NOT switching equivalent.
Tournaments 0 and 671 are NOT switching equivalent.
Tournaments 0 and 672 are NOT switching equivalent.
Tournaments 0 and 675 are NOT switching equivalent.
Tournaments 0 and 676 are NOT switching equivalent.
Tournaments 0 and 678 are NOT switching equivalent.
Tournaments 0 and 679 are NOT switching equivalent.
Tournaments 0 and 680 are NOT switching equivalent.
Tournaments 0 and 681 are NOT switching equivalent.
Tournaments 0 and 682 are NOT switching equivalent.
Tournaments 0 and 683 are NOT switching equivalent.
Tournaments 0 and 684 are NOT switching equivalent.
Tournaments 0 and 685 are NOT switching equivalent.
Tournaments 0 and 686 are NOT switching equivalent.
Tournaments 0 and 687 are NOT switching equivalent.
Tournaments 0 and 689 are NOT switching equivalent.
Tournaments 0 and 690 are NOT switching equivalent.
Tournaments 0 and 691 are NOT switching equivalent.
Tournaments 0 and 692 are NOT switching equivalent.
Tournaments 0 and 693 are NOT switching equivalent.
Tournaments 0 and 695 are NOT switching equivalent.
Tournaments 0 and 696 are NOT switching equivalent.
Tournaments 0 and 697 are NOT switching equivalent.
Tournaments 0 and 698 are NOT switching equivalent.
Tournaments 0 and 699 are NOT switching equivalent.
Tournaments 0 and 700 are NOT switching equivalent.
Tournaments 0 and 701 are NOT switching equivalent.
Tournaments 0 and 702 are NOT switching equivalent.
Tournaments 0 and 703 are NOT switching equivalent.
Tournaments 0 and 704 are NOT switching equivalent.
Tournaments 0 and 705 are NOT switching equivalent.
Tournaments 0 and 706 are NOT switching equivalent.
Tournaments 0 and 707 are NOT switching equivalent.
Tournaments 0 and 708 are NOT switching equivalent.
Tournaments 0 and 709 are NOT switching equivalent.
Tournaments 0 and 710 are NOT switching equivalent.
Tournaments 0 and 711 are NOT switching equivalent.
Tournaments 0 and 712 are NOT switching equivalent.
Tournaments 0 and 713 are NOT switching equivalent.
Tournaments 0 and 715 are NOT switching equivalent.
Tournaments 0 and 716 are NOT switching equivalent.
Tournaments 0 and 717 are NOT switching equivalent.
Tournaments 0 and 719 are NOT switching equivalent.
Tournaments 0 and 720 are NOT switching equivalent.
Tournaments 0 and 722 are NOT switching equivalent.
Tournaments 0 and 723 are NOT switching equivalent.
Tournaments 0 and 724 are NOT switching equivalent.
Tournaments 0 and 725 are NOT switching equivalent.
Tournaments 0 and 726 are NOT switching equivalent.
Tournaments 0 and 727 are NOT switching equivalent.
Tournaments 0 and 728 are NOT switching equivalent.
Tournaments 0 and 729 are NOT switching equivalent.
Tournaments 0 and 730 are NOT switching equivalent.
Tournaments 0 and 731 are NOT switching equivalent.
Tournaments 0 and 732 are NOT switching equivalent.
Tournaments 0 and 734 are NOT switching equivalent.
Tournaments 0 and 735 are NOT switching equivalent.
Tournaments 0 and 737 are NOT switching equivalent.
Tournaments 0 and 738 are NOT switching equivalent.
Tournaments 0 and 739 are NOT switching equivalent.
Tournaments 0 and 743 are NOT switching equivalent.
Tournaments 0 and 744 are NOT switching equivalent.
Tournaments 0 and 745 are NOT switching equivalent.
Tournaments 0 and 747 are NOT switching equivalent.
Tournaments 0 and 748 are NOT switching equivalent.
Tournaments 0 and 749 are NOT switching equivalent.
Tournaments 0 and 751 are NOT switching equivalent.
Tournaments 0 and 752 are NOT switching equivalent.
Tournaments 0 and 753 are NOT switching equivalent.
Tournaments 0 and 755 are NOT switching equivalent.
Tournaments 0 and 756 are NOT switching equivalent.
Tournaments 0 and 758 are NOT switching equivalent.
Tournaments 0 and 759 are NOT switching equivalent.
Tournaments 0 and 760 are NOT switching equivalent.
Tournaments 0 and 761 are NOT switching equivalent.
Tournaments 0 and 762 are NOT switching equivalent.
Tournaments 0 and 763 are NOT switching equivalent.
Tournaments 0 and 766 are NOT switching equivalent.
Tournaments 0 and 769 are NOT switching equivalent.
Tournaments 0 and 770 are NOT switching equivalent.
Tournaments 0 and 771 are NOT switching equivalent.
Tournaments 0 and 774 are NOT switching equivalent.
Tournaments 0 and 776 are NOT switching equivalent.
Tournaments 0 and 777 are NOT switching equivalent.
Tournaments 0 and 778 are NOT switching equivalent.
Tournaments 0 and 779 are NOT switching equivalent.
Tournaments 0 and 782 are NOT switching equivalent.
Tournaments 0 and 783 are NOT switching equivalent.
Tournaments 0 and 784 are NOT switching equivalent.
Tournaments 0 and 785 are NOT switching equivalent.
Tournaments 0 and 786 are NOT switching equivalent.
Tournaments 0 and 787 are NOT switching equivalent.
Tournaments 0 and 788 are NOT switching equivalent.
Tournaments 0 and 789 are NOT switching equivalent.
Tournaments 0 and 790 are NOT switching equivalent.
Tournaments 0 and 792 are NOT switching equivalent.
Tournaments 0 and 793 are NOT switching equivalent.
Tournaments 0 and 795 are NOT switching equivalent.
Tournaments 0 and 796 are NOT switching equivalent.
Tournaments 0 and 797 are NOT switching equivalent.
Tournaments 0 and 798 are NOT switching equivalent.
Tournaments 0 and 799 are NOT switching equivalent.
Tournaments 0 and 800 are NOT switching equivalent.
Tournaments 0 and 802 are NOT switching equivalent.
Tournaments 0 and 803 are NOT switching equivalent.
Tournaments 0 and 804 are NOT switching equivalent.
Tournaments 0 and 806 are NOT switching equivalent.
Tournaments 0 and 808 are NOT switching equivalent.
Tournaments 0 and 809 are NOT switching equivalent.
Tournaments 0 and 810 are NOT switching equivalent.
Tournaments 0 and 811 are NOT switching equivalent.
Tournaments 0 and 813 are NOT switching equivalent.
Tournaments 0 and 814 are NOT switching equivalent.
Tournaments 0 and 815 are NOT switching equivalent.
Tournaments 0 and 816 are NOT switching equivalent.
Tournaments 0 and 817 are NOT switching equivalent.
Tournaments 0 and 818 are NOT switching equivalent.
Tournaments 0 and 819 are NOT switching equivalent.
Tournaments 0 and 820 are NOT switching equivalent.
Tournaments 0 and 821 are NOT switching equivalent.
Tournaments 0 and 822 are NOT switching equivalent.
Tournaments 0 and 823 are NOT switching equivalent.
Tournaments 0 and 825 are NOT switching equivalent.
Tournaments 0 and 827 are NOT switching equivalent.
Tournaments 0 and 828 are NOT switching equivalent.
Tournaments 0 and 829 are NOT switching equivalent.
Tournaments 0 and 830 are NOT switching equivalent.
Tournaments 0 and 832 are NOT switching equivalent.
Tournaments 0 and 833 are NOT switching equivalent.
Tournaments 0 and 834 are NOT switching equivalent.
Tournaments 0 and 837 are NOT switching equivalent.
Tournaments 0 and 838 are NOT switching equivalent.
Tournaments 0 and 839 are NOT switching equivalent.
Tournaments 0 and 840 are NOT switching equivalent.
Tournaments 0 and 841 are NOT switching equivalent.
Tournaments 0 and 843 are NOT switching equivalent.
Tournaments 0 and 846 are NOT switching equivalent.
Tournaments 0 and 849 are NOT switching equivalent.
Tournaments 0 and 852 are NOT switching equivalent.
Tournaments 0 and 853 are NOT switching equivalent.
Tournaments 0 and 854 are NOT switching equivalent.
Tournaments 0 and 855 are NOT switching equivalent.
Tournaments 0 and 856 are NOT switching equivalent.
Tournaments 0 and 857 are NOT switching equivalent.
Tournaments 0 and 858 are NOT switching equivalent.
Tournaments 0 and 859 are NOT switching equivalent.
Tournaments 0 and 860 are NOT switching equivalent.
Tournaments 0 and 861 are NOT switching equivalent.
Tournaments 0 and 862 are NOT switching equivalent.
Tournaments 0 and 863 are NOT switching equivalent.
Tournaments 0 and 864 are NOT switching equivalent.
Tournaments 0 and 865 are NOT switching equivalent.
Tournaments 0 and 868 are NOT switching equivalent.
Tournaments 0 and 869 are NOT switching equivalent.
Tournaments 0 and 870 are NOT switching equivalent.
Tournaments 0 and 871 are NOT switching equivalent.
Tournaments 0 and 872 are NOT switching equivalent.
Tournaments 0 and 873 are NOT switching equivalent.
Tournaments 0 and 874 are NOT switching equivalent.
Tournaments 0 and 875 are NOT switching equivalent.
Tournaments 0 and 876 are NOT switching equivalent.
Tournaments 0 and 877 are NOT switching equivalent.
Tournaments 0 and 878 are NOT switching equivalent.
Tournaments 0 and 879 are NOT switching equivalent.
Tournaments 0 and 880 are NOT switching equivalent.
Tournaments 0 and 881 are NOT switching equivalent.
Tournaments 0 and 882 are NOT switching equivalent.
Tournaments 0 and 883 are NOT switching equivalent.
Tournaments 0 and 884 are NOT switching equivalent.
Tournaments 0 and 885 are NOT switching equivalent.
Tournaments 0 and 886 are NOT switching equivalent.
Tournaments 0 and 887 are NOT switching equivalent.
Tournaments 0 and 888 are NOT switching equivalent.
Tournaments 0 and 889 are NOT switching equivalent.
Tournaments 0 and 891 are NOT switching equivalent.
Tournaments 0 and 892 are NOT switching equivalent.
Tournaments 0 and 893 are NOT switching equivalent.
Tournaments 0 and 894 are NOT switching equivalent.
Tournaments 0 and 896 are NOT switching equivalent.
Tournaments 0 and 897 are NOT switching equivalent.
Tournaments 0 and 899 are NOT switching equivalent.
Tournaments 0 and 902 are NOT switching equivalent.
Tournaments 0 and 903 are NOT switching equivalent.
Tournaments 0 and 904 are NOT switching equivalent.
Tournaments 0 and 906 are NOT switching equivalent.
Tournaments 0 and 907 are NOT switching equivalent.
Tournaments 0 and 908 are NOT switching equivalent.
Tournaments 0 and 909 are NOT switching equivalent.
Tournaments 0 and 911 are NOT switching equivalent.
Tournaments 0 and 912 are NOT switching equivalent.
Tournaments 0 and 913 are NOT switching equivalent.
Tournaments 0 and 914 are NOT switching equivalent.
